architecture,source,matched_queries,repo_id,full_name,name,description,topics,stars,forks,watchers,open_issues,language,created_iso,updated_iso,url
VIPER,repo_search,VIPER,748365070,felilo/SUICoordinator,SUICoordinator,"Navigation coordinators for SWiftUI. Simple, powerful and elegant.","architecture-components,composition-root,coordinator-pattern,mvvm,mvvm-c,navigation-stack,swift,swiftui,tca,viper",137,9,137,0,Swift,2024-01-25T20:23:24Z,2026-05-02T21:37:34Z,https://github.com/felilo/SUICoordinator
VIPER,repo_search,VIPER,703133695,maukur/SwiftUI-Viper-Architecture,SwiftUI-Viper-Architecture,SwiftUI Viper (Without UIKit) Project template + example,"swift,swiftui,viper,viper-architecture,viper-swift,viper-template,xctemplate",114,7,114,0,Swift,2023-10-10T16:53:57Z,2026-04-10T21:25:37Z,https://github.com/maukur/SwiftUI-Viper-Architecture
VIPER,repo_search,VIPER,891619188,SwiftfulThinking/SwiftfulStarterProject,SwiftfulStarterProject,Starter project for VIPER/RIBs in SwiftUI,,71,16,71,0,Swift,2024-11-20T16:46:35Z,2026-04-25T22:42:55Z,https://github.com/SwiftfulThinking/SwiftfulStarterProject
VIPER,repo_search,VIPER,275527045,tirtavium/SwiftUI-Combine-CleanMVVM,SwiftUI-Combine-CleanMVVM,,"architecture,clean,clean-architecture,clean-code,combine,ios,mvvm-architecture,mvvm-pattern,note-app,swift,swiftui,unittest,vip,viper,viper-architecture,xcode",24,5,24,0,Swift,2020-06-28T07:01:25Z,2025-10-13T11:19:03Z,https://github.com/tirtavium/SwiftUI-Combine-CleanMVVM
VIPER,repo_search,VIPER,266124441,SatoTakeshiX/SwiftUI-VIPER-Architecture-Pattern,SwiftUI-VIPER-Architecture-Pattern,SwiftUI-Coodinat-Pattern,,22,3,22,0,Swift,2020-05-22T14:01:12Z,2025-11-19T03:46:46Z,https://github.com/SatoTakeshiX/SwiftUI-VIPER-Architecture-Pattern
VIPER,repo_search,VIPER,767625483,spoqa/CleanSwift-CIS,CleanSwift-CIS,"The CIS pattern is an improvement on the Clean Swift architecture, aligned with advanced technologies and paradigms. It assists in the stable development of iOS and Mac applications.","cis,clean-architecture,clean-swift,clean-swift-architecture,swiftui,uikit,vip,viper",15,2,15,0,Swift,2024-03-05T16:23:36Z,2025-07-15T04:19:39Z,https://github.com/spoqa/CleanSwift-CIS
VIPER,repo_search,VIPER,582369112,bryanless/Yume-Swift,Yume-Swift,"Discover anime anytime, anywhere. An anime list iOS application with VIPER clean architecture, modularization, and localization.","anime,clean-architecture,combine,continuous-integration,ios,localisation,localization,modularization,swift,swift-package-manager,swiftui",14,2,14,0,Swift,2022-12-26T15:54:48Z,2025-03-30T05:58:39Z,https://github.com/bryanless/Yume-Swift
VIPER,repo_search,VIPER,219334746,SebastianBoldt/VIPER-SwiftUI-Xcode-Template,VIPER-SwiftUI-Xcode-Template,🐍VIPER + SwiftUI (Xcode Template),,12,0,12,0,Swift,2019-11-03T16:59:16Z,2022-05-05T10:42:46Z,https://github.com/SebastianBoldt/VIPER-SwiftUI-Xcode-Template
VIPER,repo_search,VIPER,608874236,felilo/ALCoordinator,ALCoordinator,"Coordinators either UIKit or SWiftUI. Simple, powerful and elegant.","coordinator-pattern,mvvm,mvvm-c,navigation-stack,swift,swiftui,viper",12,0,12,0,Swift,2023-03-02T23:00:53Z,2025-03-15T10:47:32Z,https://github.com/felilo/ALCoordinator
VIPER,repo_search,VIPER,352406845,agustiyann/Pokedex,Pokedex,:cyclone: Demo application base on VIPER and Clean arch.,"appstorage,combine,pokedex,pokedex-application,swiftui,userdefaults,viper,viper-architecture,viper-template",10,0,10,0,Swift,2021-03-28T18:27:51Z,2025-01-20T19:20:06Z,https://github.com/agustiyann/Pokedex
VIPER,repo_search,VIPER,705371640,maukur/SwiftUI-Viper-Example,SwiftUI-Viper-Example,,,7,0,7,0,Swift,2023-10-15T20:29:36Z,2026-01-16T21:23:03Z,https://github.com/maukur/SwiftUI-Viper-Example
VIPER,repo_search,VIPER,290529051,chathil/gamebook-ios,gamebook-ios,A game catalog app builds with SwiftUI. Data provided by https://api.rawg.io/,"cleanse,gamebook,ios,ios-swift,modularization,rawg-api,swift,swiftui,swiftui-example,swiftui-learning,viper,viper-architecture",7,1,7,6,Swift,2020-08-26T15:06:56Z,2024-06-14T14:02:28Z,https://github.com/chathil/gamebook-ios
VIPER,repo_search,VIPER,588819018,babulnet/CurrencyConverter,CurrencyConverter,Currency conversion app in swift UI using VIPER by creating generic views which are independent of the context ,"coredata-swift,currency-converter,ios,ios-currencies,reusable-view,swiftui,unittesting,viper-swift,viper-swiftui",6,1,6,0,Swift,2023-01-14T05:31:01Z,2024-10-30T20:59:28Z,https://github.com/babulnet/CurrencyConverter
VIPER,repo_search,VIPER,263714893,iAcisclo/VIPER_SwiftUI,VIPER_SwiftUI,SwiftUI and VIPER,,5,3,5,0,Swift,2020-05-13T18:42:17Z,2023-03-06T20:39:57Z,https://github.com/iAcisclo/VIPER_SwiftUI
VIPER,repo_search,VIPER,874216037,fumiyasac/SimpleObservationViperExample,SimpleObservationViperExample,[ING] - SwiftUI + VIPER + Observationを組み合わせた実装サンプル,"ios,ios-app-development,observation,swift,swiftui,viper-architecture",5,0,5,0,Swift,2024-10-17T12:54:08Z,2025-08-15T18:44:07Z,https://github.com/fumiyasac/SimpleObservationViperExample
VIPER,repo_search,VIPER,448319527,hamadayuuki/practice-iOS-architectures,practice-iOS-architectures,TCA,"ios,layered-architecture,mvc,mvvm,swift,swiftui,tca,viper",5,0,5,0,Swift,2022-01-15T15:44:50Z,2025-04-24T00:04:54Z,https://github.com/hamadayuuki/practice-iOS-architectures
VIPER,repo_search,VIPER,430139344,mrandika/ios-cinewatch,ios-cinewatch,"Submisi Final Dicoding untuk kelas ""Menjadi iOS Developer Expert""","clean-architecture,continuous-integration,dependency-injection,dicoding,ios,modularization,swiftui,tmdb-api,viper",5,1,5,0,Swift,2021-11-20T15:30:00Z,2026-02-18T02:50:03Z,https://github.com/mrandika/ios-cinewatch
VIPER,repo_search,VIPER,1130695326,angelosstampoulisgithub/SwiftUIViper,SwiftUIViper,I made this simple iOS app to show how you can use VIPER in SwiftUI,,3,0,3,0,Swift,2026-01-08T21:54:22Z,2026-01-20T21:31:40Z,https://github.com/angelosstampoulisgithub/SwiftUIViper
VIPER,repo_search,VIPER,712081628,sulekaptan/iOS17-Swift5-course-apps,iOS17-Swift5-course-apps,"My notes and practices about iOS development. Subjects such core data, maps, protocol oriented programming, dark mode, Face ID, API & JSON, firebase, machine learning, sprite kit, ARKit, protocol & delegate, closure, SwiftUI, RxSwift, MVVM Architecture, VIPER, WidgetKit, AppStorage, threading, async await...",,3,0,3,0,Swift,2023-10-30T18:51:38Z,2026-02-01T11:09:55Z,https://github.com/sulekaptan/iOS17-Swift5-course-apps
VIPER,repo_search,VIPER,212785392,charlieInDen/Chat-SwiftUI-Viper,Chat-SwiftUI-Viper,"This is a demo application which uses latest SwiftUI, Combine framework with VIPER Architecture.",,2,2,2,0,Swift,2019-10-04T10:01:13Z,2025-10-13T11:18:53Z,https://github.com/charlieInDen/Chat-SwiftUI-Viper
VIPER,repo_search,VIPER,266421531,dtroupe18/VIPER-SwiftUI,VIPER-SwiftUI,Getting Started with the VIPER Architecture Pattern in SwiftUI,"ray-wenderlich-tutorial,swift5,swiftui,swiftui-learning,viper-architecture,viper-swift",2,0,2,0,Swift,2020-05-23T21:21:11Z,2023-11-28T10:42:34Z,https://github.com/dtroupe18/VIPER-SwiftUI
VIPER,repo_search,VIPER,605598939,quanticheart/ios-di-swinject,ios-di-swinject,"Simple project with viper, swinject and swiftui","ios-swift,swift,swiftui,swinject,viper,viper-architecture,viper-ios",2,0,2,0,Swift,2023-02-23T13:58:16Z,2024-09-29T01:20:03Z,https://github.com/quanticheart/ios-di-swinject
VIPER,repo_search,VIPER,278582648,muhrifqii/t-dota-ios,t-dota-ios,swiftui demo iOS app using viper architecture,"coredata,hacktoberfest,ios-app,opendota-api,swiftui,swiftui-demo,swiftui-example,swiftui-learning,swiftui-lists,viper-architecture",2,0,2,0,Swift,2020-07-10T08:37:40Z,2023-02-02T12:28:56Z,https://github.com/muhrifqii/t-dota-ios
VIPER,repo_search,VIPER,1085662358,teenagelove/TodoListApp,TodoListApp,"Modern SwiftUI to-do app using adapted VIPER, Core Data, Swift Concurrency, and unit tests.","async-await,coredata,ios-app,swift,swiftui,viper-architecture",2,0,2,0,Swift,2025-10-29T10:48:09Z,2025-11-24T11:02:26Z,https://github.com/teenagelove/TodoListApp
VIPER,repo_search,VIPER,575099739,yasuntimure/iMovies,iMovies,"iMovies is an iOS demo project that showcases different software architectures such as MVC, MVVM, and VIPER in different targets. Additionally, there is also a target that demonstrates the use of SwiftUI with MVVM architecture.","modularization,mvc,mvvm,swift-package-manager,swiftui,uikit,viper",2,1,2,0,Swift,2022-12-06T18:55:58Z,2023-07-20T18:48:22Z,https://github.com/yasuntimure/iMovies
VIPER,repo_search,VIPER,938048693,srush-patil/MedicineTracker,MedicineTracker,"coordinator and viper, swiftUI",,1,0,1,0,Swift,2025-02-24T10:41:08Z,2025-02-26T05:51:48Z,https://github.com/srush-patil/MedicineTracker
VIPER,repo_search,VIPER,928171909,raviseta/VIPER-SwiftUI,VIPER-SwiftUI,"SwiftUI sample app using VIPER Architecture. Examples of working with SwiftData persistence, networking, dependency injection, and SOLID Principals.","swift,swiftui,viper,viper-architecture,viper-pattern-architecture",1,0,1,0,Swift,2025-02-06T07:23:26Z,2025-07-13T11:20:35Z,https://github.com/raviseta/VIPER-SwiftUI
VIPER,repo_search,VIPER,531581046,BogdanZyk/Viper-SwiftUI,Viper-SwiftUI,,,1,0,1,0,Swift,2022-09-01T15:35:34Z,2025-06-11T14:36:14Z,https://github.com/BogdanZyk/Viper-SwiftUI
VIPER,repo_search,VIPER,626908999,bogdan-razvan/swiftui-viper-demo,swiftui-viper-demo,Demo project for showcasing SwiftUI with VIPER architecture,"swiftui,viper",1,0,1,0,Swift,2023-04-12T12:01:18Z,2024-10-31T04:18:13Z,https://github.com/bogdan-razvan/swiftui-viper-demo
VIPER,repo_search,VIPER,395006653,doitduri/VIPER-SwiftUI,VIPER-SwiftUI,,,1,0,1,0,Swift,2021-08-11T13:54:02Z,2022-10-07T14:59:15Z,https://github.com/doitduri/VIPER-SwiftUI
VIPER,repo_search,VIPER,654296600,adriancro8888/VIPER-SwiftUI,VIPER-SwiftUI,,,1,0,1,0,Swift,2023-06-15T20:18:28Z,2023-06-15T21:13:13Z,https://github.com/adriancro8888/VIPER-SwiftUI
VIPER,repo_search,VIPER,392305123,apieceofcode1801/SwiftUI_VIPER_Template,SwiftUI_VIPER_Template,,,1,0,1,0,Swift,2021-08-03T12:10:53Z,2021-10-30T04:47:02Z,https://github.com/apieceofcode1801/SwiftUI_VIPER_Template
VIPER,repo_search,VIPER,417221411,HiramCM/Viper-Combine-SwiftUI,Viper-Combine-SwiftUI,This project it's to demonstrate how to implement VIPER architecture with swiftUI and combine,,1,1,1,0,Swift,2021-10-14T17:21:48Z,2025-10-13T11:19:13Z,https://github.com/HiramCM/Viper-Combine-SwiftUI
VIPER,repo_search,VIPER,930796413,iostanay/VIPER-Architecture-SwiftUI-Project,VIPER-Architecture-SwiftUI-Project,,,1,0,1,0,Swift,2025-02-11T08:21:35Z,2025-02-15T04:34:02Z,https://github.com/iostanay/VIPER-Architecture-SwiftUI-Project
VIPER,repo_search,VIPER,778303417,IbrahimHosseini/VIPER_SwiftUI_Combine_Sample,VIPER_SwiftUI_Combine_Sample,A SwiftUI sample application that created with VIPER architecture pattern,,1,1,1,0,Swift,2024-03-27T13:23:36Z,2025-10-13T11:19:30Z,https://github.com/IbrahimHosseini/VIPER_SwiftUI_Combine_Sample
VIPER,repo_search,VIPER,910792366,busragedikoglu/Todo-List-SwiftUI-With-Viper,Todo-List-SwiftUI-With-Viper,,,1,0,1,0,Swift,2025-01-01T12:50:18Z,2025-01-08T17:15:02Z,https://github.com/busragedikoglu/Todo-List-SwiftUI-With-Viper
VIPER,repo_search,VIPER,816319463,cmp9797/SwiftUI_RoadTripsWithVIPER,SwiftUI_RoadTripsWithVIPER,Module learning from Kodeco. ,,1,1,1,0,Swift,2024-06-17T13:54:38Z,2024-06-17T14:06:54Z,https://github.com/cmp9797/SwiftUI_RoadTripsWithVIPER
VIPER,repo_search,VIPER;View Interactor Presenter Entity Router,949578180,usamajaved357/VIPER,VIPER,"A sample SwiftUI project demonstrating the VIPER architecture pattern with clear separation of View, Interactor, Presenter, Entity, and Router for scalable and testable iOS apps.","clean-architecture,viper,viper-architecture,viper-swift,viper-swiftui",1,0,1,0,Swift,2025-03-16T19:02:06Z,2026-04-17T06:31:14Z,https://github.com/usamajaved357/VIPER
VIPER,repo_search,VIPER,893177713,JPGuptaJee/SwiftUINavigation,SwiftUINavigation,"This repo will provide detailed explaination and implementation to manage the navigation system in whole SwiftUI app along with any architectures e.g. MVVM, MVC, MVVM-C, Viper",,1,0,1,0,Swift,2024-11-23T18:29:26Z,2024-11-26T07:05:47Z,https://github.com/JPGuptaJee/SwiftUINavigation
VIPER,repo_search,VIPER,350723673,aliyasineser/Watchlist,Watchlist,IMDB Style App with SwiftUI and TMDB,"imdb,ios,swift,swiftui,tmdb,viper,viper-architecture",1,0,1,0,Swift,2021-03-23T13:30:34Z,2023-09-24T16:15:11Z,https://github.com/aliyasineser/Watchlist
VIPER,repo_search,VIPER,1082412799,banghuazhao/road-trip-planner-VIPER,road-trip-planner-VIPER,Road trip planner app demonstrating VIPER architecture with Swift concurrency,"combine,ios,map,swift,swift-concurrency,swiftui,trip,viper,viper-architecture",1,0,1,0,Swift,2025-10-24T07:50:08Z,2025-11-01T00:34:33Z,https://github.com/banghuazhao/road-trip-planner-VIPER
VIPER,repo_search,VIPER,1061369671,batukucukaydin/HabitTracker,HabitTracker,"Habit tracker for iOS built with SwiftUI + VIPER/Clean Swift, Core Data, and custom UIKit animations.","habit-tracker,ios,ios-app,swift,swiftui,viper-architecture",1,0,1,0,Swift,2025-09-21T19:13:52Z,2025-09-22T14:44:38Z,https://github.com/batukucukaydin/HabitTracker
VIPER,repo_search,VIPER,1017081956,fabianasd/TheMovieManagerNew,TheMovieManagerNew,"Aplicativo para gestão de filmes, feito em um workspace que contempla projetos em Swift e SwiftUI, arquiteturas MVC, MVVM e VIPER e consumo de APIs ",,1,0,1,0,Swift,2025-07-10T02:13:34Z,2025-07-29T18:56:55Z,https://github.com/fabianasd/TheMovieManagerNew
VIPER,repo_search,VIPER,1044706336,Cybercontr0l/ToDo,ToDo,"Современное To-Do приложение на **SwiftUI** с архитектурой **VIPER**, **Core Data** без `.xcdatamodeld` (модель кодом), загрузкой начальных данных с `dummyjson`, голосовым поиском (ru/en) и автосохранением заметок как в iOS Notes.",,1,0,1,0,Swift,2025-08-26T05:09:19Z,2025-10-12T12:09:56Z,https://github.com/Cybercontr0l/ToDo
VIPER,repo_search,VIPER,953011521,0-Luminous/ToDoList,ToDoList,"Viper, swiftUI",,0,0,0,0,Swift,2025-03-22T11:13:32Z,2025-03-25T10:22:04Z,https://github.com/0-Luminous/ToDoList
VIPER,repo_search,VIPER,987636904,firojandev/VIPER-In-SwiftUI,VIPER-In-SwiftUI,VIPER Architecture,,0,0,0,0,Swift,2025-05-21T11:14:40Z,2025-05-21T11:20:23Z,https://github.com/firojandev/VIPER-In-SwiftUI
VIPER,repo_search,VIPER,661826869,sinisaabramovic/ProjectCloud,ProjectCloud,SwiftUI + VIPER + Crypto,,0,0,0,0,Swift,2023-07-03T18:37:08Z,2023-07-04T10:11:00Z,https://github.com/sinisaabramovic/ProjectCloud
VIPER,repo_search,VIPER,652690090,ddh4r4m/HomeView,HomeView,Viper for SwiftUI,,0,0,0,0,Swift,2023-06-12T15:35:35Z,2023-06-12T15:36:44Z,https://github.com/ddh4r4m/HomeView
VIPER,repo_search,VIPER,617414704,Zhorval/ViperSwifttUI,ViperSwifttUI,Arquitectura VIPER con SwiftUI,,0,0,0,0,Swift,2023-03-22T10:48:45Z,2023-03-22T10:48:53Z,https://github.com/Zhorval/ViperSwifttUI
VIPER,repo_search,VIPER,1073406091,MaverickHitesh/VIPER,VIPER,VIPER architecture in SwiftUI,,0,0,0,0,Swift,2025-10-10T04:22:56Z,2025-10-10T04:26:18Z,https://github.com/MaverickHitesh/VIPER
VIPER,repo_search,VIPER,516020813,samidaik00/currency-swiftui-viper,currency-swiftui-viper,a Viper + SwiftUI prototype ,,0,0,0,0,Swift,2022-07-20T14:44:42Z,2022-07-20T15:27:00Z,https://github.com/samidaik00/currency-swiftui-viper
VIPER,repo_search,VIPER,1150117788,korbek99/GamesVIPERSWUI,GamesVIPERSWUI,Simply Example VIPER - SWIFTUI,,0,0,0,0,Swift,2026-02-04T22:42:22Z,2026-02-04T23:36:37Z,https://github.com/korbek99/GamesVIPERSWUI
VIPER,repo_search,VIPER,651552267,iremsubasi35/SurveyApp,SurveyApp,CoreData-Combine-SwiftUI-Viper,,0,0,0,0,Swift,2023-06-09T13:47:37Z,2023-06-09T13:47:45Z,https://github.com/iremsubasi35/SurveyApp
VIPER,repo_search,VIPER,942525737,prana10/ViperArchitecture,ViperArchitecture,Boilerplate Viper Architecture for SwiftUI Mac OS,,0,0,0,0,Swift,2025-03-04T08:39:06Z,2025-03-04T08:40:43Z,https://github.com/prana10/ViperArchitecture
VIPER,repo_search,VIPER,980650981,takumiooooooooigawa/swiftui-viper,swiftui-viper,,,0,0,0,0,Swift,2025-05-09T13:35:16Z,2025-05-15T07:26:10Z,https://github.com/takumiooooooooigawa/swiftui-viper
VIPER,repo_search,VIPER,1004956383,9818595165/VIPER-SWIFTUI,VIPER-SWIFTUI,,,0,0,0,0,Swift,2025-06-19T12:41:52Z,2025-06-19T14:08:19Z,https://github.com/9818595165/VIPER-SWIFTUI
VIPER,repo_search,VIPER,1230532567,Abhishekbagela/ViperNetworkingTask,ViperNetworkingTask,This app follows VIPER architecture with SwiftUI,,0,0,0,0,Swift,2026-05-06T04:55:18Z,2026-05-09T13:28:13Z,https://github.com/Abhishekbagela/ViperNetworkingTask
VIPER,repo_search,VIPER,925870668,ahmetbostanciklioglu/VIPER_in_SwiftUI,VIPER_in_SwiftUI,VIPER Architectural Patterns in SwiftUI,,0,1,0,0,Swift,2025-02-01T23:55:34Z,2025-02-01T23:56:09Z,https://github.com/ahmetbostanciklioglu/VIPER_in_SwiftUI
VIPER,repo_search,VIPER,792753213,sephirot36/SwiftUI-VIPER,SwiftUI-VIPER,Repository using SwiftUI and VIPER Architecture,,0,0,0,0,Swift,2024-04-27T13:33:32Z,2024-04-27T14:04:56Z,https://github.com/sephirot36/SwiftUI-VIPER
VIPER,repo_search,VIPER,1148053820,korbek99/NewsViperSWUI,NewsViperSWUI,simply example Viper with SwiftUI,,0,0,0,0,Swift,2026-02-02T14:23:11Z,2026-02-02T21:54:27Z,https://github.com/korbek99/NewsViperSWUI
VIPER,repo_search,VIPER,1146285374,korbek99/MoviesViperSWUI,MoviesViperSWUI,simply Example Viper with SWIFTUI,,0,0,0,0,Swift,2026-01-30T21:39:46Z,2026-02-02T22:07:11Z,https://github.com/korbek99/MoviesViperSWUI
VIPER,repo_search,VIPER,285774164,jorelkimcruz/swiftui-viper-framework,swiftui-viper-framework,This is a sample IOS app that is build with SwiftUI using viper architecture,,0,0,0,1,Swift,2020-08-07T08:06:53Z,2020-10-26T12:49:58Z,https://github.com/jorelkimcruz/swiftui-viper-framework
VIPER,repo_search,VIPER,937234310,maksym-korostelov/VIPER-SwiftUI,VIPER-SwiftUI,,,0,0,0,0,Swift,2025-02-22T16:49:42Z,2025-02-23T12:41:23Z,https://github.com/maksym-korostelov/VIPER-SwiftUI
VIPER,repo_search,VIPER,354661806,salihcnkhy/Rovert_Viper_iOS,Rovert_Viper_iOS,Generic Viper Architecture for SwiftUI,,0,0,0,0,Swift,2021-04-04T22:47:52Z,2021-05-23T18:29:34Z,https://github.com/salihcnkhy/Rovert_Viper_iOS
VIPER,repo_search,VIPER,1147564937,korbek99/NewsMVVMSWUI,NewsMVVMSWUI,Simply Example Viper with SwiftUI,,0,0,0,0,Swift,2026-02-01T23:43:32Z,2026-02-02T22:11:20Z,https://github.com/korbek99/NewsMVVMSWUI
VIPER,repo_search,VIPER,294050581,p0dee/SwiftUIxVIPER,SwiftUIxVIPER,,,0,0,0,0,Swift,2020-09-09T08:28:27Z,2020-09-09T08:38:48Z,https://github.com/p0dee/SwiftUIxVIPER
VIPER,repo_search,VIPER,794420499,Kritchanaxt/SwiftUI-DesignPatterns,SwiftUI-DesignPatterns,"Design Patterns:  MVC, MVVM, MVP, VIPER",,0,1,0,0,Swift,2024-05-01T05:44:13Z,2024-11-01T14:28:31Z,https://github.com/Kritchanaxt/SwiftUI-DesignPatterns
VIPER,repo_search,VIPER,302937681,RogueKnight1726/VIPER_SwiftUI,VIPER_SwiftUI,,,0,0,0,0,Swift,2020-10-10T15:58:10Z,2020-10-24T12:59:11Z,https://github.com/RogueKnight1726/VIPER_SwiftUI
VIPER,repo_search,VIPER,602170047,quanticheart/ios-viper-swiftui,ios-viper-swiftui,,,0,0,0,0,Swift,2023-02-15T16:37:28Z,2023-02-15T16:37:34Z,https://github.com/quanticheart/ios-viper-swiftui
VIPER,repo_search,VIPER,1003781614,Amithastir/AfricaAnimal,AfricaAnimal,SwiftUI App with VIPER + SwiftData,,0,0,0,0,Swift,2025-06-17T16:53:19Z,2025-07-02T16:16:02Z,https://github.com/Amithastir/AfricaAnimal
VIPER,repo_search,VIPER,1064159300,pepecode1/swiftui-exampleVIPER,swiftui-exampleVIPER,Un ejemplo de aplicación con arquitectura VIPER y SwiftUI.,,0,0,0,0,Swift,2025-09-25T16:16:01Z,2025-10-02T16:42:19Z,https://github.com/pepecode1/swiftui-exampleVIPER
VIPER,repo_search,VIPER,1044788203,webdmitriev/practice-viper-swiftui,practice-viper-swiftui,,,0,0,0,0,Swift,2025-08-26T07:59:25Z,2025-08-26T08:00:55Z,https://github.com/webdmitriev/practice-viper-swiftui
VIPER,repo_search,VIPER,274734768,fsalata/SwiftUI-VIPER,SwiftUI-VIPER,,,0,0,0,0,Swift,2020-06-24T17:55:16Z,2020-06-26T11:57:53Z,https://github.com/fsalata/SwiftUI-VIPER
VIPER,repo_search,VIPER,531478472,gyuree-kim/VIPER-SwiftUI,VIPER-SwiftUI,,,0,0,0,0,Swift,2022-09-01T10:57:11Z,2022-09-07T17:20:55Z,https://github.com/gyuree-kim/VIPER-SwiftUI
VIPER,repo_search,VIPER,420588193,RezaNum1/VIPER_SwiftUI,VIPER_SwiftUI,,,0,0,0,0,Swift,2021-10-24T04:41:18Z,2021-10-24T04:49:39Z,https://github.com/RezaNum1/VIPER_SwiftUI
VIPER,repo_search,VIPER,645266554,K-Torishima/VIPER-SwiftUI,VIPER-SwiftUI,,,0,0,0,0,Swift,2023-05-25T09:23:41Z,2023-05-25T09:26:44Z,https://github.com/K-Torishima/VIPER-SwiftUI
VIPER,repo_search,VIPER,245692598,AdamSanderz/SwiftUI-VIPER-Xcode-Template,SwiftUI-VIPER-Xcode-Template,Xcode template for SwiftUI VIPER stacks,,0,1,0,0,,2020-03-07T19:28:04Z,2020-03-07T19:28:07Z,https://github.com/AdamSanderz/SwiftUI-VIPER-Xcode-Template
VIPER,repo_search,VIPER,810606069,junkohda/VIPERsample,VIPERsample,drill project for VIPER and SwiftUI,,0,0,0,0,Swift,2024-06-05T02:53:49Z,2024-06-05T08:07:07Z,https://github.com/junkohda/VIPERsample
VIPER,repo_search,VIPER,749353173,lossefanya/WorkoutBrowser,WorkoutBrowser,"VIPER with SwiftUI, SOLID, Clean Architecture, UIKit SwiftUI mix",,0,0,0,0,Swift,2024-01-28T10:35:32Z,2025-08-07T20:45:15Z,https://github.com/lossefanya/WorkoutBrowser
VIPER,repo_search,VIPER,329829697,AbboskhonShukurullaev/viperRay,viperRay,Learned VIPER architecture with SwiftUI and Combine frameworks from tutorial of Raywanderlick,,0,0,0,0,Swift,2021-01-15T06:35:45Z,2021-01-15T06:47:41Z,https://github.com/AbboskhonShukurullaev/viperRay
VIPER,repo_search,VIPER,1163297605,developerburakgul/SwiftUI-VIPER-Skill,SwiftUI-VIPER-Skill,,,0,0,0,0,Swift,2026-02-21T12:10:46Z,2026-03-01T00:07:14Z,https://github.com/developerburakgul/SwiftUI-VIPER-Skill
VIPER,repo_search,VIPER,336314364,rabdulsal/SwiftUI_VIPER_App,SwiftUI_VIPER_App,SwiftUI App for documenting locations/points-of-interest using the VIPER Architecture design pattern. Adopted from RayWenderlich course: https://www.raywenderlich.com/8440907-getting-started-with-the-viper-architecture-pattern#toc-anchor-009,,0,0,0,0,Swift,2021-02-05T15:42:01Z,2021-02-07T05:24:51Z,https://github.com/rabdulsal/SwiftUI_VIPER_App
VIPER,repo_search,VIPER,461880659,chondrosw/Beginner-SwiftUI-VIPER,Beginner-SwiftUI-VIPER,,,0,0,0,0,Swift,2022-02-21T13:46:15Z,2022-02-21T13:59:21Z,https://github.com/chondrosw/Beginner-SwiftUI-VIPER
VIPER,repo_search,VIPER,392081170,ssamadgh/swiftui-viper-module-template,swiftui-viper-module-template,A template using for viper module in swiftUI projects,"ios,module,swift,swiftui,template,viper,viper-architecture,viper-template",0,1,0,0,Swift,2021-08-02T20:11:12Z,2021-11-05T05:29:08Z,https://github.com/ssamadgh/swiftui-viper-module-template
VIPER,repo_search,VIPER,1141821632,atul-ghorpade/VIPERSample,VIPERSample,SwiftUI iOS app demonstrating VIPER architecture pattern,,0,0,0,0,Swift,2026-01-25T13:47:16Z,2026-01-25T13:56:08Z,https://github.com/atul-ghorpade/VIPERSample
VIPER,repo_search,VIPER,729797886,gauravtakdev/SwiftUI-Viper-Architecture,SwiftUI-Viper-Architecture,A demo project using VIPER architecture and building user interface programmatically,,0,0,0,0,Swift,2023-12-10T11:50:07Z,2023-12-10T11:57:38Z,https://github.com/gauravtakdev/SwiftUI-Viper-Architecture
VIPER,repo_search,VIPER,263108751,pdramoss/Viper-SwiftUI-UIKIt,Viper-SwiftUI-UIKIt,,,0,0,0,0,Swift,2020-05-11T17:17:29Z,2020-05-11T17:19:08Z,https://github.com/pdramoss/Viper-SwiftUI-UIKIt
VIPER,repo_search,VIPER,374263487,YutaIke/swiftui-viper-githubapi-demo,swiftui-viper-githubapi-demo,,,0,0,0,0,Swift,2021-06-06T04:01:21Z,2021-06-11T18:12:55Z,https://github.com/YutaIke/swiftui-viper-githubapi-demo
VIPER,repo_search,VIPER,923615804,manasdevslopes/Architecture_VIPER_SwiftUI,Architecture_VIPER_SwiftUI,,,0,0,0,0,Swift,2025-01-28T15:11:25Z,2025-01-28T15:12:17Z,https://github.com/manasdevslopes/Architecture_VIPER_SwiftUI
VIPER,repo_search,VIPER,918147265,sarika189/Coordinator_Pattern,Coordinator_Pattern,VIPER architecture with SwiftUI and Combine,,0,0,0,0,Swift,2025-01-17T10:43:46Z,2025-01-17T10:44:12Z,https://github.com/sarika189/Coordinator_Pattern
VIPER,repo_search,VIPER,656486725,pedroluis02/viper-project-swiftui-d1,viper-project-swiftui-d1,SwiftUi app with Viper Pattern and CoreData,,0,0,0,0,Swift,2023-06-21T03:51:20Z,2023-08-17T04:17:29Z,https://github.com/pedroluis02/viper-project-swiftui-d1
VIPER,repo_search,VIPER,743875766,k28/Sample-VIPER-Architecture,Sample-VIPER-Architecture,iOS VIPER Architecture with SwiftUI Sample,,0,0,0,0,Swift,2024-01-16T07:12:26Z,2024-01-16T07:13:01Z,https://github.com/k28/Sample-VIPER-Architecture
VIPER,repo_search,VIPER,850798037,Kurortn1y/RecipeBookXViperApp,RecipeBookXViperApp,RecipeBook aka toDo (SwiftUI x Viper),,0,0,0,0,Swift,2024-09-01T20:01:47Z,2024-09-08T20:37:40Z,https://github.com/Kurortn1y/RecipeBookXViperApp
VIPER,repo_search,VIPER,596636738,digiDreams/useViper,useViper,Practicing VIPER architecture on simple SwiftUI project. ,,0,0,0,0,Swift,2023-02-02T16:07:06Z,2023-02-02T16:09:48Z,https://github.com/digiDreams/useViper
VIPER,repo_search,VIPER,537248959,zalazara/SwiftUIViper,SwiftUIViper,Demo project for VIPER implementation in SwiftUI with Swift 5.7,,0,0,0,0,Swift,2022-09-16T00:22:39Z,2022-09-16T00:25:11Z,https://github.com/zalazara/SwiftUIViper
VIPER,repo_search,VIPER,582297869,binarysid/CarList-VIPER-SwiftUI,CarList-VIPER-SwiftUI,,"async-await,clean-architecture,swift-concurrency,swiftui,viper-architecture",0,0,0,0,Swift,2022-12-26T11:28:22Z,2023-04-13T19:23:11Z,https://github.com/binarysid/CarList-VIPER-SwiftUI
VIPER,repo_search,VIPER,892584460,igorpolousov/Viper_SwiftUI_CoreData,Viper_SwiftUI_CoreData,,,0,0,0,0,Swift,2024-11-22T11:48:08Z,2025-10-01T06:33:04Z,https://github.com/igorpolousov/Viper_SwiftUI_CoreData
VIPER,repo_search,VIPER,1049702038,vijaykrishna17/UserList-VIPER-SwiftUI,UserList-VIPER-SwiftUI,"📱 A SwiftUI iOS app built with VIPER architecture following SOLID principles. Demonstrates clean code, async/await networking, error handling, and testability. Features user list from JSONPlaceholder with Presenter-driven state management and Router-based navigation.",,0,0,0,0,Swift,2025-09-03T11:21:57Z,2025-11-15T08:31:22Z,https://github.com/vijaykrishna17/UserList-VIPER-SwiftUI
VIPER,repo_search,VIPER,733933695,kazutoshiyamamoto/VIPER-SwiftUI-Combine-Sample,VIPER-SwiftUI-Combine-Sample,,,0,0,0,0,Swift,2023-12-20T13:18:14Z,2023-12-20T13:25:29Z,https://github.com/kazutoshiyamamoto/VIPER-SwiftUI-Combine-Sample
VIPER,repo_search,VIPER,573096336,patelkeyur7279/SwiftUI-VIPER-VideoPlayer,SwiftUI-VIPER-VideoPlayer,,,0,0,0,0,Swift,2022-12-01T17:31:57Z,2023-01-23T18:18:43Z,https://github.com/patelkeyur7279/SwiftUI-VIPER-VideoPlayer
VIPER,repo_search,VIPER;View Interactor Presenter Entity Router,1158679324,abhisekprusty977/VIPER-Products-App-SwiftUI,VIPER-Products-App-SwiftUI,A modular iOS application built using SwiftUI that demonstrates the VIPER (View–Interactor–Presenter–Entity–Router) architecture pattern with API integration.,,0,0,0,0,Swift,2026-02-15T18:51:36Z,2026-02-15T19:06:30Z,https://github.com/abhisekprusty977/VIPER-Products-App-SwiftUI
VIPER,repo_search,VIPER,262355127,abhishek-nc/SwiftUI-VIPER-NetworkEngine,SwiftUI-VIPER-NetworkEngine,Sample Network engine using Alamofire and VIPER architecture in SwiftUI,,0,0,0,0,Swift,2020-05-08T15:09:23Z,2020-05-08T16:52:31Z,https://github.com/abhishek-nc/SwiftUI-VIPER-NetworkEngine
VIPER,repo_search,VIPER,748139989,olgunpros/SWIFTUI-Viper-Protocol-CRYPTO-App,SWIFTUI-Viper-Protocol-CRYPTO-App,A cryptocurrency application has been recreated using the VIPER architecture. Stay informed 24/7 with real-time updates on the cryptocurrency app. Be notified instantly with every change.,,0,0,0,0,Swift,2024-01-25T11:05:20Z,2024-01-26T13:11:34Z,https://github.com/olgunpros/SWIFTUI-Viper-Protocol-CRYPTO-App
VIPER,repo_search,VIPER,891298019,iBessonov0240/NoteApp-SwiftUI-VIPER,NoteApp-SwiftUI-VIPER,Basic prototype of note app using SwiftUI and saving to Coredata on VIPER architecture.,,0,0,0,0,Swift,2024-11-20T04:40:42Z,2025-05-20T08:57:58Z,https://github.com/iBessonov0240/NoteApp-SwiftUI-VIPER
VIPER,repo_search,VIPER,1109008282,aarsentev/ToDoListSwift,ToDoListSwift,iOS (SwiftUI) practice project. Applying VIPER architecture.,,0,0,0,0,Swift,2025-12-03T08:04:08Z,2025-12-05T05:32:38Z,https://github.com/aarsentev/ToDoListSwift
VIPER,repo_search,VIPER,533371073,Hugo-Coutinho/SwiftUI-SpaceX,SwiftUI-SpaceX,"Using Swift 5, SwiftUI, Combine, SPM, Viper and Snapshot Testing","clean-architecture,combine,snapshot-testing,swift5,swiftui,viper-architecture",0,0,0,0,Swift,2022-09-06T14:48:44Z,2025-09-13T13:46:42Z,https://github.com/Hugo-Coutinho/SwiftUI-SpaceX
VIPER,repo_search,VIPER,554589015,chenchewei/Viper_practice,Viper_practice,A project to practice using VIPER structure and SwiftUI. ,,0,0,0,0,Swift,2022-10-20T03:52:05Z,2022-10-20T03:54:32Z,https://github.com/chenchewei/Viper_practice
VIPER,repo_search,VIPER,1043563194,beto02001/PokeAPI,PokeAPI,"Aplicación con SwiftUI, arquitectura VIPER y Combine",,0,0,0,0,Swift,2025-08-24T06:04:19Z,2025-08-24T06:04:25Z,https://github.com/beto02001/PokeAPI
VIPER,repo_search,VIPER,397292289,Rb2030/Viper_Road_Trips,Viper_Road_Trips,A walkthrough using the viper architecture and SwiftUI,,0,0,0,0,Swift,2021-08-17T14:45:40Z,2021-08-17T15:53:46Z,https://github.com/Rb2030/Viper_Road_Trips
VIPER,repo_search,VIPER;View Interactor Presenter Entity Router,340236293,uwaisalqadri/Viper-Architecture-Pattern,Viper-Architecture-Pattern,"Viper (View, Interactor, Presenter, Entity, Router) with SwiftUI","swiftui,viper-pattern-architecture",0,0,0,0,Swift,2021-02-19T02:26:20Z,2021-02-19T02:55:09Z,https://github.com/uwaisalqadri/Viper-Architecture-Pattern
VIPER,repo_search,VIPER,222333394,AhmedibnAdam/Game-of-Thrones-VIPER-SwiftUI,Game-of-Thrones-VIPER-SwiftUI,Adaption example of the VIPER architecture pattern to SwiftUI for Game of Thrones fans (API: https://anapioficeandfire.com/Documentation),,0,0,0,0,,2019-11-18T00:39:26Z,2019-11-18T00:39:28Z,https://github.com/AhmedibnAdam/Game-of-Thrones-VIPER-SwiftUI
VIPER,repo_search,VIPER,985164929,arieltyson/SwiftUI-ToDo-TCA-VIPER,SwiftUI-ToDo-TCA-VIPER,"This project showcases a clean, modular ToDo application built with modern iOS architecture patterns, specifically TCA + VIPER.",,0,0,0,0,Swift,2025-05-17T07:35:52Z,2025-05-17T09:19:53Z,https://github.com/arieltyson/SwiftUI-ToDo-TCA-VIPER
VIPER,repo_search,VIPER,724895850,kazutoshiyamamoto/VIPER-SwiftUI-RxSwift-Sample,VIPER-SwiftUI-RxSwift-Sample,,,0,0,0,0,Swift,2023-11-29T02:23:24Z,2023-11-29T05:32:30Z,https://github.com/kazutoshiyamamoto/VIPER-SwiftUI-RxSwift-Sample
VIPER,repo_search,VIPER,1214939270,farruhnet/VIPER-Module-Generator-UIKit-SwiftUI-,VIPER-Module-Generator-UIKit-SwiftUI-,"Production-ready VIPER module generator with UIKit & SwiftUI support, clean architecture, and scalable iOS project structure.",,0,0,0,0,Swift,2026-04-19T08:58:00Z,2026-04-19T09:00:31Z,https://github.com/farruhnet/VIPER-Module-Generator-UIKit-SwiftUI-
VIPER,repo_search,VIPER,817920098,mehmetfiskindal/VIPER-Template,VIPER-Template,https://github.com/VB10/VIPER-Template from clone added SwiftUI (experimental),,0,0,0,0,Swift,2024-06-20T18:06:41Z,2024-06-20T18:09:39Z,https://github.com/mehmetfiskindal/VIPER-Template
VIPER,repo_search,VIPER,408276231,amirtutunchi/Filicker,Filicker,"Awesome project in SwiftUI, Combine and Viper Architecture",,0,0,0,0,Swift,2021-09-20T01:17:43Z,2021-09-22T03:25:55Z,https://github.com/amirtutunchi/Filicker
VIPER,repo_search,VIPER,1046306024,liza-stepanova/ToDoListApp,ToDoListApp,"SwiftUI, REST API, Core Data, VIPER, Unit tests",,0,0,0,0,Swift,2025-08-28T13:47:27Z,2025-09-05T18:57:54Z,https://github.com/liza-stepanova/ToDoListApp
VIPER,repo_search,VIPER,796094132,AVBLANCO/moviesViperTMDB,moviesViperTMDB,"Project Movies, Consume Api TMDB in architecture VIPER with SwiftUi",,0,1,0,0,Swift,2024-05-04T23:07:52Z,2024-05-11T04:59:20Z,https://github.com/AVBLANCO/moviesViperTMDB
VIPER,repo_search,VIPER,854297284,Kurortn1y/Todo-ListApp,Todo-ListApp,Todo List  SwiftUI VIPER Architecture CoreData GCD URLSession,,0,0,0,0,Swift,2024-09-08T22:24:31Z,2024-09-08T22:29:21Z,https://github.com/Kurortn1y/Todo-ListApp
VIPER,repo_search,VIPER,713013122,Rohit-Kothawale/Roadtrips-App-VIPER,Roadtrips-App-VIPER,Developed Roadtrip iOS application using SwiftUI and used VIPER design pattern,,0,0,0,0,Swift,2023-11-01T16:58:25Z,2023-11-01T17:13:51Z,https://github.com/Rohit-Kothawale/Roadtrips-App-VIPER
VIPER,repo_search,VIPER,340431306,dannysantoso/VIPER-CleanArchitecture,VIPER-CleanArchitecture,"using SwiftUI, View Controller, CoreData, RxSwift, Alamofire, SwiftyJSON, Unit-Testing, SDWebImageSwiftUI, RxTest","alamofire,coredata,rxswift,rxtest,swift,swiftui,swiftyjson,unit-testing,unittesting",0,0,0,0,Swift,2021-02-19T16:46:40Z,2021-03-29T16:03:51Z,https://github.com/dannysantoso/VIPER-CleanArchitecture
VIPER,repo_search,VIPER,915913437,sarika189/Strategy_Pattern,Strategy_Pattern,Strategy Pattern with VIPER architecture and swiftUI - Combine frameworks,,0,0,0,0,Swift,2025-01-13T04:57:24Z,2025-01-13T05:00:29Z,https://github.com/sarika189/Strategy_Pattern
VIPER,repo_search,VIPER,914726377,sarika189/Repository_Pattern,Repository_Pattern,"Repository Pattern with SwiftUI , VIPER architecture and combine framework",,0,0,0,0,Swift,2025-01-10T07:20:22Z,2025-01-13T04:51:03Z,https://github.com/sarika189/Repository_Pattern
VIPER,repo_search,VIPER,504866180,connermccraw/RoadTrips,RoadTrips,Project for testing VIPER architecture with SwiftUI and MapKit. ,,0,0,0,0,Swift,2022-06-18T14:30:16Z,2022-06-18T14:30:27Z,https://github.com/connermccraw/RoadTrips
VIPER,repo_search,VIPER,1027587222,emrekr/MovieApp,MovieApp,MovieApp – A Clean VIPER + SwiftUI Architecture Example using TMDB API,,0,0,0,0,Swift,2025-07-28T08:31:07Z,2025-08-04T09:30:43Z,https://github.com/emrekr/MovieApp
VIPER,repo_search,VIPER,374840783,SamuelFolledo/DroneDeploy_Challenge,DroneDeploy_Challenge,Take home project challenge from DroneDeploy in Viper and SwiftUI,,0,0,0,0,Swift,2021-06-08T01:03:46Z,2021-06-11T06:54:15Z,https://github.com/SamuelFolledo/DroneDeploy_Challenge
VIPER,repo_search,VIPER,1064429405,andrewcoyle1/DialedIn,DialedIn,"iOS fitness tracking app demonstrating VIPER architecture, SwiftUI, HealthKit integration",,0,0,0,0,Swift,2025-09-26T02:58:13Z,2026-03-18T15:06:53Z,https://github.com/andrewcoyle1/DialedIn
VIPER,repo_search,VIPER,1139027419,matteom/Todo,Todo,A sample iOS app in SwiftUI showcasing the VIPER architectural pattern.,"iosdeveloper,iosdevelopment,mvvm,mvvm-architecture,mvvm-pattern,swiftui,viper,viper-architecture,viper-pattern-architecture,viper-swiftui",0,0,0,0,Swift,2026-01-21T12:31:32Z,2026-01-21T12:34:03Z,https://github.com/matteom/Todo
VIPER,repo_search,VIPER,421611880,imanfz/TheMealsApp,TheMealsApp,Meals App from API themealdb.com and buid with SwiftUI and VIPER,,0,0,0,0,Swift,2021-10-26T23:18:05Z,2021-11-09T01:30:12Z,https://github.com/imanfz/TheMealsApp
VIPER,repo_search,VIPER,360717784,rikesh-subedi/FoodDelivery,FoodDelivery,iOS app to show case simple use of SwiftUI and VIPER architecture,,0,0,0,0,Swift,2021-04-23T00:29:49Z,2021-04-23T00:52:02Z,https://github.com/rikesh-subedi/FoodDelivery
VIPER,repo_search,VIPER,676079519,muizidn/PlayRadar-iOS,PlayRadar-iOS,"VideoGame database app iOS with SwiftUI, UIKit, CoreData, RestAPI, VIPER, and Modularization","clean-architecture,coredata,ios,modularization,restapi,swiftui,ui-test,uikit,unit-test,xctest",0,0,0,0,Swift,2023-08-08T11:41:30Z,2023-08-13T00:06:25Z,https://github.com/muizidn/PlayRadar-iOS
VIPER,repo_search,VIPER,344908447,onuryilm/VIPERBRICK,VIPERBRICK,VIPER Template Class generator for iOS written in SWIFT 5 with support for both UIKit and SwiftUI. Can be used to generate both parent and child modules as it can generate classes with navigation controller or without.,"architecture,pattern,swift,swift5,viper",0,0,0,0,Swift,2021-03-05T19:08:06Z,2026-01-17T19:24:55Z,https://github.com/onuryilm/VIPERBRICK
VIPER,repo_search,VIPER,729064538,itsmylifestyle/VIPERArchitecture,VIPERArchitecture,"iOS application built with VIPER architecture and multithreading. This app ditches SwiftUI and Storyboard, opting for a code-driven UI for ultimate flexibility. Seamless navigation from table view to detailed view enhances user interaction. Experience performance and elegance in one app.","multithreading,viper-architecture",0,0,0,0,Swift,2023-12-08T10:24:58Z,2023-12-16T17:56:06Z,https://github.com/itsmylifestyle/VIPERArchitecture
VIPER,repo_search,VIPER,288481238,ystanislavyk/humble-number,humble-number,An example of the app with VIPER architecture built using the SwiftUI and Combine,,0,0,0,0,Swift,2020-08-18T14:38:16Z,2021-03-03T10:30:59Z,https://github.com/ystanislavyk/humble-number
VIPER,repo_search,VIPER,848493092,Blackspyda17/ryck_and_morty,ryck_and_morty,"Simple aplicacion que consume la API de Rick y Morty utilizando GraphQL, Arquitectura VIPER, SwiftUI",,0,0,0,0,Swift,2024-08-27T21:32:54Z,2024-08-30T12:53:55Z,https://github.com/Blackspyda17/ryck_and_morty
VIPER,repo_search,VIPER,402290934,amirtutunchi/MarlySpoon,MarlySpoon,"An awesome project in Swiftui, Combine, Graphql, and lots of good things in Viper architecture",,0,0,0,0,Swift,2021-09-02T04:38:27Z,2021-09-15T04:12:50Z,https://github.com/amirtutunchi/MarlySpoon
VIPER,repo_search,VIPER,576489158,byescaleira/tabnews,tabnews,iOS Application to consume TabNews Web API,"clean-architecture,swiftui,tabnews,viper",0,0,0,0,Swift,2022-12-10T02:12:34Z,2022-12-10T05:56:51Z,https://github.com/byescaleira/tabnews
VIPER,repo_search,VIPER,689961141,streifik/IOS-Architectures,IOS-Architectures,"iOS project implemented using different architectures. Includes MVP, MVVM+Boxing, MVVM+Delegates, MVVM+SwiftUI+Combine, VIPER",,0,0,0,1,Swift,2023-09-11T09:08:14Z,2023-09-18T11:36:06Z,https://github.com/streifik/IOS-Architectures
VIPER,repo_search,VIPER,1148878105,helloGalina/my-tasks-ios,my-tasks-ios,"iOS ToDo List app built with SwiftUI, VIPER architecture, CoreData persistence, background processing, and unit tests.",,0,0,0,0,Swift,2026-02-03T13:25:47Z,2026-02-03T13:36:49Z,https://github.com/helloGalina/my-tasks-ios
VIPER,repo_search,VIPER,961228413,RafaelPlantard/iPost,iPost,A modern Swift iOS application for a social media posting platform implementing VIPER architecture with SwiftUI.,,0,0,0,0,Swift,2025-04-06T03:30:34Z,2025-10-04T13:59:03Z,https://github.com/RafaelPlantard/iPost
VIPER,repo_search,VIPER,328352593,LarDenAle/AvitoInternTest,AvitoInternTest,"Реализация экрана, использую архитектуру Viper, на фреймворке UIKit (в частности использован UICollectionView) - без использования Storyboard и без SwiftUI.",,0,0,0,0,Swift,2021-01-10T10:06:33Z,2021-01-10T10:39:18Z,https://github.com/LarDenAle/AvitoInternTest
VIPER,repo_search,VIPER,1035001938,bengiianil/RickAndMorty,RickAndMorty,"Explore Rick and Morty in a clean SwiftUI app structured with VIPER – browse characters, view details, and check their episodes",,0,0,0,0,Swift,2025-08-09T12:53:40Z,2025-08-15T17:35:58Z,https://github.com/bengiianil/RickAndMorty
VIPER,repo_search,VIPER,857124318,DHK2001/XCode-SwiftUI-WeatherApiProject,XCode-SwiftUI-WeatherApiProject,"This Xcode project, built with SwiftUI, is a weather app showing the current and 5-day forecast using a free API. It follows VIPER architecture to practice SwiftUI UI design and API integration. Due to daily API limits, local data (WeatherTest.json) can be used by setting fromFile to true in ContentView.swift (line 39), disabling city selection.",,0,0,0,0,Swift,2024-09-13T21:15:01Z,2024-09-13T21:30:18Z,https://github.com/DHK2001/XCode-SwiftUI-WeatherApiProject
VIPER,repo_search,VIPER,1147589354,Kike123/Todo,Todo,📝 Showcase a sample iOS app built in SwiftUI using the VIPER architecture to enhance your understanding of modern app structure.,"cookies,education,flutter,github-app,github-bot,hacktoberfest,management,opentelemetry,orgmode,probot,probot-app,react,rest-api,todo,todoapp,todolist,todos,tutorial,university,zim-wiki",0,0,0,0,Swift,2026-02-02T00:55:20Z,2026-05-12T16:52:02Z,https://github.com/Kike123/Todo
VIPER,repo_search,VIPER,1213013548,jfdoradotr/ai-chat-case-study,ai-chat-case-study,"Study case repo: building an AI avatar chat app with Swift 6, SwiftUI, Firebase, and scaling through MVC, MVVM, and VIPER.",,0,0,0,0,Swift,2026-04-17T00:46:29Z,2026-05-08T23:24:21Z,https://github.com/jfdoradotr/ai-chat-case-study
VIPER,repo_search,VIPER,576625359,kevinjonathan30/feasthub,feasthub,"A Native iOS App that helps user in finding their desired restaurant. This app uses Realm, Alarmofire, modularization, and codemagic (for CI/CD purpose). This project is intended for Dicoding iOS Expert Class submission.","clean-architecture,codemagic-ci-cd,dependency-injection,ios,swiftui,viper",0,0,0,0,Swift,2022-12-10T12:58:32Z,2024-01-11T18:04:35Z,https://github.com/kevinjonathan30/feasthub
VIPER,repo_search,VIPER,341812660,pwnSmithers/RoadTrippy,RoadTrippy,App that allows users to build out road trips by adding waypoints to a route. I used Viper Architecture with SwiftUI & Combine.,,0,0,0,0,Swift,2021-02-24T07:15:58Z,2021-02-24T09:27:16Z,https://github.com/pwnSmithers/RoadTrippy
VIPER,repo_search,VIPER,1221426686,m-hamzak/ios-architecture-patterns,ios-architecture-patterns,"A User List — implemented in MVVM, VIPER, and Clean Architecture. A practical side-by-side comparison with both SwiftUI and UIKit examples.","clean-architecture,design-patterns,ios,ios-architecture,mvvm,swift,swift-package,swiftui,uikit,viper",0,0,0,0,Swift,2026-04-26T07:27:58Z,2026-04-26T07:42:37Z,https://github.com/m-hamzak/ios-architecture-patterns
VIPER,repo_search,VIPER,1002646983,danilpapa/HealthReminder,HealthReminder,"iOS application for managing health-related reminders, built with UIKit, SwiftUI.","animations,builder-pattern,combine-framework,deeplink,factory-pattern,ios,localnotifications,service-locator,snapshottest,swift,swiftdata,swiftui,testing,uikit,uitests,unittests,viper",0,0,0,0,Swift,2025-06-15T22:47:00Z,2025-06-16T14:22:57Z,https://github.com/danilpapa/HealthReminder
VIPER,repo_search,VIPER,1173384167,MrDavudGunduz/Core-Mobile-Showcase,Core-Mobile-Showcase,"A curated set of mobile apps built with Swift/SwiftUI , React Native and Flutter. Showcasing scalable architectures (MVVM/VIPER), Firebase-powered features, modern UI, and maintainable production-grade code practices.",,0,0,0,0,Swift,2026-03-05T10:00:43Z,2026-04-13T09:58:57Z,https://github.com/MrDavudGunduz/Core-Mobile-Showcase
VIPER,repo_search,VIPER,1009017442,fabianasd/HikingSurvey,HikingSurvey,Analisa as respostas usando NLP (Natural Language Processing) com NLTagger para detectar sentimento. As respostas são exibidas em um gráfico de pizza construído com SwiftUI e VIPER simulando o comportamento de Swift Charts.,,0,0,0,0,Swift,2025-06-26T12:54:57Z,2025-06-26T13:52:47Z,https://github.com/fabianasd/HikingSurvey
VIPER,repo_search,VIPER,844827355,zuhrrl/PopularGameIosCleanArch,PopularGameIosCleanArch,"This project is a native iOS application built using SwiftUI, following a clean architecture with the VIPER pattern. The app utilizes Alamofire for networking and Realm for local database management. It has been modularized to enhance maintainability and scalability.",,0,1,0,0,Swift,2024-08-20T03:40:14Z,2024-09-09T05:11:49Z,https://github.com/zuhrrl/PopularGameIosCleanArch
VIPER,repo_search,VIPER,986845631,Sai-Anbusekar/shoppo,shoppo,"A SwiftUI iOS app using VIPER architecture for clean separation of concerns. Features include login, registration, API integration with Alamofire, custom navigation via Coordinator, reusable UI components, and centralized screen and font management. Designed for modularity, testability, and scalable real-world development.",,0,0,0,4,Swift,2025-05-20T07:54:05Z,2025-08-05T10:30:34Z,https://github.com/Sai-Anbusekar/shoppo
VIPER,readme_search,VIPER;View Interactor Presenter Entity Router,492642806,israman30/SwiftUI-Repo,SwiftUI-Repo,,,0,0,0,0,,,,https://github.com/israman30/SwiftUI-Repo
MVC,repo_search,MVC,485843054,ZeeZide/ViewController,ViewController,"MVC for SwiftUI (yes, seriously)",,79,4,79,5,Swift,2022-04-26T15:24:41Z,2025-08-07T05:58:37Z,https://github.com/ZeeZide/ViewController
MVC,repo_search,MVC,257317127,matteom/Banking,Banking,,"app-development,architecture,ios-developer,ios-development,mvc,mvc-architecture,mvc-pattern,mvvm,mvvm-architecture,mvvm-pattern,swiftui,swiftui-demo,swiftui-example,swiftui-learning",40,6,40,1,Swift,2020-04-20T15:04:24Z,2026-04-11T18:04:06Z,https://github.com/matteom/Banking
MVC,repo_search,MVC,196064780,ryanashcraft/SwiftUI-TodoMVC,SwiftUI-TodoMVC,TodoMVC implemented in SwiftUI,,22,6,22,0,Swift,2019-07-09T18:47:54Z,2025-10-11T23:50:37Z,https://github.com/ryanashcraft/SwiftUI-TodoMVC
MVC,repo_search,MVC,594180545,aisultanios/MyPlaylists,MyPlaylists,🎵 Complete Apple Music clone that I've built using Swift (UIKit + SwiftUI). I have used MVVM & MVC patterns to implement app's business logic.,"applemusicapi,ios,swift,swiftui,unit-testing",22,1,22,0,Swift,2023-01-27T19:40:45Z,2026-04-29T15:11:36Z,https://github.com/aisultanios/MyPlaylists
MVC,repo_search,MVC,193900596,mkj-is/SwiftUI-Architecture,SwiftUI-Architecture,"""Architecture made for SwiftUI"" presentation","architecture,elm-architecture,mvc,redux,slides,swiftui,unidirectional",18,0,18,0,Swift,2019-06-26T12:32:06Z,2023-10-12T21:41:22Z,https://github.com/mkj-is/SwiftUI-Architecture
MVC,repo_search,MVC,236721801,matteom/Budget,Budget,The MVC pattern for iOS apps in SwiftUI,,12,6,12,1,Swift,2020-01-28T11:42:02Z,2026-02-22T17:27:19Z,https://github.com/matteom/Budget
MVC,repo_search,MVC,574705060,TriosDevs/todolist-ios,todolist-ios,A to-do app for creating lists of task. Powered by SwiftUI & MVVM Design Patterns and UIKit & MVC Design Patterns.,"api,ios,mvvm,swift,swiftui,todolist,uikit",5,1,5,0,Swift,2022-12-05T22:35:15Z,2024-06-20T06:57:01Z,https://github.com/TriosDevs/todolist-ios
MVC,repo_search,MVC,448319527,hamadayuuki/practice-iOS-architectures,practice-iOS-architectures,TCA,"ios,layered-architecture,mvc,mvvm,swift,swiftui,tca,viper",5,0,5,0,Swift,2022-01-15T15:44:50Z,2025-04-24T00:04:54Z,https://github.com/hamadayuuki/practice-iOS-architectures
MVC,repo_search,MVC,564656085,artemiosdev/Small-projects,Small-projects,"Here are examples of small applications, in order to study various functionality. Each of the applications has ready-made templates/usage examples","api,firebase,gcd,ios,mvc,mvvm,notes,swift,swiftui,uikit",5,0,5,0,Swift,2022-11-11T07:28:18Z,2024-11-04T07:03:35Z,https://github.com/artemiosdev/Small-projects
MVC,repo_search,MVC,707681678,airaizos/PodcastProximaParadaSwift,PodcastProximaParadaSwift,"Mobile App (iPhone) de un Reproductor de audio mi podcast Próxima Parada Swift a partir de la APIRest de Wordpress hecha en Swift con el framework SwiftUI, arquitectura MVC, utilizando Observable, SwiftData, Combine, AVFoundation, Regex y Test Unitarios.","attributedstring,avfoundation,combine,mvvm,observable,regex,swiftdata,swiftui,unittest",4,0,4,0,Swift,2023-10-20T12:31:11Z,2024-09-18T15:26:56Z,https://github.com/airaizos/PodcastProximaParadaSwift
MVC,repo_search,MVC,978627308,juliayu28/Whisker,Whisker,"Whisker - iOS recipe scaling, converting, organizing app","alamofire,cooking,facebook,google,ios,ios-swift,mvc,recipe-app,swift,swiftsoup,swiftui",3,0,3,0,Swift,2025-05-06T09:22:18Z,2025-09-07T08:11:47Z,https://github.com/juliayu28/Whisker
MVC,repo_search,MVC,643678703,karami-mehdi/ProximityFinder,ProximityFinder,The project implements an algorithm that finds the closest pair of points in a 2D screen using a time complexity of O(n log n). The algorithm is implemented in an iOS application using the MVC architectural pattern.,"algorithm-design,cocoapods,devide-and-conquer,ios,lottie,lottie-animation,mvc,nearest-neighbor-search,nearest-point,swiftui,uikit",3,0,3,0,Swift,2023-05-21T23:01:05Z,2025-12-02T22:18:36Z,https://github.com/karami-mehdi/ProximityFinder
MVC,repo_search,MVC,475219242,LeviSilvaz99/sweatershop-swiftui,sweatershop-swiftui,IOS application using swiftui / mvc / passkit,,2,0,2,0,Swift,2022-03-29T00:05:01Z,2024-10-02T22:04:48Z,https://github.com/LeviSilvaz99/sweatershop-swiftui
MVC,repo_search,MVC,609117974,Zeyneppsevgi/TravelDiscovery,TravelDiscovery,,"kingfisher,mvc,swiftui",2,0,2,0,Swift,2023-03-03T12:14:32Z,2023-09-06T09:53:50Z,https://github.com/Zeyneppsevgi/TravelDiscovery
MVC,repo_search,MVC,259585765,objcio/S01E202-from-mvc-to-swiftui-from-classes-to-structs,S01E202-from-mvc-to-swiftui-from-classes-to-structs,Sample code for Swift Talk episode 202: From MVC to SwiftUI — From Classes to Structs,,2,0,2,0,Swift,2020-04-28T09:05:20Z,2023-04-14T17:40:33Z,https://github.com/objcio/S01E202-from-mvc-to-swiftui-from-classes-to-structs
MVC,repo_search,MVC,849439367,prachipb09/MVC-vs-MVVM,MVC-vs-MVVM,This project defines the difference between MVC and MVVM,"design-patterns,design-systems,ios,ios-app,ios-demo,ios-swift,mvc,mvc-architecture,mvvm,mvvm-architecture,swift,swiftui,uikit",2,1,2,0,Swift,2024-08-29T15:42:18Z,2025-03-02T10:42:05Z,https://github.com/prachipb09/MVC-vs-MVVM
MVC,repo_search,MVC,575099739,yasuntimure/iMovies,iMovies,"iMovies is an iOS demo project that showcases different software architectures such as MVC, MVVM, and VIPER in different targets. Additionally, there is also a target that demonstrates the use of SwiftUI with MVVM architecture.","modularization,mvc,mvvm,swift-package-manager,swiftui,uikit,viper",2,1,2,0,Swift,2022-12-06T18:55:58Z,2023-07-20T18:48:22Z,https://github.com/yasuntimure/iMovies
MVC,repo_search,MVC,692837526,dattali18/student_helper_ios_app,student_helper_ios_app,"This project is a UX prototype for a course management application. The prototype is designed to be easy to use and navigate, and it provides a variety of features for managing courses and semesters.","ios,ios-development,mvc,mvvm,swift,swiftui,uikit,ux-design",2,0,2,0,Swift,2023-09-17T18:24:48Z,2025-11-02T17:03:00Z,https://github.com/dattali18/student_helper_ios_app
MVC,repo_search,MVC,864117185,neyogiry/iOS-Pokedex,iOS-Pokedex,A simple pokedex app on iOS,"clean-architecture,ios,ios-app,mvc,mvvm,swift,swiftui,uikit,xcode",2,0,2,0,Swift,2024-09-27T14:21:29Z,2025-12-05T14:32:00Z,https://github.com/neyogiry/iOS-Pokedex
MVC,repo_search,MVC,882340094,Pirate-Emperor/FoodByte,FoodByte,"FoodByte is a Swift iOS application designed using the MVC framework. It allows users to browse and order appetizers, view order history, and manage account details. With a user-friendly interface and modular architecture, FoodByte enhances the food ordering experience.","ios-app,ios-swift,mvc-architecture,native,swift,swift5,swiftui",2,0,2,0,Swift,2024-11-02T15:09:26Z,2024-11-16T11:53:45Z,https://github.com/Pirate-Emperor/FoodByte
MVC,repo_search,MVC,756495604,sabbirn26/map-app,map-app,"📍 MapApp – A modern iOS location exploration app built with SwiftUI and MVC. Navigate interactive maps, discover place details, and search points of interest effortlessly. Powered by MapKit and optimized for smooth performance. Supports dark mode, intuitive UI, and seamless navigation. 🌍","corelocation,geolocation,learning-by-doing,mapkit,mvc-architecture,mvvm-architecture,navigation,small-projects,swiftui",2,0,2,0,Swift,2024-02-12T19:21:26Z,2026-02-09T17:06:55Z,https://github.com/sabbirn26/map-app
MVC,repo_search,MVC,930295932,Pekshn/KickOff,KickOff,SwiftUI / MVC / Prototyping / Animations / UX / Haptics / Localization,,1,0,1,0,Swift,2025-02-10T12:04:37Z,2025-02-14T13:03:46Z,https://github.com/Pekshn/KickOff
MVC,repo_search,MVC,930612023,Pekshn/AvoSpot,AvoSpot,SwiftUI / MVC / Prototyping / Animations / Haptics / Localization / iPad / Appearance,,1,0,1,0,Swift,2025-02-10T23:10:56Z,2025-02-14T13:05:07Z,https://github.com/Pekshn/AvoSpot
MVC,repo_search,MVC,362063135,jigardave8/SwiftUI-Game-SwiftUI2.0_Fruits,SwiftUI-Game-SwiftUI2.0_Fruits,"Fruits app contains various files and functions using swiftUI 2.0 such as MVC, Assets: Icons, Modes Cardview,Rowview, Sourcelinkview,ContentView,Onboardingview, Detailview, Settingsview labels, button,header",,1,0,1,0,Swift,2021-04-27T09:56:16Z,2024-11-24T05:45:14Z,https://github.com/jigardave8/SwiftUI-Game-SwiftUI2.0_Fruits
MVC,repo_search,MVC,893177713,JPGuptaJee/SwiftUINavigation,SwiftUINavigation,"This repo will provide detailed explaination and implementation to manage the navigation system in whole SwiftUI app along with any architectures e.g. MVVM, MVC, MVVM-C, Viper",,1,0,1,0,Swift,2024-11-23T18:29:26Z,2024-11-26T07:05:47Z,https://github.com/JPGuptaJee/SwiftUINavigation
MVC,repo_search,MVC,870298775,amanjonson22/PoC-MVC,PoC-MVC,A Proof of Concept of the MVC architecture on SwiftUI made for the Apple Developer Academy,,1,0,1,0,Swift,2024-10-09T19:37:05Z,2025-01-02T00:37:35Z,https://github.com/amanjonson22/PoC-MVC
MVC,repo_search,MVC,257539753,objcio/S01E200-from-mvc-to-swiftui-refactoring-model-apis,S01E200-from-mvc-to-swiftui-refactoring-model-apis,Sample code for Swift Talk episode 200: From MVC to SwiftUI — Refactoring Model APIs,,1,1,1,0,Swift,2020-04-21T09:06:54Z,2021-09-08T11:53:58Z,https://github.com/objcio/S01E200-from-mvc-to-swiftui-refactoring-model-apis
MVC,repo_search,MVC,255278968,objcio/S01E199-from-mvc-to-swiftui-lazy-observable-objects,S01E199-from-mvc-to-swiftui-lazy-observable-objects,Sample code for Swift Talk episode 199: From MVC to SwiftUI — Lazy Observable Objects,,1,1,1,0,Swift,2020-04-13T09:06:07Z,2020-04-13T09:31:29Z,https://github.com/objcio/S01E199-from-mvc-to-swiftui-lazy-observable-objects
MVC,repo_search,MVC,259557314,objcio/S01E201-from-mvc-to-swiftui-refactoring-model-apis-part-2,S01E201-from-mvc-to-swiftui-refactoring-model-apis-part-2,Sample code for Swift Talk episode 201: From MVC to SwiftUI — Refactoring Model APIs (Part 2),,1,0,1,0,Swift,2020-04-28T06:58:49Z,2021-09-08T11:54:00Z,https://github.com/objcio/S01E201-from-mvc-to-swiftui-refactoring-model-apis-part-2
MVC,repo_search,MVC,1017081956,fabianasd/TheMovieManagerNew,TheMovieManagerNew,"Aplicativo para gestão de filmes, feito em um workspace que contempla projetos em Swift e SwiftUI, arquiteturas MVC, MVVM e VIPER e consumo de APIs ",,1,0,1,0,Swift,2025-07-10T02:13:34Z,2025-07-29T18:56:55Z,https://github.com/fabianasd/TheMovieManagerNew
MVC,repo_search,MVC,934639160,k-arindam/ArctKit,ArctKit,ArctKit swift package,"apple,arctkit,ios,macos,mvc,swift,swift-package,swiftui",1,0,1,0,Swift,2025-02-18T06:56:39Z,2025-03-11T06:20:44Z,https://github.com/k-arindam/ArctKit
MVC,repo_search,MVC,827000779,luanagerber/Movido-por-Numeros,Movido-por-Numeros,Interactive iOS story where players solve math problems to progress through a narrative journey.,"apple,interactive-book,mobile-app,mobile-development,mvc,mvc-architecture,storytelling,swiftui",1,0,1,0,Swift,2024-07-10T20:16:48Z,2026-04-10T17:09:34Z,https://github.com/luanagerber/Movido-por-Numeros
MVC,repo_search,MVC,594631127,nealarch01/FullstackTodoApp,FullstackTodoApp,📝 Todo iOS app with a Node.js REST API,"async-await,express,fullstack,ios-app,mvc,mvvm,nodejs,postgresql,rest,swift,swift5,swiftui,todo,todo-app,typescript",1,1,1,0,Swift,2023-01-29T06:15:01Z,2023-09-08T08:10:04Z,https://github.com/nealarch01/FullstackTodoApp
MVC,repo_search,MVC;Model View Controller;Model-View-Controller,785543870,MemoryMhou/WeChatApp,WeChatApp,"iOS app with two implementations of a product listing app, one using the Model-View-ViewModel (MVVM) pattern with SwiftUI and Alamofire, and the other utilizing the Model-View-Controller (MVC) pattern with UIKit and Alamofire. The app presents a list of shopping products and allows users to view products fetched from a REST API.",,1,0,1,0,Swift,2024-04-12T05:14:06Z,2024-04-12T17:30:23Z,https://github.com/MemoryMhou/WeChatApp
MVC,repo_search,MVC,831583536,shippingpark/MVC,MVC,UIKit / SwiftUI ,,0,0,0,0,Swift,2024-07-21T02:12:30Z,2024-08-16T07:03:45Z,https://github.com/shippingpark/MVC
MVC,repo_search,MVC,625020665,Dhruv2211/SwiftUI,SwiftUI,Created my first MVC project with the help of the bootcamp,,0,0,0,0,Swift,2023-04-07T21:16:37Z,2024-07-01T17:13:18Z,https://github.com/Dhruv2211/SwiftUI
MVC,repo_search,MVC,598157328,oceaniswater/H4XOR-News,H4XOR-News,swiftUI + URLSession + MVC,,0,0,0,0,Swift,2023-02-06T14:23:54Z,2023-02-06T14:24:01Z,https://github.com/oceaniswater/H4XOR-News
MVC,repo_search,MVC,763382223,gargadeSneha/MVC_SwiftUI,MVC_SwiftUI,,,0,0,0,0,Swift,2024-02-26T07:29:56Z,2024-02-26T07:31:14Z,https://github.com/gargadeSneha/MVC_SwiftUI
MVC,repo_search,MVC,457563376,nwatabou/SwiftUI-MVC,SwiftUI-MVC,,,0,0,0,0,Swift,2022-02-09T23:31:31Z,2022-02-10T15:36:25Z,https://github.com/nwatabou/SwiftUI-MVC
MVC,repo_search,MVC,341560754,modelist61/Randomizer,Randomizer,Randomizer Game SwiftUI MVC,,0,0,0,0,Swift,2021-02-23T13:17:53Z,2021-02-23T13:18:27Z,https://github.com/modelist61/Randomizer
MVC,repo_search,MVC,1090186557,TheIbrarBashir/Calculator-SwiftUI-MVC,Calculator-SwiftUI-MVC,,,0,0,0,0,Swift,2025-11-05T10:34:20Z,2025-11-05T10:34:43Z,https://github.com/TheIbrarBashir/Calculator-SwiftUI-MVC
MVC,repo_search,MVC,1099145503,thisismanishrajput/PostsMVC-SwiftUI,PostsMVC-SwiftUI,,,0,0,0,0,Swift,2025-11-18T16:15:35Z,2025-11-23T07:55:45Z,https://github.com/thisismanishrajput/PostsMVC-SwiftUI
MVC,repo_search,MVC,199714634,PaulWoodIII/SwiftUI-TodoMVC,SwiftUI-TodoMVC,,,0,0,0,0,Swift,2019-07-30T19:28:09Z,2019-07-30T19:28:17Z,https://github.com/PaulWoodIII/SwiftUI-TodoMVC
MVC,repo_search,MVC,217115562,mshulman/Dicee-SwiftUI-MVC,Dicee-SwiftUI-MVC,"Based on Angela Yu's amazing course on Udemy, ""iOS 13 & Swift 5 - The Complete iOS App Development Bootcamp""",,0,0,0,0,Swift,2019-10-23T17:30:34Z,2019-10-23T17:59:20Z,https://github.com/mshulman/Dicee-SwiftUI-MVC
MVC,repo_search,MVC,605745210,josevazquez/SwiftUI-MVC-Test,SwiftUI-MVC-Test,,,0,0,0,0,Swift,2023-02-23T20:10:56Z,2023-02-23T20:11:28Z,https://github.com/josevazquez/SwiftUI-MVC-Test
MVC,repo_search,MVC,794420499,Kritchanaxt/SwiftUI-DesignPatterns,SwiftUI-DesignPatterns,"Design Patterns:  MVC, MVVM, MVP, VIPER",,0,1,0,0,Swift,2024-05-01T05:44:13Z,2024-11-01T14:28:31Z,https://github.com/Kritchanaxt/SwiftUI-DesignPatterns
MVC,repo_search,MVC,506292497,abdulwahidkahar/SweaterApps,SweaterApps,Sweater Shop swiftUI - MVC Architecture,,0,0,0,0,Swift,2022-06-22T14:55:50Z,2023-10-08T17:59:50Z,https://github.com/abdulwahidkahar/SweaterApps
MVC,repo_search,MVC,788026445,RedBlock12/TodoApp-SwiftUI-MVC,TodoApp-SwiftUI-MVC,This app is designed with the MVC architecture ,,0,0,0,0,Swift,2024-04-17T16:29:48Z,2024-04-17T16:37:39Z,https://github.com/RedBlock12/TodoApp-SwiftUI-MVC
MVC,repo_search,MVC,813730760,sevketugurel/Film-Arama-SwiftUI-MVC,Film-Arama-SwiftUI-MVC,,,0,0,0,0,Swift,2024-06-11T16:18:49Z,2024-06-11T16:19:22Z,https://github.com/sevketugurel/Film-Arama-SwiftUI-MVC
MVC,repo_search,MVC,710843229,Techwood00/TodoApp-SwiftUI-MVC,TodoApp-SwiftUI-MVC,,,0,0,0,0,Swift,2023-10-27T14:52:35Z,2023-10-27T15:04:24Z,https://github.com/Techwood00/TodoApp-SwiftUI-MVC
MVC,repo_search,MVC;Model View Controller,1158631581,abhisekprusty977/MVC-Posts-App-SwiftUI-,MVC-Posts-App-SwiftUI-,"A simple iOS application built using SwiftUI and MVC Architecture that fetches product data from a public API and displays it in a table-style list. The app includes a splash screen, API integration, and clean separation of Model, View, and Controller layers.",,0,0,0,0,Swift,2026-02-15T17:26:51Z,2026-02-15T17:55:43Z,https://github.com/abhisekprusty977/MVC-Posts-App-SwiftUI-
MVC,repo_search,MVC,642563246,WTDDSSOFT/SmartMuscle-Swiftui,SmartMuscle-Swiftui,The focus of the project is learn swiftUI with MVC & API,,0,0,0,0,Swift,2023-05-18T21:21:41Z,2023-05-18T21:47:42Z,https://github.com/WTDDSSOFT/SmartMuscle-Swiftui
MVC,repo_search,MVC,671563390,bi0hazarDD/swiftui-weather-app,swiftui-weather-app,Built using OpenWeather API for live weather and air quality data. Use of GeoLocation libraries. MVC format. ,"openweathermap-api,swiftui,weather-app",0,0,0,0,Swift,2023-07-27T15:50:51Z,2023-07-31T23:45:52Z,https://github.com/bi0hazarDD/swiftui-weather-app
MVC,repo_search,MVC,950263598,dmitrii-nzrv/BookTalks,BookTalks,Приложение для любителей подкастов (диплом). SwiftUI + MVC + Firebase,,0,0,0,0,Swift,2025-03-17T22:21:50Z,2025-05-23T12:39:57Z,https://github.com/dmitrii-nzrv/BookTalks
MVC,repo_search,MVC,664788116,traunguyentvt/swiftui_practice_apps,swiftui_practice_apps,Many hands-on apps use SwiftUI,"animation,api,design-patterns,ios,json,mvc,mvvm,swift5,swiftui",0,0,0,0,Swift,2023-07-10T18:46:18Z,2023-09-15T13:10:12Z,https://github.com/traunguyentvt/swiftui_practice_apps
MVC,repo_search,MVC,249767066,objcio/S01E196-from-mvc-to-swiftui-reusing-the-model,S01E196-from-mvc-to-swiftui-reusing-the-model,Sample code for Swift Talk episode 196: From MVC to SwiftUI — Reusing the Model,,0,0,0,0,Swift,2020-03-24T17:00:23Z,2020-03-24T17:03:53Z,https://github.com/objcio/S01E196-from-mvc-to-swiftui-reusing-the-model
MVC,repo_search,MVC,252923850,objcio/S01E198-from-mvc-to-swiftui-wrapping-uikit-alerts,S01E198-from-mvc-to-swiftui-wrapping-uikit-alerts,Sample code for Swift Talk episode 198: From MVC to SwiftUI — Wrapping UIKit Alerts,,0,0,0,0,Swift,2020-04-04T06:12:27Z,2020-04-04T06:12:55Z,https://github.com/objcio/S01E198-from-mvc-to-swiftui-wrapping-uikit-alerts
MVC,repo_search,MVC,689208781,tahmid56/Todo-mvvm,Todo-mvvm,Just a todo app that follows mvc pattern in SwiftUI,,0,0,0,0,Swift,2023-09-09T05:11:26Z,2023-11-12T13:19:10Z,https://github.com/tahmid56/Todo-mvvm
MVC,repo_search,MVC,227368535,RuchiMakadia/CombineWithSwiftUI,CombineWithSwiftUI,use combine framework with swiftUI. make request call using MVC. ,,0,0,0,0,Swift,2019-12-11T13:09:17Z,2019-12-11T13:28:41Z,https://github.com/RuchiMakadia/CombineWithSwiftUI
MVC,repo_search,MVC,582152226,Nyumat/SwiftyMovies,SwiftyMovies,SwiftUI iOS Movie Application which implements the MVC design pattern. ,,0,0,0,0,Swift,2022-12-25T22:23:56Z,2024-08-26T06:46:49Z,https://github.com/Nyumat/SwiftyMovies
MVC,repo_search,MVC,250232805,objcio/S01E197-from-mvc-to-swiftui-reusing-the-model-part-2,S01E197-from-mvc-to-swiftui-reusing-the-model-part-2,Sample code for Swift Talk episode 197: From MVC to SwiftUI — Reusing the Model (Part 2),,0,0,0,0,Swift,2020-03-26T10:54:20Z,2020-03-26T10:54:47Z,https://github.com/objcio/S01E197-from-mvc-to-swiftui-reusing-the-model-part-2
MVC,repo_search,MVC,543522308,CarolaneLFBV/FruitSearcher,FruitSearcher,"iOS App that retrieves a list of fruits, allow the user to interact with a shopping list and able to use a coreML model to recognize fruits","coreml,mvc,swift,swiftui",0,0,0,0,Swift,2022-09-30T09:22:29Z,2025-04-10T20:21:37Z,https://github.com/CarolaneLFBV/FruitSearcher
MVC,repo_search,MVC,407776416,0rientd/AnimeQuote,AnimeQuote,This app use SwiftUI + REST API + MVC to make a Quote App with anime thematics.,,0,0,0,0,Swift,2021-09-18T06:26:48Z,2021-09-18T15:11:14Z,https://github.com/0rientd/AnimeQuote
MVC,repo_search,MVC,275619633,brampf/swiftmvc,swiftmvc,Swift 5 library to easily set up a MVC design pattern with any SwiftUI App,"app,ios,ipad,ipados,library,maccatalyst,swift,swift-library,swift-package-manager,swift5,swiftui",0,0,0,0,Swift,2020-06-28T16:00:51Z,2020-06-28T17:37:37Z,https://github.com/brampf/swiftmvc
MVC,repo_search,MVC,670758823,abdelrahman-elbattawy/HackerNewsApp,HackerNewsApp,HackerNewsApp using SwiftUI with Swift language. HN Search API is used for the API.,"api,clean-code,jsondecoder,mvc,swift,swiftui,xcode",0,0,0,0,Swift,2023-07-25T19:12:45Z,2023-07-25T19:24:18Z,https://github.com/abdelrahman-elbattawy/HackerNewsApp
MVC,repo_search,MVC,283831213,VikChawla/IOS_Development_Apps,IOS_Development_Apps,"IOS Apps, some featured on App Store. Experience in: UIKit, Realm, CoreData, SwiftUI, StoryBoard, CocoaPods, Xcode, MVC, MVVM",,0,0,0,0,Swift,2020-07-30T17:01:10Z,2022-02-04T22:15:02Z,https://github.com/VikChawla/IOS_Development_Apps
MVC,repo_search,MVC,650289289,matson/hackerNews,hackerNews,"A more advanced SwiftUI project; for development practice only.   Covers concepts such as Networking/APIs, MVC and more. ",,0,0,0,0,Swift,2023-06-06T18:49:45Z,2023-06-06T18:51:50Z,https://github.com/matson/hackerNews
MVC,repo_search,MVC,1140348108,Kaliyarajalu/iOS-Portfolio,iOS-Portfolio,"Collection of iOS projects showcasing Swift skills, UIKit & SwiftUI implementations, and different app architectures (MVC, MVVM) for portfolio purposes.",,0,0,0,0,Swift,2026-01-23T06:40:07Z,2026-01-23T15:38:49Z,https://github.com/Kaliyarajalu/iOS-Portfolio
MVC,repo_search,MVC,582452541,lutfullahkamilcaglar/Hacker-News-iOS,Hacker-News-iOS,"Developed an application using the Hacker News API and SwiftUI framework. Utilised web services, API calls, and MVC pattern.",,0,0,0,1,Swift,2022-12-26T22:06:57Z,2023-01-24T18:47:21Z,https://github.com/lutfullahkamilcaglar/Hacker-News-iOS
MVC,repo_search,MVC,278636618,Rohan-cod/H4X0RNews,H4X0RNews,Tech news IOS App 🐱‍💻,"h4x0r,ios,mvc,swift,swiftui,xcode",0,0,0,0,Swift,2020-07-10T13:10:12Z,2020-07-10T13:15:38Z,https://github.com/Rohan-cod/H4X0RNews
MVC,repo_search,MVC,278635667,Rohan-cod/DiceeSwiftUI,DiceeSwiftUI,Dice Rolling IOS App 🎲,"dice,ios,mvc,swift,swiftui,xcode",0,0,0,0,Swift,2020-07-10T13:05:54Z,2020-07-10T13:21:15Z,https://github.com/Rohan-cod/DiceeSwiftUI
MVC,repo_search,MVC,1213013548,jfdoradotr/ai-chat-case-study,ai-chat-case-study,"Study case repo: building an AI avatar chat app with Swift 6, SwiftUI, Firebase, and scaling through MVC, MVVM, and VIPER.",,0,0,0,0,Swift,2026-04-17T00:46:29Z,2026-05-08T23:24:21Z,https://github.com/jfdoradotr/ai-chat-case-study
MVC,repo_search,MVC,1231453818,Chetan81289/iOS-Design-Patterns,iOS-Design-Patterns,"Interactive SwiftUI catalog of essential iOS design patterns: MVC, MVVM, Singleton, Factory, Observer, Delegation, Coordinator, Dependency Injection & Adapter. Practical examples with in‑code explanations.",,0,0,0,0,Swift,2026-05-07T01:23:30Z,2026-05-08T09:51:25Z,https://github.com/Chetan81289/iOS-Design-Patterns
MVC,repo_search,MVC,309187663,saifurrahmanproject/Hacker-News,Hacker-News,"It is a News app. I used here Algolia API(https://hn.algolia.com/) for getting current news, whole apps done by SwiftUI, MVC software design pattern.",,0,0,0,0,Swift,2020-11-01T21:01:22Z,2020-11-29T06:31:44Z,https://github.com/saifurrahmanproject/Hacker-News
MVC,repo_search,MVC,1002919491,Saquib504/FitIndex,FitIndex,"Developed a BMI Tracker iOS app using Swift, UIKit, and SwiftUI, following the MVC design pattern and using segues for seamless screen transitions between input and result views.",,0,0,0,0,Swift,2025-06-16T10:49:46Z,2025-06-17T07:57:08Z,https://github.com/Saquib504/FitIndex
MVC,repo_search,MVC;Model View Controller;Model-View-Controller,733646907,altgsp/WeatherApp,WeatherApp,"O WeatherApp é um aplicativo para iOS desenvolvido em Swift, utilizando o padrão de design MVC (Model-View-Controller) para uma organização eficiente e modular do código.","appledeveloper,dev,ios,iosdeveloper,mobiledeveloper,swift,swiftui,xcode",0,0,0,0,Swift,2023-12-19T19:58:35Z,2023-12-19T20:18:01Z,https://github.com/altgsp/WeatherApp
MVC,repo_search,MVC,355620694,guillemgbt/MVVM_Tutorial,MVVM_Tutorial,Final code for an MVVM tutorial made to illustrate the transition from MVC top MVVM using UIKit and Combine and its advantages including how easy is to migrate to SwiftUI,,0,0,0,0,Swift,2021-04-07T16:57:35Z,2021-04-07T17:02:32Z,https://github.com/guillemgbt/MVVM_Tutorial
MVC,repo_search,MVC,788547087,MemoryMhou/TaskApp,TaskApp," The Task Manager app, built with Swift and SwiftUI following the MVC architecture, allows users to create, manage, and organize tasks efficiently. With features like task creation, editing, prioritization, and reminders.",,0,0,0,0,Swift,2024-04-18T16:18:19Z,2024-04-18T16:22:56Z,https://github.com/MemoryMhou/TaskApp
MVC,repo_search,MVC,368134082,khanfarhana/Zeedup,Zeedup,Created login/signup UI Flow and also used Realtime Firebase,"firebase,model,mvc,mvvm,realtime,realtime-database,swift,swift5,swiftui,tableview",0,0,0,0,Swift,2021-05-17T09:47:11Z,2021-05-17T10:50:09Z,https://github.com/khanfarhana/Zeedup
MVC,repo_search,MVC,1147723571,vedantarya22/New-Leafora,New-Leafora,"Full-stack iOS Plant Care application developed using Swift and UIKit in Xcode with a Node.js + Express backend and MongoDB database.  Features include real-time chat using Socket.io, plant search and recommendation system, garden tips module, REST API integration, and modular MVC architecture.","apple-development,coredata,ios,ios-app,mobile-app,mongodb,mvc,swift,swiftui,xcode",0,0,0,1,Swift,2026-02-02T06:04:29Z,2026-05-02T17:53:34Z,https://github.com/vedantarya22/New-Leafora
MVC,repo_search,MVC,1234382569,SaumyadeepRay/SnapChef,SnapChef,"🍳 SnapChef — Native iOS recipe app built in Swift. Features include: CoreML ingredient recognition, ARKit cooking overlays, UICollectionView recipe grid, REST API integration with async/await, CoreData persistence, and SwiftUI dashboard. MVC + MVVM hybrid architecture. Portfolio project demonstrating end-to-end iOS development.",,0,0,0,0,Swift,2026-05-10T05:33:28Z,2026-05-10T16:26:33Z,https://github.com/SaumyadeepRay/SnapChef
MVC,repo_search,MVC,940360186,havenfricke/PhotoUtilityApp,PhotoUtilityApp," Project that uses SwiftData and device permissions to access photos. The intent of the project is to familiarize with SwiftData and                                     the iOS device's photo library. Additionaly, apply the MVC pattern to Swift. The project was built on Swift, SwiftUI, and Xcode.",,0,0,0,0,Swift,2025-02-28T03:25:39Z,2025-06-21T20:38:46Z,https://github.com/havenfricke/PhotoUtilityApp
MVC,repo_search,MVC,581701135,nealarch01/iOSGoUserAuth,iOSGoUserAuth,🔓 Full stack user authentication for an iOS application with a Go REST API,"full-stack,go,golang,ios,jwt,mvc,mvvm,postgresql,rest,rest-api,swift,swiftui,user-authentication",0,0,0,0,Swift,2022-12-24T02:07:48Z,2023-02-20T23:30:23Z,https://github.com/nealarch01/iOSGoUserAuth
MVC,repo_search,MVC,618917426,Oleh-Hulkevych/Ukrainy,Ukrainy,"Ukrainy - this is the app to show people the most beautiful places of Ukraine and share them with tourists from all over the world. Currently, in the application, you can authenticate using your Google profile, watch the photo history of other users, comment on their posts, and also publish your own. SwiftUI + UIKit, MVC, Firebase, UserDefaults.",,0,0,0,0,Swift,2023-03-25T18:12:56Z,2023-08-28T06:35:38Z,https://github.com/Oleh-Hulkevych/Ukrainy
MVC,repo_search,Model View Controller,760894691,vavarm/SwiftUI_MVVM,SwiftUI_MVVM,Model-View-ViewModel controller written in Swift with SwiftUI,"mvvm,observer-pattern,swift,swiftui",2,1,2,0,Swift,2024-02-20T21:24:11Z,2024-02-28T12:17:10Z,https://github.com/vavarm/SwiftUI_MVVM
MVC,repo_search,Model View Controller,504252167,katafuchix/UIKit-SwiftUI-Delegate-ViewModel-Sample,UIKit-SwiftUI-Delegate-ViewModel-Sample,Delegate for SwiftUI View from Hosting View Controller with ViewModel Example,,0,0,0,0,Swift,2022-06-16T17:47:22Z,2022-06-16T17:48:02Z,https://github.com/katafuchix/UIKit-SwiftUI-Delegate-ViewModel-Sample
MVC,repo_search,Model View Controller;Model-View-Controller,872097068,pppjw2023/MetUCD-ios-app,MetUCD-ios-app,Use Model-View-Controller architecture to develop an ios mobile app in SwiftUI that allows users to check the current weather for a location of their choice by dropping a pin on a map.,,0,0,0,0,Swift,2024-10-13T19:12:09Z,2024-10-13T20:13:31Z,https://github.com/pppjw2023/MetUCD-ios-app
MVC,repo_search,Model View Controller;Model-View-Controller,343594943,princealvinyusuf/Hacker-News,Hacker-News,"Base on the project, i was learned:  1. Swift Structures 2. Design Pattern (Model View Controller / MVP) 3. Swift Functions 4. Immutability 5. API (http://hn.algolia.com/api/v1/search?tags=front_page) 6. SwiftUI",,0,0,0,0,Swift,2021-03-02T00:17:26Z,2021-03-02T00:19:29Z,https://github.com/princealvinyusuf/Hacker-News
MVC,readme_search,Model View Controller,632826313,msasikanth/twine,twine,Twine: A multiplatform RSS reader built using Kotlin and Compose,,0,0,0,0,,,,https://github.com/msasikanth/twine
MVC,readme_search,Model View Controller,492642806,israman30/SwiftUI-Repo,SwiftUI-Repo,,,0,0,0,0,,,,https://github.com/israman30/SwiftUI-Repo
MVC,readme_search,Model View Controller,827250984,UMC-README/front-ios,front-ios,,,0,0,0,0,,,,https://github.com/UMC-README/front-ios
MVP,repo_search,MVP,258340202,Lascorbe/SwiftUI-MVP-Coordinator,SwiftUI-MVP-Coordinator,Project showing an implementation of MVP + Coordinator in SwiftUI,,58,4,58,0,Swift,2020-04-23T21:56:41Z,2024-10-09T20:40:47Z,https://github.com/Lascorbe/SwiftUI-MVP-Coordinator
MVP,repo_search,MVP,282575048,IrelDev/TabBarIconGenerator,TabBarIconGenerator,macOS application that generates custom tab bar icon imageset from a given image. Built with Swift & SwiftUI,"icons,macos,mvp,swift,swiftui,tabbar,utility",28,3,28,1,Swift,2020-07-26T04:24:46Z,2025-05-30T03:16:05Z,https://github.com/IrelDev/TabBarIconGenerator
MVP,repo_search,MVP,196107450,kylealanhale/swiftui-rxswift-mvp,swiftui-rxswift-mvp,Demo app for connecting RxSwift to SwiftUI,,24,4,24,2,Swift,2019-07-10T01:20:51Z,2024-11-11T16:36:55Z,https://github.com/kylealanhale/swiftui-rxswift-mvp
MVP,repo_search,MVP,191033888,dcordero/SwiftUI-MVP,SwiftUI-MVP,SwiftUI MVP Playground,,13,2,13,1,Swift,2019-06-09T17:10:10Z,2024-04-23T08:45:26Z,https://github.com/dcordero/SwiftUI-MVP
MVP,repo_search,MVP,440220832,Drogonov/LaunchAppMVP-R-SwiftUI,LaunchAppMVP-R-SwiftUI,Launch App builded in UIKit workflow bit with SwiftUI views,,2,0,2,0,Swift,2021-12-20T15:37:37Z,2025-01-03T21:28:08Z,https://github.com/Drogonov/LaunchAppMVP-R-SwiftUI
MVP,repo_search,MVP,1131874977,angelosstampoulisgithub/SwiftUIMVP,SwiftUIMVP,I made this simple iOS app in SwiftUI to show how you can achieve MVP in SwiftUI,,2,0,2,0,Swift,2026-01-10T21:35:02Z,2026-01-20T21:31:40Z,https://github.com/angelosstampoulisgithub/SwiftUIMVP
MVP,repo_search,MVP,569714517,nicolocurioni96/GameOfBlocksSample,GameOfBlocksSample,Sample SwiftUI game with Blocks ,"coding-interviews,game,game-test,gucci-test,mvp,swift,swiftui,unit-test",2,0,2,0,Swift,2022-11-23T13:00:27Z,2024-03-25T08:49:01Z,https://github.com/nicolocurioni96/GameOfBlocksSample
MVP,repo_search,MVP,344758369,chamathjeevan/SwiftUI-MVP,SwiftUI-MVP,"This is sample ios project for a technical demostration. The Technical stack includes SwiftUI, MVP Architecture and GraphQL ",,1,0,1,0,Swift,2021-03-05T09:24:01Z,2021-03-11T02:41:44Z,https://github.com/chamathjeevan/SwiftUI-MVP
MVP,repo_search,MVP,212099166,kylealanhale/swiftui-combine-mvp,swiftui-combine-mvp,Demo app for using SwiftUI and end-to-end Combine,,1,1,1,0,Swift,2019-10-01T13:10:23Z,2022-05-09T06:06:41Z,https://github.com/kylealanhale/swiftui-combine-mvp
MVP,repo_search,MVP,800733670,iruleonu/IRShowcaseMVP,IRShowcaseMVP,SwiftUI+Combine MVP/MVVM/VIP,,1,0,1,0,Swift,2024-05-14T22:29:33Z,2026-02-23T16:07:33Z,https://github.com/iruleonu/IRShowcaseMVP
MVP,repo_search,MVP,654298808,adriancro8888/SwiftUI-Combine-MVP,SwiftUI-Combine-MVP,,,1,0,1,0,Swift,2023-06-15T20:25:29Z,2023-06-15T21:13:09Z,https://github.com/adriancro8888/SwiftUI-Combine-MVP
MVP,repo_search,MVP,958498369,jackycsie/S3_MVP,S3_MVP,A SwiftUI application for managing AWS S3 buckets,,1,0,1,0,Swift,2025-04-01T09:46:20Z,2025-08-03T06:34:37Z,https://github.com/jackycsie/S3_MVP
MVP,repo_search,MVP,790318287,zwedoublegg/TheMouve-iOS-MVP,TheMouve-iOS-MVP,The Mouve iOS MVP built in SwiftUI - Firebase - MVVM,,1,0,1,0,,2024-04-22T16:59:31Z,2024-04-22T16:59:46Z,https://github.com/zwedoublegg/TheMouve-iOS-MVP
MVP,repo_search,MVP,1177508276,XunMengWinter/DramaApp,DramaApp,使用 Codex 生成的「短剧 App」MVP,"drama,swiftui,swiftui-example,video-app",1,0,1,0,Swift,2026-03-10T04:59:30Z,2026-04-13T06:26:59Z,https://github.com/XunMengWinter/DramaApp
MVP,repo_search,MVP,911300349,Faycel2015/MoodTrackerMVP,MoodTrackerMVP,"Mood Tracker MVP is a simple and intuitive iOS app built with SwiftUI that helps users track their daily moods. Users can select an emoji to represent their mood, add a note, and save their entries. The app also provides a history of mood entries, a chart to visualize mood trends, and the ability to delete entries.",,1,0,1,0,Swift,2025-01-02T17:37:28Z,2025-01-08T02:33:01Z,https://github.com/Faycel2015/MoodTrackerMVP
MVP,repo_search,MVP,654719407,medeupazylov/Todo-Mobile-App,Todo-Mobile-App," Explore Todo App, my Yandex School-developed app. It adopts MVP, utilizing CoreData and Swift's latest tech for seamless networking. Featuring screens in both UIKit and SwiftUI, it boosts productivity. Try it now!",,1,0,1,0,Swift,2023-06-16T19:25:59Z,2023-11-24T13:53:39Z,https://github.com/medeupazylov/Todo-Mobile-App
MVP,repo_search,MVP,633442828,utsav475908/migrationExampleApp,migrationExampleApp,Example project to perform Migration from UIKit + MVVM to SwiftUI + MVP,,0,5,0,0,,2023-04-27T14:03:17Z,2023-04-27T14:03:17Z,https://github.com/utsav475908/migrationExampleApp
MVP,repo_search,MVP,612862541,ShoheiTakino/SwiftUI-MVPByPokemon,SwiftUI-MVPByPokemon,,,0,0,0,0,Swift,2023-03-12T07:43:32Z,2023-03-12T07:43:39Z,https://github.com/ShoheiTakino/SwiftUI-MVPByPokemon
MVP,repo_search,MVP,196016811,juansanzone/swiftui_planetaboca,swiftui_planetaboca,MVP Planeta Boca iOS App - SwiftUI,,0,0,0,0,Swift,2019-07-09T13:42:41Z,2019-07-09T13:44:28Z,https://github.com/juansanzone/swiftui_planetaboca
MVP,repo_search,MVP,925860842,ahmetbostanciklioglu/MVP_in_SwiftUI,MVP_in_SwiftUI,MVP Architectural Patterns in SwiftUI,,0,1,0,0,Swift,2025-02-01T23:07:18Z,2025-02-01T23:08:49Z,https://github.com/ahmetbostanciklioglu/MVP_in_SwiftUI
MVP,repo_search,MVP,712997645,alexgit27/InstagramCloneSwiftUI,InstagramCloneSwiftUI,MVP Instagram written in SwiftUI,,0,0,0,0,Swift,2023-11-01T16:22:34Z,2023-11-01T16:43:55Z,https://github.com/alexgit27/InstagramCloneSwiftUI
MVP,repo_search,MVP,794420499,Kritchanaxt/SwiftUI-DesignPatterns,SwiftUI-DesignPatterns,"Design Patterns:  MVC, MVVM, MVP, VIPER",,0,1,0,0,Swift,2024-05-01T05:44:13Z,2024-11-01T14:28:31Z,https://github.com/Kritchanaxt/SwiftUI-DesignPatterns
MVP,repo_search,MVP,615371734,Nordo00/Todoey-SwiftUI-MVPComplete,Todoey-SwiftUI-MVPComplete,,,0,0,0,0,Swift,2023-03-17T14:42:43Z,2023-03-17T14:42:50Z,https://github.com/Nordo00/Todoey-SwiftUI-MVPComplete
MVP,repo_search,MVP,548831537,rajavikramsingh27/SwiftUI---List---MVP,SwiftUI---List---MVP,,,0,0,0,0,Swift,2022-10-10T08:50:47Z,2022-10-10T08:51:28Z,https://github.com/rajavikramsingh27/SwiftUI---List---MVP
MVP,repo_search,MVP,625295636,KKodiac/MVPatternExample,MVPatternExample,Example of MV pattern in SwiftUI using Cat-as-a-Service API,,0,0,0,0,Swift,2023-04-08T17:08:36Z,2023-04-08T17:08:42Z,https://github.com/KKodiac/MVPatternExample
MVP,repo_search,MVP,1143470312,Rumeysabasormanci/WeatherApp-SwiftUI-MVP,WeatherApp-SwiftUI-MVP,"REST API entegrasyonu, MVVM mimarisi ve JSON veri işleme süreçlerini analiz etmek amacıyla geliştirilmiş iOS hava durumu uygulaması prototipi.",,0,0,0,0,Swift,2026-01-27T16:11:23Z,2026-01-27T17:54:22Z,https://github.com/Rumeysabasormanci/WeatherApp-SwiftUI-MVP
MVP,repo_search,MVP,832434370,marcelomogrovejo/todo-repo-pkg,todo-repo-pkg,Todo app (SwiftUI & MVP) repository dependency,,0,0,0,0,Swift,2024-07-23T02:53:41Z,2024-08-03T17:17:20Z,https://github.com/marcelomogrovejo/todo-repo-pkg
MVP,repo_search,MVP,1229768656,Rone89/ailibili,ailibili,SwiftUI MVP third-party Bilibili iOS client,,0,0,0,0,Swift,2026-05-05T11:15:43Z,2026-05-06T10:34:31Z,https://github.com/Rone89/ailibili
MVP,repo_search,MVP,380032898,nic-gitlab/Bullseye,Bullseye,MVP for Mobile iOS App Bullseye. SwiftUI  ,,0,0,0,0,Swift,2021-06-24T19:39:00Z,2021-07-07T20:06:16Z,https://github.com/nic-gitlab/Bullseye
MVP,repo_search,MVP,631122818,kai7win/MVPUIKitWithMvvmSwiftUI,MVPUIKitWithMvvmSwiftUI,UIKit架構MVP，SWiftUI架構MVVM邏輯共用同個Presenter,,0,0,0,0,Swift,2023-04-22T02:18:19Z,2023-04-22T02:18:27Z,https://github.com/kai7win/MVPUIKitWithMvvmSwiftUI
MVP,repo_search,MVP,710080432,SopheaII/StarbuckRevamp,StarbuckRevamp,Revamp Starbuck app using Swiftui,"mvp,navigation,state-management,swiftui,user-experience",0,0,0,0,Swift,2023-10-26T01:28:29Z,2023-11-03T07:34:25Z,https://github.com/SopheaII/StarbuckRevamp
MVP,repo_search,MVP,553026626,Rymfaar/Radianite,Radianite,Radianite • Valorant Agent Wiki as a SwiftUI MVP,,0,0,0,0,Swift,2022-10-17T15:42:38Z,2023-03-15T14:04:21Z,https://github.com/Rymfaar/Radianite
MVP,repo_search,MVP,774919680,pavlo-bezkorovainyi/SwiftUI-MVP-Coordinator-Tests_iOS15,SwiftUI-MVP-Coordinator-Tests_iOS15,,,0,0,0,0,Swift,2024-03-20T12:46:27Z,2024-03-20T12:48:05Z,https://github.com/pavlo-bezkorovainyi/SwiftUI-MVP-Coordinator-Tests_iOS15
MVP,repo_search,MVP,843067308,gabrieledintino/MVPrototype,MVPrototype,A Model-View architecture app developed for my Master's Degree Thesis on SwiftUI Patterns,,0,0,0,0,Swift,2024-08-15T17:57:26Z,2024-09-26T22:23:47Z,https://github.com/gabrieledintino/MVPrototype
MVP,repo_search,MVP,1213137262,yangg1224/MedTrack,MedTrack,iOS medication tracker for elderly users — SwiftUI + SwiftData MVP,,0,0,0,0,Swift,2026-04-17T04:40:50Z,2026-04-22T02:31:40Z,https://github.com/yangg1224/MedTrack
MVP,repo_search,MVP,1040541372,k1ran-ak/AppointmentWidget,AppointmentWidget,A MVP of an appointment widget flow in SwiftUI,,0,0,0,0,Swift,2025-08-19T06:19:07Z,2025-08-29T10:59:48Z,https://github.com/k1ran-ak/AppointmentWidget
MVP,repo_search,MVP,1235725545,NgrimaldiN/gratitudeApp,gratitudeApp,SwiftUI daily mindfulness wheel MVP for a school project,,0,0,0,0,Swift,2026-05-11T15:40:14Z,2026-05-11T16:34:03Z,https://github.com/NgrimaldiN/gratitudeApp
MVP,repo_search,MVP,427487545,ghadeermohameedelmahdy/SwiftUI_Demo,SwiftUI_Demo,"Simple ios app using swift ui, combine, MVP, to show items in list with search and navigate to item details.",,0,0,0,0,Swift,2021-11-12T20:25:47Z,2021-11-12T20:25:55Z,https://github.com/ghadeermohameedelmahdy/SwiftUI_Demo
MVP,repo_search,MVP,1010575794,alexchopoyhlu/foodflow-app-MVP,foodflow-app-MVP,"A SwiftUI iOS app for personalized weekly meal planning. Users set preferences and cooking level, and the app generates tailored 7-day meal plans with recipes and instructions","io,meal-planning,mvp,swiftui",0,0,0,0,Swift,2025-06-29T11:19:39Z,2025-09-26T10:43:58Z,https://github.com/alexchopoyhlu/foodflow-app-MVP
MVP,repo_search,MVP,1233365086,ryan-mf-eloy/noble-ios-mvp,noble-ios-mvp,"Sports cards platform iOS MVP — marketplace, live auctions, 3D card viewer, portfolio analytics. Built in SwiftUI for iOS 26.",,0,0,0,0,Swift,2026-05-08T22:05:04Z,2026-05-12T12:40:00Z,https://github.com/ryan-mf-eloy/noble-ios-mvp
MVP,repo_search,MVP,1017015104,alexchopoyhlu/swiva-app-MVP,swiva-app-MVP,"A SwiftUI iOS app for anonymous, real-time chatting. Users are matched in a queue and can swipe/skip to chat with new strangers. Uses Firebase (Auth + Firestore) for back end.","anonymous-chat,ios,matchmaking,real-time,swiftui",0,0,0,0,Swift,2025-07-09T22:26:09Z,2025-09-26T10:42:46Z,https://github.com/alexchopoyhlu/swiva-app-MVP
MVP,repo_search,MVP,1107039043,khaledsawan/Food-Scanner-MVP,Food-Scanner-MVP,"A smart iOS application that helps users make informed dietary choices by analyzing food labels instantly. Using advanced OCR technology and AI-powered analysis, Food Scanner MVP identifies allergens, dietary compliance, and safety concerns with a single photo.","firebase,food-scan-app,gemini,ios,ocr,swift,swiftui",0,0,0,0,Swift,2025-11-30T13:17:20Z,2025-11-30T13:20:35Z,https://github.com/khaledsawan/Food-Scanner-MVP
MVP,repo_search,MVP,555967718,VPhung24/GNRSwiftUI,GNRSwiftUI,mvp iOS app that finds gender neutral restrooms anywhere in america,"combine-framework,swift,swiftui,yelp-fusion-api",0,0,0,0,Swift,2022-10-22T19:04:02Z,2022-10-29T07:50:58Z,https://github.com/VPhung24/GNRSwiftUI
MVP,repo_search,MVP,486478631,DimkaVinka/HW-25-CoreData,HW-25-CoreData,"Делаем приложение с сохранением пользовательских данных в CoreData. Пытаемся сделать на MVP, используем SwiftUI",,0,0,0,1,Swift,2022-04-28T06:48:42Z,2022-04-28T06:48:48Z,https://github.com/DimkaVinka/HW-25-CoreData
MVP,repo_search,MVP,1218886636,aishwaryaakella08/FestivalIndia,FestivalIndia,"iOS app showcasing Indian festivals by region — built with SwiftUI, MVP architecture, and SOLID principles",,0,0,0,0,Swift,2026-04-23T10:06:48Z,2026-04-23T16:23:01Z,https://github.com/aishwaryaakella08/FestivalIndia
MVP,repo_search,MVP,1219197502,aishwaryaakelladev/FestivalsIndia,FestivalsIndia,"iOS app showcasing Indian festivals by region — built with SwiftUI, MVP architecture, and SOLID principles",,0,0,0,0,Swift,2026-04-23T16:20:20Z,2026-04-29T09:14:00Z,https://github.com/aishwaryaakelladev/FestivalsIndia
MVP,repo_search,MVP,689961141,streifik/IOS-Architectures,IOS-Architectures,"iOS project implemented using different architectures. Includes MVP, MVVM+Boxing, MVVM+Delegates, MVVM+SwiftUI+Combine, VIPER",,0,0,0,1,Swift,2023-09-11T09:08:14Z,2023-09-18T11:36:06Z,https://github.com/streifik/IOS-Architectures
MVP,repo_search,MVP,1215061738,SSub-jun/Resonance,Resonance,iOS SwiftUI MVP — ambient music resonance between nearby listeners. Dark glass layers with subtle purple resonance.,,0,0,0,0,Swift,2026-04-19T12:33:52Z,2026-04-19T14:40:34Z,https://github.com/SSub-jun/Resonance
MVP,repo_search,MVP,1197927235,enoyasu/HaguruApp,HaguruApp,はぐる | やさしくつながる共育アプリ — SwiftUI × Firebase MVP,,0,0,0,0,Swift,2026-04-01T01:53:26Z,2026-04-01T07:57:00Z,https://github.com/enoyasu/HaguruApp
MVP,repo_search,MVP,1199334592,LAD0626/LyricsOverlay,LyricsOverlay,"macOS menu bar lyrics overlay MVP with local-only mock synced lyrics, AppKit windows, and SwiftUI settings.","appkit,desktop-utility,lyrics,macos,menu-bar-app,mock-data,overlay-window,swift,swiftui",0,0,0,0,Swift,2026-04-02T08:50:27Z,2026-04-02T09:26:37Z,https://github.com/LAD0626/LyricsOverlay
MVP,repo_search,MVP,1171154320,system-279/carenote-ios,carenote-ios,CareNote MVP - ケアマネジャー向け録音・文字起こしアプリ (SwiftUI + Firebase + Vertex AI),,0,0,0,10,Swift,2026-03-02T23:37:42Z,2026-04-26T21:57:47Z,https://github.com/system-279/carenote-ios
MVP,repo_search,MVP,1066398106,Baruda/Baruda-RideSync-iOS-MVP,Baruda-RideSync-iOS-MVP,"MVP of RideSync, a ride-hailing app featuring MapKit for navigation, real-time ride requests via WebSockets, and a SwiftUI-based UI. Built to reflect my experience leading a 10M-user ride-hailing app at Quatzz Software, optimized for 99.9% crash-free",,0,0,0,0,Swift,2025-09-29T12:35:22Z,2025-10-12T16:23:59Z,https://github.com/Baruda/Baruda-RideSync-iOS-MVP
MVP,repo_search,MVP,620324481,VTorres09/Foundations,Foundations,🐷 Manage your team quickly and intuitively. Create tasks and stay on top of all the progress of your project.  This MVP was developed during the Foundations discipline at the UFPE Informatics Center sponsored by Apple Developer Academy.,"ios,swiftui",0,0,0,0,Swift,2023-03-28T13:12:05Z,2023-05-10T18:04:42Z,https://github.com/VTorres09/Foundations
MVP,repo_search,MVP,678910847,drisriv/GroupGrubs,GroupGrubs,An MVP of a food-matching app for groups utilizing user input and a matching algorithm built in Swift/SwiftUI,,0,0,0,0,Swift,2023-08-15T17:05:26Z,2024-01-19T22:37:04Z,https://github.com/drisriv/GroupGrubs
MVP,repo_search,MVP,1123082325,learn-patwari/password-manager,password-manager,SwiftUI password manager MVP with: - Encrypted on-device vault (AES-GCM) using a key stored in Keychain protected by Face ID.,,0,0,0,0,Swift,2025-12-26T06:39:40Z,2025-12-26T07:02:05Z,https://github.com/learn-patwari/password-manager
MVP,repo_search,MVP,1194131518,sebscontento/hentpant,hentpant,"PantCollect — iOS app connecting pant (deposit bottle) givers with collectors in Denmark. SwiftUI, MapKit, Sign in with Apple. MVP uses an in-memory store; structured for Firebase.",,0,0,0,0,Swift,2026-03-28T00:41:07Z,2026-03-29T21:07:52Z,https://github.com/sebscontento/hentpant
MVP,repo_search,MVP,1068495266,KennethPlumstead/iOSApp2,iOSApp2,"SwiftUI scavenger hunt app (MWD3A Assignment 3). MVP includes a list of 10 businesses with clues, card views that flip to photo submission, and a progress/reward system. Demonstrates concepts from PhotoPicker, FruitList, and CardFlip tutorials.",,0,0,0,0,Swift,2025-10-02T13:24:01Z,2025-10-09T13:28:04Z,https://github.com/KennethPlumstead/iOSApp2
MVP,repo_search,MVP,343594943,princealvinyusuf/Hacker-News,Hacker-News,"Base on the project, i was learned:  1. Swift Structures 2. Design Pattern (Model View Controller / MVP) 3. Swift Functions 4. Immutability 5. API (http://hn.algolia.com/api/v1/search?tags=front_page) 6. SwiftUI",,0,0,0,0,Swift,2021-03-02T00:17:26Z,2021-03-02T00:19:29Z,https://github.com/princealvinyusuf/Hacker-News
MVP,repo_search,MVP,1066405869,Baruda/Baruda-VitalPulse-iOS,Baruda-VitalPulse-iOS,"MVP of VitalPulse, a health and fitness app with HealthKit integration for steps and heart rate tracking, built with SwiftUI. Reflects my ongoing project optimizing real-time data for millions of users, with a 15% reduction in critical issues via Crashlytics.",,0,0,0,0,Swift,2025-09-29T12:47:54Z,2025-10-12T16:44:19Z,https://github.com/Baruda/Baruda-VitalPulse-iOS
MVP,repo_search,MVP,1224080646,Wahaha4539/ScanMind,ScanMind,ScanMind 是一个基于 SwiftUI、SwiftData、VisionKit 和 Vision 的文档扫描 MVP。当前阶段聚焦项目骨架、三 Tab 导航、扫描/OCR 服务边界和本地持久化模型。,,0,0,0,0,Swift,2026-04-29T00:10:22Z,2026-04-29T11:56:08Z,https://github.com/Wahaha4539/ScanMind
MVP,readme_search,MVP,1124576211,emiliersrd/HyroxApp,HyroxApp,,,0,0,0,0,,,,https://github.com/emiliersrd/HyroxApp
MVP,repo_search,Model View Presenter,599109644,drawRect/SwiftUI-Architectures,SwiftUI-Architectures,"Youtube Link: https://www.youtube.com/watch?v=hHX6Cnw_hu0 | SwiftUI-MVVM(Model-View-ViewModel),MV(Model View),CP(Container-Presenter), Redux","container-pattern,mvvm-architecture,redux,swiftui",2,0,2,0,Swift,2023-02-08T13:27:28Z,2023-06-25T16:50:47Z,https://github.com/drawRect/SwiftUI-Architectures
MVP,readme_search,Model View Presenter,492642806,israman30/SwiftUI-Repo,SwiftUI-Repo,,,0,0,0,0,,,,https://github.com/israman30/SwiftUI-Repo
MVI,repo_search,MVI,407038697,VAnsimov/MVI-SwiftUI,MVI-SwiftUI,,,81,7,81,0,Swift,2021-09-16T05:53:22Z,2026-05-04T19:32:11Z,https://github.com/VAnsimov/MVI-SwiftUI
MVI,repo_search,MVI,682169606,qwerty3345/AppStore-Search,AppStore-Search,🔍iOS 앱스토어 검색 화면 - (SwiftUI + MVI),,29,1,29,0,Swift,2023-08-23T15:34:31Z,2026-04-23T02:34:39Z,https://github.com/qwerty3345/AppStore-Search
MVI,repo_search,MVI,307321669,KazaiMazai/Puredux,Puredux,Puredux is a UDF architecture framework in Swift.,"composable,mvi,mvi-architecture,mvi-clean-architecture,swift,swiftui,udf,udf-libraries,udf-library,uikit",28,0,28,0,Swift,2020-10-26T09:31:07Z,2025-12-23T12:36:06Z,https://github.com/KazaiMazai/Puredux
MVI,repo_search,MVI,582007923,xtro/SwiftMVI,SwiftMVI,A lightweight MVI framework for Swift,"clean-architecture,combine,concurrency,concurrent-programming,framework,intent,mvi,mvi-architecture,state,swift,swift-package-manager,swift-packages,swift5,swiftui,unidirectional-data-flow",25,2,25,0,Swift,2022-12-25T09:24:50Z,2024-08-21T23:29:08Z,https://github.com/xtro/SwiftMVI
MVI,repo_search,MVI,255323189,AnupAmmanavar/Mvi-SwiftUI,Mvi-SwiftUI,Mvi Architecture for SwiftUI Apps. MVI is a unidirectional data flow architecture.,"ios,mobile-architecture,mvi-architecture,swiftui",21,6,21,0,Swift,2020-04-13T12:41:42Z,2025-07-07T08:21:09Z,https://github.com/AnupAmmanavar/Mvi-SwiftUI
MVI,repo_search,MVI,362654601,MaikCL/PKDex-iOS,PKDex-iOS,Proof concept of modularized app with SwiftPackages built over MVI + Combine + SwiftUI in a single repo,,18,5,18,5,Swift,2021-04-29T01:31:50Z,2025-10-09T12:56:36Z,https://github.com/MaikCL/PKDex-iOS
MVI,repo_search,MVI;Model View Intent;Model-View-Intent,1016354511,palKaran/mvi-pattern,mvi-pattern,"Complete SwiftUI MVI (Model-View-Intent) architecture implementation with Counter and Todo app examples. Features unidirectional data flow, predictable state management, and practical SwiftUI integration patterns.",,13,0,13,0,Swift,2025-07-08T22:14:45Z,2026-05-07T17:27:39Z,https://github.com/palKaran/mvi-pattern
MVI,repo_search,MVI,219357153,bastienFalcou/Portfolio,Portfolio,"An MVI, SwiftUI and Combine exploration project to shop clothe by resemblance 👗",,11,3,11,0,Swift,2019-11-03T19:55:49Z,2024-12-12T09:31:56Z,https://github.com/bastienFalcou/Portfolio
MVI,repo_search,MVI;Model View Intent;Model-View-Intent,1041952093,helloItsHEssam/Taskhub,Taskhub,a sample to explore the MVI (Model-View-Intent) architecture in SwiftUI.,"architecture,mvi,swift,swiftui",5,0,5,0,Swift,2025-08-21T09:00:01Z,2025-11-08T21:50:45Z,https://github.com/helloItsHEssam/Taskhub
MVI,repo_search,MVI,1151773488,angelosstampoulisgithub/SwiftUIMVI,SwiftUIMVI,I made this simple iOS app as a demo for the MVI pattern,,4,0,4,0,Swift,2026-02-06T22:05:36Z,2026-02-08T21:59:09Z,https://github.com/angelosstampoulisgithub/SwiftUIMVI
MVI,repo_search,MVI,804138877,LamNguyen17/SwiftUI-Clean-Architecture,SwiftUI-Clean-Architecture,⚡️ Architecture IOS app with SwiftUI ⚡️. 🍭 Clean Architecture - 🌸 Reactive Programming (RxSwift) - 🤟SOLID - 🔆 Resolver (DI) - 🔥 MVVM - 🌰 MVI,"alamofire,architecture,clean-architechture,clean-code,kingfisher,mvi,mvi-architecture,mvvm,mvvm-architecture,reactive-programming,resolver,rxswift,solid",2,0,2,0,Swift,2024-05-22T03:04:51Z,2025-01-01T06:04:37Z,https://github.com/LamNguyen17/SwiftUI-Clean-Architecture
MVI,repo_search,MVI,880214380,Team-DogWalk/DogWalk,DogWalk,반려견 산책을 위한 소셜 커뮤니티 플랫폼,"combine,coordinator-pattern,coredata,ios,mvi,socket-io,swift,swiftui",1,3,1,4,Swift,2024-10-29T10:28:23Z,2025-04-16T09:37:45Z,https://github.com/Team-DogWalk/DogWalk
MVI,repo_search,MVI,970123741,Kamrannv/banking-card,banking-card,"MVi, Clean architecture","bank-card,ci-cd,clean-architecture,ios,mvi,mvi-ios,swiftui",1,0,1,0,Swift,2025-04-21T14:09:05Z,2025-06-28T17:28:24Z,https://github.com/Kamrannv/banking-card
MVI,repo_search,MVI,527493847,kgwoo/TCA_Architecture,TCA_Architecture,TCA UI Architecture + MVI (ex: Memo App),"architecture,redux,swiftui,tca",1,0,1,0,Swift,2022-08-22T09:23:09Z,2023-07-30T09:54:07Z,https://github.com/kgwoo/TCA_Architecture
MVI,repo_search,MVI,851153114,wlxo0401/MVI-SwiftUI,MVI-SwiftUI,MVI-SwiftUI,,0,0,0,0,Swift,2024-09-02T14:21:24Z,2024-09-02T14:32:23Z,https://github.com/wlxo0401/MVI-SwiftUI
MVI,repo_search,MVI,665107142,never-better/SwiftUI-MVI-Example,SwiftUI-MVI-Example,MVI 패턴 공부,,0,0,0,0,Swift,2023-07-11T12:58:09Z,2023-07-11T13:02:25Z,https://github.com/never-better/SwiftUI-MVI-Example
MVI,repo_search,MVI,689559973,Teal-ios/Shopping,Shopping,RecapShopping - MVI / SwiftUI Repository,,0,0,0,0,Swift,2023-09-10T07:40:39Z,2025-06-22T14:49:41Z,https://github.com/Teal-ios/Shopping
MVI,repo_search,MVI,960140312,Kamrannv/ExchangeTracker-App,ExchangeTracker-App,"SwiftUI, MVI, Clean architecture","exchange-rates,ios,mvi,mvi-architecture,swift,swiftui-example",0,0,0,0,Swift,2025-04-03T23:33:16Z,2025-05-01T05:12:32Z,https://github.com/Kamrannv/ExchangeTracker-App
MVI,repo_search,MVI,901022405,ahmetbostanciklioglu/MVI-Pattern-SwiftUI,MVI-Pattern-SwiftUI,MVI Design Pattern Project -  SwiftUI,,0,1,0,0,Swift,2024-12-09T22:37:51Z,2024-12-09T22:37:59Z,https://github.com/ahmetbostanciklioglu/MVI-Pattern-SwiftUI
MVI,repo_search,MVI,663985895,AleManni/SwiftUI-MVI,SwiftUI-MVI,"Proof of concept for a protocol oriented MVI implementation, SwiftUI friendly.",,0,0,0,0,Swift,2023-07-08T15:56:54Z,2023-07-08T16:01:49Z,https://github.com/AleManni/SwiftUI-MVI
MVI,repo_search,MVI,1051608573,imsaba16/SwiftUI-MVI,SwiftUI-MVI,,,0,0,0,0,Swift,2025-09-06T11:00:39Z,2026-04-01T08:24:39Z,https://github.com/imsaba16/SwiftUI-MVI
MVI,repo_search,MVI,1078611392,Segyun/SwiftUI-MVI,SwiftUI-MVI,,,1,0,1,0,Swift,2025-10-18T03:34:45Z,2026-04-05T03:31:27Z,https://github.com/Segyun/SwiftUI-MVI
MVI,repo_search,MVI,1203026427,gtiplea/MVI-SwiftUI,MVI-SwiftUI,,,0,0,0,0,Swift,2026-04-06T16:41:47Z,2026-04-10T09:01:14Z,https://github.com/gtiplea/MVI-SwiftUI
MVI,repo_search,MVI,634874955,emilyj4482/ToDoList_SwiftUI,ToDoList_SwiftUI,ToDoList 앱을 SwiftUI와 MVI 아키텍처로 구현해보기,,0,0,0,0,Swift,2023-05-01T12:42:13Z,2025-09-19T16:00:54Z,https://github.com/emilyj4482/ToDoList_SwiftUI
MVI,repo_search,MVI,529406979,aluco100/MVI-SwiftUI,MVI-SwiftUI,,,0,0,0,0,Swift,2022-08-26T21:16:05Z,2022-08-26T21:18:04Z,https://github.com/aluco100/MVI-SwiftUI
MVI,repo_search,MVI,1135707260,kashyaprrathod/SwiftUi-MVI,SwiftUi-MVI,,,0,0,0,0,Swift,2026-01-16T13:31:20Z,2026-01-16T13:36:51Z,https://github.com/kashyaprrathod/SwiftUi-MVI
MVI,repo_search,MVI,658769803,JeikZim/todo_swiftui_mvi,todo_swiftui_mvi,,,0,0,0,0,Swift,2023-06-26T13:04:49Z,2023-06-26T13:04:57Z,https://github.com/JeikZim/todo_swiftui_mvi
MVI,repo_search,MVI,1077629431,nihat1337/AnimalSoundsApp,AnimalSoundsApp,Mini SwiftUI app with MVI pattern,,0,0,0,0,Swift,2025-10-16T14:11:16Z,2025-10-16T14:12:38Z,https://github.com/nihat1337/AnimalSoundsApp
MVI,repo_search,MVI,399472288,maganahalli/SwiftUiDemo,SwiftUiDemo,"Demo Project using SwiftUI, Almofire etc using MVI pattern",,0,0,0,0,Swift,2021-08-24T13:17:43Z,2021-09-10T14:34:11Z,https://github.com/maganahalli/SwiftUiDemo
MVI,repo_search,MVI,451394189,Pavel71/Marvel_SwiftUI_MVI,Marvel_SwiftUI_MVI,,,0,1,0,0,Swift,2022-01-24T09:16:32Z,2022-01-24T09:21:07Z,https://github.com/Pavel71/Marvel_SwiftUI_MVI
MVI,repo_search,MVI,380326657,aluco100/MVI-SwiftUI-CleanArchitecture,MVI-SwiftUI-CleanArchitecture,,,0,0,0,0,Swift,2021-06-25T18:40:04Z,2021-07-02T15:53:53Z,https://github.com/aluco100/MVI-SwiftUI-CleanArchitecture
MVI,repo_search,MVI,532118402,davidaziz95/Movie-App-SwiftUI-MVI,Movie-App-SwiftUI-MVI,,,0,0,0,0,Swift,2022-09-03T00:51:32Z,2022-09-03T00:51:37Z,https://github.com/davidaziz95/Movie-App-SwiftUI-MVI
MVI,repo_search,MVI,594516959,Hongpil/SwiftUI_MVI_MovieSearch,SwiftUI_MVI_MovieSearch,,,0,0,0,0,Swift,2023-01-28T19:42:48Z,2023-01-28T21:34:03Z,https://github.com/Hongpil/SwiftUI_MVI_MovieSearch
MVI,repo_search,MVI,689296780,mohamadrezakoohkan/RandomUserClient,RandomUserClient,RandomUser API iOS demonstration in SwiftUI + MVI,,0,0,0,0,Swift,2023-09-09T11:20:37Z,2023-09-14T11:48:21Z,https://github.com/mohamadrezakoohkan/RandomUserClient
MVI,repo_search,MVI,861473526,DeokHo98/SwiftUI-MVI-Examples-PokedexApp,SwiftUI-MVI-Examples-PokedexApp,Study the MVI architecture pattern by creating an example app with SwiftUI.,,0,0,0,0,Swift,2024-09-23T01:02:56Z,2024-09-23T05:30:27Z,https://github.com/DeokHo98/SwiftUI-MVI-Examples-PokedexApp
MVI,repo_search,MVI,797610457,congtung10t2/CurrencyAssignment,CurrencyAssignment,Currency converting application write by SwiftUI + MVI pattern ,,0,0,0,0,Swift,2024-05-08T07:14:19Z,2024-05-08T07:17:33Z,https://github.com/congtung10t2/CurrencyAssignment
MVI,repo_search,MVI,1105036249,H0sungKim/CleanArchitectureMVI,CleanArchitectureMVI,"iOS Clean Architecture MVI Example (using SwiftUI, Combine, SPM)",,0,0,0,0,Swift,2025-11-27T03:39:10Z,2025-12-07T15:20:41Z,https://github.com/H0sungKim/CleanArchitectureMVI
MVI,repo_search,MVI,1134141840,ErikHellman/mvi-demo-ios,mvi-demo-ios,A demo of the MVI pattern for iOS and SwiftUI,,0,0,0,0,Swift,2026-01-14T10:02:33Z,2026-01-14T10:03:27Z,https://github.com/ErikHellman/mvi-demo-ios
MVI,repo_search,MVI,749334050,z-wook/Shopping,Shopping,"MVI Architecture, SwiftUI, UIKit, Combine을 활용한 커머스 페이지 구현",,0,0,0,0,Swift,2024-01-28T09:18:44Z,2024-03-08T22:12:11Z,https://github.com/z-wook/Shopping
MVI,repo_search,MVI,927225237,KsArt-IT/RouteMe-SwiftUI-iOS,RouteMe-SwiftUI-iOS,"iOS, Swift, SwiftUI, Clean Architecture, Clen Code, MVI, Feature Modules, DI Swinject, Router",,0,0,0,0,Swift,2025-02-04T16:01:11Z,2025-02-06T17:05:21Z,https://github.com/KsArt-IT/RouteMe-SwiftUI-iOS
MVI,repo_search,MVI,1124332853,p3d-dev/WAVE,WAVE,"SwiftUI framework implementing MVI architecture for clean, predictable state management.",,0,0,0,0,Swift,2025-12-28T20:31:08Z,2026-01-25T17:23:57Z,https://github.com/p3d-dev/WAVE
MVI,repo_search,MVI,1046709660,pickpickpick/TTMCP-Calculator,TTMCP-Calculator,Calculator module for News application using SwiftUI and MVI architecture,,0,0,0,0,Swift,2025-08-29T05:25:47Z,2025-08-29T05:28:39Z,https://github.com/pickpickpick/TTMCP-Calculator
MVI,repo_search,MVI,1191245135,ArpanaRani/NotesApp-MVI,NotesApp-MVI,"Notes app built using MVI architecture in SwiftUI, with SwiftData for local persistence and a clean unidirectional data flow.",,0,0,0,0,Swift,2026-03-25T03:50:27Z,2026-04-13T16:27:49Z,https://github.com/ArpanaRani/NotesApp-MVI
MVI,repo_search,MVI,1101078911,MrLfm/FMModuleC,FMModuleC,使用MVI+SwiftUI实现的业务C组件,,0,0,0,0,Swift,2025-11-21T06:54:09Z,2025-12-25T01:51:04Z,https://github.com/MrLfm/FMModuleC
MVI,repo_search,MVI,1177173046,anastasiamousa/Focusie,Focusie,"A minimal focus timer app for iPhone and iPad, built with SwiftUI and MVI.",,0,0,0,0,Swift,2026-03-09T19:11:13Z,2026-03-21T17:19:28Z,https://github.com/anastasiamousa/Focusie
MVI,repo_search,MVI,1031003655,wingsum93/mealplanner-ios,mealplanner-ios,It’s an iOS app built in SwiftUI using the MVI architecture that fetches and displays meal/recipe information from the public TheMealDB API. It’s essentially a front-end demo for browsing recipes.,"ios,mvi,swiftui,themealdb-api",0,0,0,1,Swift,2025-08-02T19:49:54Z,2026-01-15T19:51:21Z,https://github.com/wingsum93/mealplanner-ios
MVI,repo_search,MVI,1151934068,limengbeta888/iRecipe,iRecipe,"An iOS app built using Swift and SwiftUI, leveraging modern iOS architecture patterns (MVI). The app allows users to browse recipes, view recipe details, search recipes.",,0,0,0,0,Swift,2026-02-07T05:16:31Z,2026-02-12T23:19:42Z,https://github.com/limengbeta888/iRecipe
MVI,repo_search,MVI,1007660736,Yuldshev/MarvelHeroApp,MarvelHeroApp,"iOS-приложение на Swift с SwiftUI и Concurrency для просмотра героев Marvel. Поддерживает поиск, фильтрацию и детальный просмотр. Использует внешний API и архитектуру MVI для чистого и масштабируемого кода.","concurrency,kingfisher,swift,swiftui,xcode,xctest",0,1,0,0,Swift,2025-06-24T10:34:40Z,2025-06-28T11:38:33Z,https://github.com/Yuldshev/MarvelHeroApp
MVI,repo_search,MVI,772591740,ferencIOS/CryptoPulse,CryptoPulse,"CryptoPulse: A Swift-based iOS app providing real-time insights and analytics on the top ten cryptocurrencies, designed with SwiftUI and MVI architecture for a seamless user experience.","charts-ios,cryptocurrency,swift",0,0,0,7,Swift,2024-03-15T13:54:12Z,2024-03-25T07:21:06Z,https://github.com/ferencIOS/CryptoPulse
MVI,repo_search,MVI;Model View Intent;Model-View-Intent,1115883967,m-honcharenko/Feeder_iOS,Feeder_iOS,"RSS Feeder iOS Client | A high-performance news reader built with SwiftUI & Combine. Features a robust MVI-C (Model-View-Intent-Coordinator) architecture, Firebase backend integration, and a custom UIKit-based navigation stack for seamless user experience. Includes local sorting, offline caching, and asynchronous image processing.","combine,coordinator,firebase,ios,mvi,swift,swiftui,uikit",0,0,0,0,Swift,2025-12-13T18:45:53Z,2026-01-09T19:21:29Z,https://github.com/m-honcharenko/Feeder_iOS
MVI,repo_search,MVI,1035098300,victorapp12/Argos,Argos,"Argos — iOS app built with SwiftUI + SwiftData using MVI architecture. Designed to track and split shared credit card purchases between two or more people, with support for multiple cards, installment tracking, monthly bill summaries, and iCloud sync.",,0,0,0,0,Swift,2025-08-09T16:47:29Z,2025-08-09T17:43:23Z,https://github.com/victorapp12/Argos
MVI,readme_search,MVI,588005013,Medvedev91/timeto.me,timeto.me,"App with goals, checklists, tasks, repetitive tasks, timer, calendar, notes, shortcuts, pomodoro and 24/7 time tracking. 🙀",,0,0,0,0,,,,https://github.com/Medvedev91/timeto.me
MVI,repo_search,Model View Intent;Model-View-Intent,1056281280,TonyCao368/SearchMusicApp,SearchMusicApp,"This project involves is built with SwiftUI, Combine and Model-View-Intent  architecture. It implement the DEEZER API to search music, explore radio stations and manage bookmarks.",,0,0,0,0,Swift,2025-09-13T18:55:13Z,2025-10-30T20:25:12Z,https://github.com/TonyCao368/SearchMusicApp
MVI,readme_search,Model View Intent,632826313,msasikanth/twine,twine,Twine: A multiplatform RSS reader built using Kotlin and Compose,,0,0,0,0,,,,https://github.com/msasikanth/twine
MVI,readme_search,Model View Intent,1150343551,hrayleung/Jin,Jin,MacOS native ChatBot that just works.,,0,0,0,0,,,,https://github.com/hrayleung/Jin
RIBs,repo_search,RIBs,891619188,SwiftfulThinking/SwiftfulStarterProject,SwiftfulStarterProject,Starter project for VIPER/RIBs in SwiftUI,,71,16,71,0,Swift,2024-11-20T16:46:35Z,2026-04-25T22:42:55Z,https://github.com/SwiftfulThinking/SwiftfulStarterProject
RIBs,repo_search,RIBs,198127459,dehrom/RIBs-SwiftUI,RIBs-SwiftUI,My implementation of Uber/RIBs with SwiftUI and Combine,"architecture,combine,ribs,swift5,swiftui",57,10,57,2,Swift,2019-07-22T01:53:00Z,2025-12-26T03:00:10Z,https://github.com/dehrom/RIBs-SwiftUI
RIBs,repo_search,RIBs,602936232,son-iOS/SwiftUI-RIB,SwiftUI-RIB,Bringing RIB architecture to SwiftUI,,17,0,17,0,Swift,2023-02-17T09:07:00Z,2026-01-15T15:32:16Z,https://github.com/son-iOS/SwiftUI-RIB
RIBs,repo_search,RIBs,882144853,The-Mobile-Engineer/RIBs-SwiftUI-Example,RIBs-SwiftUI-Example,An example on how to use SwiftUI within a RIBs codebase by embedding UIHostingViewController into container UIKit ViewControllers,,9,2,9,0,Swift,2024-11-02T01:57:20Z,2025-09-11T15:09:39Z,https://github.com/The-Mobile-Engineer/RIBs-SwiftUI-Example
RIBs,repo_search,RIBs,249905279,imairi/HandlingUserInputRIBs,HandlingUserInputRIBs,try RIBs x SwiftUI,"ios,ribs,swift,swiftui",4,0,4,0,Swift,2020-03-25T06:38:43Z,2024-11-27T14:57:41Z,https://github.com/imairi/HandlingUserInputRIBs
RIBs,repo_search,RIBs,439903083,devffrey/likeNetflix,likeNetflix,Tuist + RIBs + SwiftUI + Combine,"combine,ribs,swiftui,tuist",2,0,2,0,Swift,2021-12-19T15:46:49Z,2024-11-27T15:01:57Z,https://github.com/devffrey/likeNetflix
RIBs,repo_search,RIBs,995861920,manhmeu1211/BaseProject-SwiftUI-Ribs,BaseProject-SwiftUI-Ribs,,,1,0,1,0,Swift,2025-06-04T05:49:30Z,2025-07-31T03:10:53Z,https://github.com/manhmeu1211/BaseProject-SwiftUI-Ribs
RIBs,repo_search,RIBs,1061810646,temptempest/RIBs,RIBs,RIBs SwiftUI Simple Example,,0,0,0,0,Swift,2025-09-22T12:17:03Z,2025-09-22T12:23:13Z,https://github.com/temptempest/RIBs
RIBs,repo_search,RIBs,683086873,khabibullet/TicTacToeRIBs,TicTacToeRIBs,Uber RIBs + SwiftUI tutorial project,,0,0,0,0,Swift,2023-08-25T15:07:35Z,2023-08-25T15:22:35Z,https://github.com/khabibullet/TicTacToeRIBs
RIBs,repo_search,RIBs,681055325,cschoi724/MoonManager,MoonManager,"This is substitute calculation.  Used Ribs, SwiftUI",,0,0,0,0,Swift,2023-08-21T06:59:57Z,2023-08-28T07:06:07Z,https://github.com/cschoi724/MoonManager
RIBs,repo_search,RIBs,653079253,devikkim/RIBs-SwiftUI,RIBs-SwiftUI,,,0,0,0,0,Swift,2023-06-13T11:16:13Z,2023-06-13T11:16:45Z,https://github.com/devikkim/RIBs-SwiftUI
RIBs,repo_search,RIBs,1057091926,alifu/PokeAPI-RIBs-iOS-SwiftUI,PokeAPI-RIBs-iOS-SwiftUI,This project is part of my iOS development portfolio,,0,0,0,0,Swift,2025-09-15T09:08:33Z,2025-10-13T09:29:07Z,https://github.com/alifu/PokeAPI-RIBs-iOS-SwiftUI
RIBs,repo_search,RIBs,966319506,Vinncz/fixpro-mobile,fixpro-mobile,"Helping you to report, track, and perform corrective maintenances in building management context.","ribs,swiftui,ticket-management",0,0,0,0,Swift,2025-04-14T18:35:13Z,2025-08-04T12:26:44Z,https://github.com/Vinncz/fixpro-mobile
MVVM-C,repo_search,MVVM Coordinator;MVVM-C,340845988,rundfunk47/stinsen,stinsen,"Coordinators in SwiftUI. Simple, powerful and elegant.","coordinator,coordinator-pattern,coordinators,ios,macos,macosx,mvvm,mvvm-c,swift,swift-library,swift5,swiftui,tvos,watchos",958,109,958,43,Swift,2021-02-21T07:43:58Z,2026-05-01T22:26:33Z,https://github.com/rundfunk47/stinsen
MVVM-C,repo_search,MVVM Coordinator;MVVM-C,368056656,huynguyencong/SwiftUI-MVVM-C,SwiftUI-MVVM-C,"An iOS template project using SwiftUI, Combine and MVVM-C software architecture","combine,coordinator,mvvm,swiftui",200,29,200,1,Swift,2021-05-17T04:40:51Z,2026-05-12T10:05:24Z,https://github.com/huynguyencong/SwiftUI-MVVM-C
MVVM-C,repo_search,MVVM-C,370168841,SwiftfulThinking/SwiftUI-Crypto-MVVM-CoreData-Combine,SwiftUI-Crypto-MVVM-CoreData-Combine,"Full source code for the SwiftUI Crypto App. The complete tutorial is available for free on my YouTube channel @SwiftfulThinking. The project uses MVVM Architecture, CoreData and Combine. Live cryptocurrency data is downloaded from CoinGecko API.",,153,22,153,1,Swift,2021-05-23T22:22:22Z,2026-04-15T08:17:27Z,https://github.com/SwiftfulThinking/SwiftUI-Crypto-MVVM-CoreData-Combine
MVVM-C,repo_search,MVVM Coordinator;MVVM-C,748365070,felilo/SUICoordinator,SUICoordinator,"Navigation coordinators for SWiftUI. Simple, powerful and elegant.","architecture-components,composition-root,coordinator-pattern,mvvm,mvvm-c,navigation-stack,swift,swiftui,tca,viper",137,9,137,0,Swift,2024-01-25T20:23:24Z,2026-05-02T21:37:34Z,https://github.com/felilo/SUICoordinator
MVVM-C,repo_search,MVVM-C,343415847,QuickBirdEng/XUI,XUI,"XUI makes modular, testable architectures for SwiftUI apps a breeze!","app-architecture,architecture,ios,mvvm,mvvm-c,state,state-management,swift,swift-ui,swiftui",118,15,118,4,Swift,2021-03-01T12:54:10Z,2024-10-04T16:16:26Z,https://github.com/QuickBirdEng/XUI
MVVM-C,repo_search,MVVM-C,654217912,hoangatuan/iMovie,iMovie,A SwiftUI project that apply Modular Architect & Clean Architect & MVVM-C. ,"clean-architecture,modular-architecture,mvvm,swiftui",112,11,112,8,Swift,2023-06-15T16:25:20Z,2026-04-21T02:03:42Z,https://github.com/hoangatuan/iMovie
MVVM-C,repo_search,MVVM Coordinator;MVVM-C,242413689,denissimon/iOS-MVVM-Clean-Architecture,iOS-MVVM-Clean-Architecture,Example iOS app designed using MVVM-C and Clean Architecture. Uses Swift Concurrency.,"app,architecture,async-await,clean-architecture,clean-code,coordinator,demo-app,interactor,ios,ios-app,mvvm,mvvm-architecture,mvvm-c,sqlite,swift,swift-concurrency,swift6,swiftui,viewmodel,xcode",58,12,58,0,Swift,2020-02-22T21:23:56Z,2026-04-07T09:05:25Z,https://github.com/denissimon/iOS-MVVM-Clean-Architecture
MVVM-C,repo_search,MVVM-C,381460066,zafarivaev/swiftui-mvvm-clean,swiftui-mvvm-clean,Sample app showcasing usage of Clean MVVM architecture in SwiftUI and Combine. Written for a Medium tutorial.,"clean-architecture,combine,mvvm,swift,swiftui",48,16,48,0,Swift,2021-06-29T18:24:10Z,2025-07-24T16:11:54Z,https://github.com/zafarivaev/swiftui-mvvm-clean
MVVM-C,repo_search,MVVM Coordinator;MVVM-C,719460000,k1ckdown/MovieCatalog,MovieCatalog,"Movies app demonstrating implementation of Clean Architecture, Dependency Injection, MVVM with View State and Coordinator in SwiftUI","clean-architecture,coordinator,coordinator-pattern,dependency-injection,ios,keychain,movies-app,mvvm,mvvm-c,mvvm-clean-architecture,realmswift,state-machine,swift,swift-concurrency,swiftui,swiftui-mvvm,swiftui-navigation,udf,urlsession,viewstate",47,3,47,0,Swift,2023-11-16T08:04:04Z,2026-04-09T10:29:41Z,https://github.com/k1ckdown/MovieCatalog
MVVM-C,repo_search,MVVM Coordinator;MVVM-C,349845039,brunoccy/SPM-Coordinator-SwiftUI,SPM-Coordinator-SwiftUI,Modular Architecture with MVVM-C + SPM + SwiftUI,,33,6,33,1,Swift,2021-03-20T22:06:48Z,2025-12-09T08:20:07Z,https://github.com/brunoccy/SPM-Coordinator-SwiftUI
MVVM-C,repo_search,MVVM-C,492427539,cesmejia/SwiftUI-MVVM-CoreData-Async-Unit-Tests-Template,SwiftUI-MVVM-CoreData-Async-Unit-Tests-Template,"This is the default Xcode SwiftUI Core Data Template updated with: MVVM Architecture, Concurrency (Async/await) and Unit-Tests",,29,0,29,0,Swift,2022-05-15T08:19:03Z,2026-02-23T21:30:32Z,https://github.com/cesmejia/SwiftUI-MVVM-CoreData-Async-Unit-Tests-Template
MVVM-C,repo_search,MVVM Coordinator;MVVM-C,1065327069,dotaeva/scaffolding,scaffolding,Macro-powered SwiftUI navigation using the Coordinator pattern — type-safe routes with zero boilerplate.,"coordinators,flowstacks,ios,modular,mvvm,mvvm-c,navigation,spm,stinsen,swift,swift-macro,swiftui",25,2,25,0,Swift,2025-09-27T13:56:12Z,2026-05-04T18:52:00Z,https://github.com/dotaeva/scaffolding
MVVM-C,repo_search,MVVM-C,288258753,kojiba/SwiftUI-architectures,SwiftUI-architectures,"Comparison of SwiftUI Architecture approaches: Component, Protocol (MVVM-C), Reactive (MVVM-C)","architectures,generic-programming,mvvm-c,mvvm-coordinator,protocol-oriented-programming,reactive-programming,swift,swift5,swiftui,view,viewmodel",24,2,24,0,Swift,2020-08-17T18:39:52Z,2025-08-27T12:24:25Z,https://github.com/kojiba/SwiftUI-architectures
MVVM-C,repo_search,MVVM-C,646125657,huyparody/CleanArchitecture-MVVM-C-SwiftUI,CleanArchitecture-MVVM-C-SwiftUI,Example of Clean Architecture iOS app using Combine and MVVM-C pattern in SwiftUI,"clean-architecture,clean-code,combine,depedency-injection,ios,swift,switfui",16,8,16,0,Swift,2023-05-27T11:17:55Z,2025-09-03T16:58:10Z,https://github.com/huyparody/CleanArchitecture-MVVM-C-SwiftUI
MVVM-C,repo_search,MVVM Coordinator;MVVM-C,834112684,igorkulman/SwiftUISampleApp,SwiftUISampleApp,SwiftUI rewrite of my iOSSampleApp aimed to learn SwiftUI.,"binding,coordinator,coordinator-pattern,dependency-injection,ios,mvvm,mvvm-architecture,mvvm-c,mvvm-coordinator,swift,swiftui",16,6,16,0,Swift,2024-07-26T12:52:26Z,2026-02-27T17:11:44Z,https://github.com/igorkulman/SwiftUISampleApp
MVVM-C,repo_search,MVVM Coordinator;MVVM-C,608874236,felilo/ALCoordinator,ALCoordinator,"Coordinators either UIKit or SWiftUI. Simple, powerful and elegant.","coordinator-pattern,mvvm,mvvm-c,navigation-stack,swift,swiftui,viper",12,0,12,0,Swift,2023-03-02T23:00:53Z,2025-03-15T10:47:32Z,https://github.com/felilo/ALCoordinator
MVVM-C,repo_search,MVVM-C,1120444650,claustrofob/Router,Router,Simple and effective routing system for SwiftUI apps,"clean-architecture,coordinator-pattern,mvvm,mvvm-c,navigationstack,router,routing,spm,swift,swiftpackagemanager,swiftui",12,0,12,0,Swift,2025-12-21T08:18:12Z,2026-04-27T05:33:04Z,https://github.com/claustrofob/Router
MVVM-C,repo_search,MVVM Coordinator;MVVM-C,352613277,cicerocamargo/SwiftUI-MVVM-Coordinator,SwiftUI-MVVM-Coordinator,"A way to implement the Coordinator pattern with SwiftUI + MVVM, decoupling connected Views.",,10,5,10,0,Swift,2021-03-29T11:06:30Z,2024-06-19T00:51:00Z,https://github.com/cicerocamargo/SwiftUI-MVVM-Coordinator
MVVM-C,repo_search,MVVM Coordinator;MVVM-C,873100291,edon2005/CoordinatorX,CoordinatorX,"A SwiftUI navigation framework for iOS, macOS, tvOS, watchOS, and visionOS, based on the coordinator pattern.","coordinator,coordinator-pattern,ios,ios-swift,ios-swiftui,macos,macos-swift,mvvm,mvvm-architecture,mvvm-c,swift,swiftui,swiftui-coordinator,swiftui-framework,tvos,tvos-framework,visionos,visionos-app,watchos,watchos-development",9,4,9,0,Swift,2024-10-15T15:46:17Z,2026-01-06T14:14:06Z,https://github.com/edon2005/CoordinatorX
MVVM-C,repo_search,MVVM-C,369256078,alizainprasla/MVVM-Combine-SwiftUI,MVVM-Combine-SwiftUI,"Binance app using SwiftUI, Combine and MVVM Design Pattern","combine,mvvm,swift,swiftui",8,3,8,0,Swift,2021-05-20T15:32:18Z,2025-10-05T00:46:37Z,https://github.com/alizainprasla/MVVM-Combine-SwiftUI
MVVM-C,repo_search,MVVM-C,440090801,jerryga/SwiftUI-MVVM-Combine,SwiftUI-MVVM-Combine,A demo demonstrates how to use combine and MVVM in the SwiftUI app.,,8,1,8,0,Swift,2021-12-20T08:11:29Z,2025-11-27T09:32:02Z,https://github.com/jerryga/SwiftUI-MVVM-Combine
MVVM-C,repo_search,MVVM-C,738692782,JonatanOrtiz/Similarity,Similarity,"An app dedicated to the study and implementation of SOLID, MVVM-C, Modularization, SwiftUI, Combine, SPM, XCodeGen, Makefile, SwiftGen, SwiftLint, iOS Automation, CI/CD (Jenkin, Fastlane, Github App) and other technologies and patterns.","automation,ci-cd,combine,fastlane,githubapp,jenkins,makefile,modularization,mvvm-c,solid,spm,swift-package-manager,swiftgen,swiftlint,swiftui,xcodegen",8,2,8,0,Swift,2024-01-03T20:28:28Z,2025-12-27T18:02:43Z,https://github.com/JonatanOrtiz/Similarity
MVVM-C,repo_search,MVVM-C,825349987,ArunaUd92/MVVM-CleanArchitecture,MVVM-CleanArchitecture,"Template iOS app using Clean Architecture and MVVM. The app is built using SwiftUI and Combine. It includes the following components: UseCase, Repository, Network, and ViewModels, ensuring a modular, maintainable, and testable architecture.","clean-architecture,ios,mvvm,mvvm-architecture,swift,swiftui,viewmodel,xcode",7,1,7,0,Swift,2024-07-07T14:40:42Z,2025-06-29T04:20:56Z,https://github.com/ArunaUd92/MVVM-CleanArchitecture
MVVM-C,repo_search,MVVM-C,273891642,kiratheone/SwiftUI-MVVM-Combine-FoodRecipes,SwiftUI-MVVM-Combine-FoodRecipes,"A Sample iOS project built using the MVVM design pattern, Combine, dependency injection, and SwiftUI Framework","combine,dependency-injection,ios,mvvm,sw,swiftui",6,1,6,0,Swift,2020-06-21T11:35:35Z,2025-05-22T22:49:02Z,https://github.com/kiratheone/SwiftUI-MVVM-Combine-FoodRecipes
MVVM-C,repo_search,MVVM-C,244392237,abdulbasit18/PaperShift-AdventCalender,PaperShift-AdventCalender,"A generic Advent Calendar iOS Application consisting of 24 door with amazing gifts using SwiftUI, Combine, MVVM, Unit Testing","advent-calendar-ios,architecture,combine-framework,gifts,mvvm,mvvm-c,swiftui",6,0,6,0,Swift,2020-03-02T14:31:56Z,2024-12-15T09:34:17Z,https://github.com/abdulbasit18/PaperShift-AdventCalender
MVVM-C,repo_search,MVVM-C,887146719,heyflavio/SwiftUI-MVVM-C-Best-Practices,SwiftUI-MVVM-C-Best-Practices,,,5,0,5,0,Swift,2024-11-12T08:48:11Z,2026-02-18T11:21:40Z,https://github.com/heyflavio/SwiftUI-MVVM-C-Best-Practices
MVVM-C,repo_search,MVVM-C,1003737594,cerdeuk/CERTI-iOS,CERTI-iOS,At SOPT 36기 최우수상 Certi-iOS,"clean-architecture,mvvm-c,swiftui",5,0,5,0,Swift,2025-06-17T15:34:42Z,2026-03-22T14:49:43Z,https://github.com/cerdeuk/CERTI-iOS
MVVM-C,repo_search,MVVM-C,919250389,Team-walkies/Walkie-iOS,Walkie-iOS,럭키워키잔아 ~,"combine,ios,mvvm-c,swiftui",5,0,5,2,Swift,2025-01-20T03:32:52Z,2025-11-28T02:43:10Z,https://github.com/Team-walkies/Walkie-iOS
MVVM-C,repo_search,MVVM-C,396488102,burhanaras/ListenHub-AudioBooks,ListenHub-AudioBooks,An audio book app to show modern iOS development with SwiftUI + Combine on MVVM-C architecture.,"combine,mvvm,swift,swiftui",5,0,5,0,Swift,2021-08-15T20:38:37Z,2025-03-09T10:21:51Z,https://github.com/burhanaras/ListenHub-AudioBooks
MVVM-C,repo_search,MVVM-C,819708472,giirugiru/MVVM-Combine-SwiftUI,MVVM-Combine-SwiftUI,,,4,4,4,0,Swift,2024-06-25T03:50:06Z,2024-09-18T18:20:33Z,https://github.com/giirugiru/MVVM-Combine-SwiftUI
MVVM-C,repo_search,MVVM-C,786703567,JARNBOY/Coffee_Papon_OPN_WK,Coffee_Papon_OPN_WK,MVVM+C + SwiftUI,,4,0,4,0,Swift,2024-04-15T06:30:40Z,2024-08-21T08:48:30Z,https://github.com/JARNBOY/Coffee_Papon_OPN_WK
MVVM-C,repo_search,MVVM-C,541529053,maxkalik/uikit-swift-to-swiftui,uikit-swift-to-swiftui,MVVM+C UIKit project with SwiftUI,,4,1,4,0,Swift,2022-09-26T10:30:29Z,2025-01-03T01:43:35Z,https://github.com/maxkalik/uikit-swift-to-swiftui
MVVM-C,repo_search,MVVM-C,869928865,Yoppei/swiftui-mvvm-clean-architecture-todo,swiftui-mvvm-clean-architecture-todo,ToDo - SwiftUI & Clean Architecture,,4,0,4,0,Swift,2024-10-09T06:31:59Z,2025-11-25T05:10:11Z,https://github.com/Yoppei/swiftui-mvvm-clean-architecture-todo
MVVM-C,repo_search,MVVM-C,422995619,ahmdmhasn/ModernMVVM-Combine-SwiftUI,ModernMVVM-Combine-SwiftUI,Demo implementing Modern MVVM with Combine and SwiftUI,"combine,swift,swiftui",4,0,4,0,Swift,2021-10-30T21:37:07Z,2024-01-22T12:03:12Z,https://github.com/ahmdmhasn/ModernMVVM-Combine-SwiftUI
MVVM-C,repo_search,MVVM-C,752029429,BerkaySancar/CryptoApp-MVVM,CryptoApp-MVVM,Cryptocurrencies information app with Swift UIKit.,"cryptocurrency,firebase,firebaseremoteconfig,generics,mvvm,mvvm-c,rest-api,swift,swiftui,uikit",4,1,4,0,Swift,2024-02-02T21:18:53Z,2024-03-03T07:31:57Z,https://github.com/BerkaySancar/CryptoApp-MVVM
MVVM-C,repo_search,MVVM Coordinator;MVVM-C,793518232,k1ckdown/WordsFactory,WordsFactory,"Education iOS app demonstrating implementation of Clean + Modular Architecture using SPM, Dependency Injection, MVVM with View State and Coordinator in SwiftUI","clean-architecture,coordinator,coredata,dependency-injection,firebase,ios,modular-architecture,modularization,mvvm,mvvm-c,mvvm-clean-architecture,swift,swift-concurrency,swiftui,swiftui-mvvm,swiftui-navigation,udf,urlsession,viewstate,widgets",4,0,4,0,Swift,2024-04-29T11:26:33Z,2026-04-09T10:29:43Z,https://github.com/k1ckdown/WordsFactory
MVVM-C,repo_search,MVVM-C,834800845,lukaszosiennik/swiftui-on-mvvmc,swiftui-on-mvvmc,SwiftUI on MVVM-C,"clean-architecture,clean-code,mvvm,mvvm-c,swiftui",3,1,3,0,Swift,2024-07-28T12:03:10Z,2026-03-08T16:28:42Z,https://github.com/lukaszosiennik/swiftui-on-mvvmc
MVVM-C,repo_search,MVVM-C,216965675,gandhimena/SwiftUI-Combine-MVVM-Clean,SwiftUI-Combine-MVVM-Clean,,,3,1,3,0,Swift,2019-10-23T04:09:16Z,2020-02-05T20:54:15Z,https://github.com/gandhimena/SwiftUI-Combine-MVVM-Clean
MVVM-C,repo_search,MVVM Coordinator;MVVM-C,633336378,dmytrochumakov/MVVM-Coordinator-Template,MVVM-Coordinator-Template,Xcode template for SwiftUI MVVM+Coordinator architecture,"ios,mvvm-coordinator,swift,swiftui,xcode-template",3,1,3,0,Swift,2023-04-27T09:27:03Z,2025-03-25T13:48:40Z,https://github.com/dmytrochumakov/MVVM-Coordinator-Template
MVVM-C,repo_search,MVVM-C,481461401,Alexander-Sobolev/SwiftUI-CryptoApp-MVVM-CoreData-Combine,SwiftUI-CryptoApp-MVVM-CoreData-Combine,Simple CryptoApp using SwiftUI-MVVM-CoreData-Combine,,3,0,3,0,Swift,2022-04-14T04:08:54Z,2023-05-23T09:00:22Z,https://github.com/Alexander-Sobolev/SwiftUI-CryptoApp-MVVM-CoreData-Combine
MVVM-C,repo_search,MVVM Coordinator;MVVM-C,1010318865,Kous92/Test-iOS-leboncoin-2021-version-2025-SwiftUI,Test-iOS-leboncoin-2021-version-2025-SwiftUI,"Une version améliorée, en SwiftUI, de ma réalisation lors du test iOS de leboncoin dans le cadre du processus de recrutement en tant que développeur iOS, à l'époque en 2021.","clean-architecture,coordinator,mvvm,mvvm-c,swift6,swiftconcurrency,swiftui",3,0,3,0,Swift,2025-06-28T20:17:59Z,2025-10-01T18:27:34Z,https://github.com/Kous92/Test-iOS-leboncoin-2021-version-2025-SwiftUI
MVVM-C,repo_search,MVVM Coordinator;MVVM-C,1117464962,matteom/Recipes,Recipes,A sample iOS app in SwiftUI showcasing coordinators in MVVM.,"coordinator-pattern,mvvm,mvvm-architecture,mvvm-c,mvvm-coordinator,mvvm-pattern,navigation,navigation-link,navigation-stack,swiftui",3,0,3,1,Swift,2025-12-16T10:55:05Z,2026-04-14T10:17:31Z,https://github.com/matteom/Recipes
MVVM-C,repo_search,MVVM Coordinator;MVVM-C,910067664,bilallmughal/Notes-SwiftUI-MVVM-Coordinator,Notes-SwiftUI-MVVM-Coordinator,Notes App in SwiftUI using MVVM-C,,2,0,2,0,Swift,2024-12-30T12:13:41Z,2025-01-07T15:57:58Z,https://github.com/bilallmughal/Notes-SwiftUI-MVVM-Coordinator
MVVM-C,repo_search,MVVM Coordinator;MVVM-C,608417124,kekearif/swiftui-mvvm-coordinator,swiftui-mvvm-coordinator,SwiftUI MVVM Coordinator pattern demo,,2,0,2,0,Swift,2023-03-02T01:06:08Z,2025-02-18T21:24:25Z,https://github.com/kekearif/swiftui-mvvm-coordinator
MVVM-C,repo_search,MVVM-C,566373477,adilyousufofficial/SwiftUI_MVVM_CoreData_Practice,SwiftUI_MVVM_CoreData_Practice,,,2,0,2,0,Swift,2022-11-15T14:39:38Z,2025-08-28T08:34:00Z,https://github.com/adilyousufofficial/SwiftUI_MVVM_CoreData_Practice
MVVM-C,repo_search,MVVM-C,576273418,lazar403/MVVM-Calculator,MVVM-Calculator,An MVVM Calculator in SwiftUI. Credits to designer. Url: https://dribbble.com/shots/14709020-Calculator,"architecture,calculator,ios,ios-app,ios-development,ios-device,learning-by-doing,mvvm,mvvm-architecture,native,swift,swiftui,xcode",2,0,2,0,Swift,2022-12-09T12:34:25Z,2023-07-30T09:49:51Z,https://github.com/lazar403/MVVM-Calculator
MVVM-C,repo_search,MVVM-C,1117883297,ugurhmz/SwiftUI-MVVM-Clean-Data-Rick-Morty-Karakter-Listeleme,SwiftUI-MVVM-Clean-Data-Rick-Morty-Karakter-Listeleme,"Rick & Morty API kullanarak karakterlerin listelendiği, pagination ve modern hata yönetimi içeren ana akışı yönetir. SwiftUI ve MVVM mimarisi kullanılarak geliştirilmiştir. Kod okunabilirliğini ve bakımını kolaylaştırmak amacıyla ""View Decomposition"" (Görünüm Parçalama) ve ""Data Transfer Object (DTO)"" desenleri uygulanmıştir.",,2,0,2,0,Swift,2025-12-17T00:38:49Z,2026-02-18T22:07:18Z,https://github.com/ugurhmz/SwiftUI-MVVM-Clean-Data-Rick-Morty-Karakter-Listeleme
MVVM-C,repo_search,MVVM-C,640791240,FerrorNetwork/AdsApp,AdsApp,Приложение для продажи вещей эмигрантам на русском языке. RXSwift + MVVM-C + UIKit + SwiftUI,,2,0,2,0,Swift,2023-05-15T06:21:00Z,2025-07-12T19:43:20Z,https://github.com/FerrorNetwork/AdsApp
MVVM-C,repo_search,MVVM-C,824695024,dalkilicyasin/boatsail,boatsail,This is SwiftUI project. Used UIKit and SwiftUI powered by Realm,"coordinator-pattern,mvvm,mvvm-c,programmaticui,realm,snapkit,swift,swiftui,uikit",2,0,2,0,Swift,2024-07-05T17:56:09Z,2024-09-01T18:23:48Z,https://github.com/dalkilicyasin/boatsail
MVVM-C,repo_search,MVVM-C,1140060009,ugurhmz/RickAndMorty-Modular-MVVMC-UIKit-SwiftUI,RickAndMorty-Modular-MVVMC-UIKit-SwiftUI,"A scalable iOS application built with Modular Architecture (SPM), MVVM-C Pattern, and Hybrid UI (UIKit Navigation + SwiftUI Views). Features strict dependency injection, unit testing, and clean architecture.",,2,0,2,0,Swift,2026-01-22T19:19:51Z,2026-02-18T15:15:05Z,https://github.com/ugurhmz/RickAndMorty-Modular-MVVMC-UIKit-SwiftUI
MVVM-C,repo_search,MVVM-C,805194186,paulolazarini/Popcorn-Share,Popcorn-Share,"Popcorn Share is an iOS app built with SwiftUI and UIKit, following the MVVM-C architecture. It allows users to discover, share, and review movies while managing favorites and creating collaborative playlists. Firebase handles user authentication and backend operations.","ios,swift,swift-package-manager,swiftui,uikit",2,0,2,0,Swift,2024-05-24T04:32:49Z,2025-04-16T03:15:22Z,https://github.com/paulolazarini/Popcorn-Share
MVVM-C,repo_search,MVVM-C,494164275,devpass-tech/challenge-mvvm-chucknorris,challenge-mvvm-chucknorris,Base project for Devpass' Dev Sprints,"hacktoberfest,ios,mvvm,swiftui",1,4,1,0,Swift,2022-05-19T17:17:09Z,2022-10-10T14:02:48Z,https://github.com/devpass-tech/challenge-mvvm-chucknorris
MVVM-C,repo_search,MVVM-C,1200598129,sudebsm/MVVM-C,MVVM-C,MVVM-C SwiftUI iOS 17,,1,0,1,0,Swift,2026-04-03T15:50:23Z,2026-04-03T18:42:12Z,https://github.com/sudebsm/MVVM-C
MVVM-C,repo_search,MVVM-C,826009986,WajihBenabdessalem/MVVM-C_SwiftUI_Combine,MVVM-C_SwiftUI_Combine,MVVM-C_SwiftUI_Combine example,,1,0,1,0,Swift,2024-07-09T00:06:44Z,2024-09-05T11:47:16Z,https://github.com/WajihBenabdessalem/MVVM-C_SwiftUI_Combine
MVVM-C,repo_search,MVVM-C,478879991,aresxin/swiftui-mvvm-combine,swiftui-mvvm-combine,swiftui mvvm combine,,1,0,1,0,Swift,2022-04-07T07:47:22Z,2023-05-31T08:03:14Z,https://github.com/aresxin/swiftui-mvvm-combine
MVVM-C,repo_search,MVVM-C,1061715583,sourov2008/SwiftUI-MVVM-Clean,SwiftUI-MVVM-Clean,"Example iOS app built with SwiftUI and Clean Architecture (MVVM). Focused on separation of concerns, dependency injection, and scalability, testability for real world production projects.","clean-architecture,modularization,mvvm-architecture,oop-principles,scalability,solid-principles,swift,swiftui,testability",1,1,1,0,Swift,2025-09-22T09:36:22Z,2026-01-31T09:29:37Z,https://github.com/sourov2008/SwiftUI-MVVM-Clean
MVVM-C,repo_search,MVVM-C,451236089,maxches99/SwiftUI-MVVM-C,SwiftUI-MVVM-C,,,1,0,1,0,Swift,2022-01-23T21:31:10Z,2022-02-01T10:35:54Z,https://github.com/maxches99/SwiftUI-MVVM-C
MVVM-C,repo_search,MVVM-C,200536252,dtroupe18/SwiftUI-MVVM-Combine,SwiftUI-MVVM-Combine,,"combine,ios13,swiftui,swiftui-combineviews,swiftui-example",1,0,1,0,Swift,2019-08-04T20:03:08Z,2020-04-15T12:35:59Z,https://github.com/dtroupe18/SwiftUI-MVVM-Combine
MVVM-C,repo_search,MVVM-C,563469821,will-sdk/SwiftUI-MVVM-Combine,SwiftUI-MVVM-Combine,,,1,0,1,0,Swift,2022-11-08T17:19:23Z,2024-04-11T05:55:59Z,https://github.com/will-sdk/SwiftUI-MVVM-Combine
MVVM-C,repo_search,MVVM-C,981579793,abdulmanum/Mvvm-Crud-with-SwiftUI,Mvvm-Crud-with-SwiftUI,Here we do the CRUD with Swift UI using MVVM Pattern with the Apis,,1,0,1,0,Swift,2025-05-11T12:37:52Z,2026-05-05T22:35:04Z,https://github.com/abdulmanum/Mvvm-Crud-with-SwiftUI
MVVM-C,repo_search,MVVM-C,901746197,alin19xx/SwiftUI-MVVM-Clean-Architecture,SwiftUI-MVVM-Clean-Architecture,Application built with SwiftUI and following MVVM architecture combined with Clean Architecture principles.,"clean-architecture,mvvm,swiftui,testing",1,0,1,0,Swift,2024-12-11T08:36:15Z,2024-12-15T17:34:24Z,https://github.com/alin19xx/SwiftUI-MVVM-Clean-Architecture
MVVM-C,repo_search,MVVM-C,1132396088,mohamedmaiz/swiftui-mvvm-clean_architecture-di,swiftui-mvvm-clean_architecture-di,,,1,0,1,0,Swift,2026-01-11T22:01:50Z,2026-01-14T15:44:03Z,https://github.com/mohamedmaiz/swiftui-mvvm-clean_architecture-di
MVVM-C,repo_search,MVVM-C,785614877,LarryBrian/SwiftUI_MVVM_Cash_Register_App,SwiftUI_MVVM_Cash_Register_App,"Small App created from past coding challenge. Includes MVVM, SwiftUI, and Unit Tests (>95% coverage)",,1,0,1,0,Swift,2024-04-12T08:49:25Z,2024-04-12T22:13:52Z,https://github.com/LarryBrian/SwiftUI_MVVM_Cash_Register_App
MVVM-C,repo_search,MVVM-C,535414165,dbgarcia/mvvm-clean-architecture-swiftui-tv-shows,mvvm-clean-architecture-swiftui-tv-shows,Demo MVVM + Clean Architecture with SwiftUI,"clean-architecture,mvvm-architecture,swiftui",1,0,1,0,Swift,2022-09-11T20:12:05Z,2022-11-30T15:00:11Z,https://github.com/dbgarcia/mvvm-clean-architecture-swiftui-tv-shows
MVVM-C,repo_search,MVVM-C,757709760,sajib-ghosh-iOS/Demo_Clean_MVVM_Combine_SwiftUI,Demo_Clean_MVVM_Combine_SwiftUI,An iOS app which fetches product list from public api. This project is built using Clean architecture with MVVM. SwiftUI and Combine framework have been used.,,1,0,1,0,Swift,2024-02-14T20:19:05Z,2024-12-15T19:37:21Z,https://github.com/sajib-ghosh-iOS/Demo_Clean_MVVM_Combine_SwiftUI
MVVM-C,repo_search,MVVM-C,1120466333,OSTAPMARCHENKO/ios-swiftui-clean-MVVM-C-boilerplate,ios-swiftui-clean-MVVM-C-boilerplate,"A standardized iOS project foundation designed to separate business logic from UI, enabling high testability and modularity",,1,0,1,0,Swift,2025-12-21T09:24:02Z,2026-03-05T16:59:03Z,https://github.com/OSTAPMARCHENKO/ios-swiftui-clean-MVVM-C-boilerplate
MVVM-C,repo_search,MVVM-C,811433422,hydro1337x/movies-ios,movies-ios,"Movies App created wit SwiftUI, MVVM-C and Clean Architecture principles",,1,0,1,0,Swift,2024-06-06T15:34:14Z,2024-06-10T15:04:44Z,https://github.com/hydro1337x/movies-ios
MVVM-C,repo_search,MVVM-C,893177713,JPGuptaJee/SwiftUINavigation,SwiftUINavigation,"This repo will provide detailed explaination and implementation to manage the navigation system in whole SwiftUI app along with any architectures e.g. MVVM, MVC, MVVM-C, Viper",,1,0,1,0,Swift,2024-11-23T18:29:26Z,2024-11-26T07:05:47Z,https://github.com/JPGuptaJee/SwiftUINavigation
MVVM-C,repo_search,MVVM-C,602326230,gopolons/currency_converter,currency_converter,"Simple currency converter app built in SwiftUI, using MVVM-C architecture and Combine",,1,0,1,0,Swift,2023-02-16T01:03:18Z,2023-03-01T13:39:24Z,https://github.com/gopolons/currency_converter
MVVM-C,repo_search,MVVM-C,990010001,horseshoe7/HSNavigationCoordination,HSNavigationCoordination,A demo of how MVVM-C can be realized in a SwiftUI app.,,1,0,1,0,Swift,2025-05-25T10:09:49Z,2025-06-18T06:27:54Z,https://github.com/horseshoe7/HSNavigationCoordination
MVVM-C,repo_search,MVVM-C,969124680,rajani-dev7/Modular-E-Commerce-App-SwiftUI-Combine-MVVM-Clean-Architecture-,Modular-E-Commerce-App-SwiftUI-Combine-MVVM-Clean-Architecture-,,,1,0,1,0,Swift,2025-04-19T12:50:57Z,2025-04-24T19:15:13Z,https://github.com/rajani-dev7/Modular-E-Commerce-App-SwiftUI-Combine-MVVM-Clean-Architecture-
MVVM-C,repo_search,MVVM-C,404454820,burhanaras/Recipes,Recipes,An app to show modern iOS app development: SwiftUI + Combine on MVVM-C With Tests,"mvvm,mvvm-c,swift,swiftui",1,0,1,0,Swift,2021-09-08T18:30:17Z,2023-05-28T13:47:40Z,https://github.com/burhanaras/Recipes
MVVM-C,repo_search,MVVM Coordinator;MVVM-C,1177792491,learna2zai/mvvm-coordinator-ios,mvvm-coordinator-ios,Sample applications with mvvm + coordinator pattern.,"coordinator-pattern,dependency-injection,ios,mvvm-architecture,solid-principles,swift-package-manager,swiftui",1,0,1,0,Swift,2026-03-10T11:28:36Z,2026-04-02T07:02:06Z,https://github.com/learna2zai/mvvm-coordinator-ios
MVVM-C,repo_search,MVVM-C,458835578,Krosdir/CryptoApp,CryptoApp,,"combine,coredata,mvvm-c,swiftui",1,0,1,0,Swift,2022-02-13T14:37:45Z,2023-03-09T12:15:38Z,https://github.com/Krosdir/CryptoApp
MVVM-C,repo_search,MVVM-C,1226379227,Chetan81289/TaskFlow-MVVM-Combine,TaskFlow-MVVM-Combine,"A production-grade task manager built to demonstrate modern iOS development. This project uses SwiftUI, Combine, and Core Data in a rigorously tested MVVM architecture",,1,0,1,0,Swift,2026-05-01T10:17:26Z,2026-05-01T10:50:31Z,https://github.com/Chetan81289/TaskFlow-MVVM-Combine
MVVM-C,repo_search,MVVM-C,441937129,burhanaras/Coinz,Coinz,"A demo app to showcase testable, modern iOS development with SwiftUI and Combine on MVVM-C architecture.",,1,1,1,0,Swift,2021-12-26T16:37:13Z,2023-05-28T13:52:07Z,https://github.com/burhanaras/Coinz
MVVM-C,repo_search,MVVM-C,549767084,kaspychala/Skapple,Skapple,App for smart kitchen scale Skale (https://skale.cc) written in SwiftUI using MVVM-C architecture pattern and Combine framework.,,1,0,1,0,Swift,2022-10-11T17:49:25Z,2023-02-04T23:50:31Z,https://github.com/kaspychala/Skapple
MVVM-C,repo_search,MVVM Coordinator;MVVM-C,1159238995,Erikote04/SwiftNavigation,SwiftNavigation,"A type-safe, MVVM-C navigation library for SwiftUI with @Observable coordinators, stack and nested modal routing, state restoration, and deep-link support.","coordinator,ios,mvvm,router,spm,swift,swift-concurrency,swift-package-manager,swiftui",1,0,1,0,Swift,2026-02-16T13:44:38Z,2026-04-15T14:30:46Z,https://github.com/Erikote04/SwiftNavigation
MVVM-C,repo_search,MVVM-C,982782424,jdzi3ci0l/RickAndMortyApp-MVVMC,RickAndMortyApp-MVVMC,"A small SwiftUI project built as a solution to a recruitment task, leveraging async/await concurrency model, MVVM-C architecture and Swift Testing framework.",,1,0,1,0,Swift,2025-05-13T11:57:55Z,2026-05-02T17:09:06Z,https://github.com/jdzi3ci0l/RickAndMortyApp-MVVMC
MVVM-C,repo_search,MVVM-C,901226953,Project-Qriz/iOS,iOS,SQLD 자격증 모의고사 iOS 앱 리포지토리입니다.,"combine,ios,mvvm-c,swift,swift-package-manager,swiftui,uikit",1,1,1,1,Swift,2024-12-10T09:18:12Z,2026-05-11T02:51:10Z,https://github.com/Project-Qriz/iOS
MVVM-C,repo_search,MVVM-C,305460724,Czajnikowski/Images,Images,Demo project that I prepared for LiveSurface,"challenge,challenge-project,coding-challenge,combine,mvvm-c,mvvm-combine,mvvm-coordinator,reactive,swift,swiftui,swiftui-demo,swiftui-example",1,0,1,0,Swift,2020-10-19T17:22:56Z,2024-06-13T08:47:08Z,https://github.com/Czajnikowski/Images
MVVM-C,repo_search,MVVM-C,818147009,laukhin-alex/tabBar-UIKit-SnapKit-SwiftUI,tabBar-UIKit-SnapKit-SwiftUI,MVVM+C,,0,1,0,0,Swift,2024-06-21T07:45:26Z,2024-06-21T08:08:02Z,https://github.com/laukhin-alex/tabBar-UIKit-SnapKit-SwiftUI
MVVM-C,repo_search,MVVM-C,304717965,Space-C4ts/SwiftUICombine-MVVM-C,SwiftUICombine-MVVM-C,SwiftUI + Combine MVVM-C,,0,0,0,0,Swift,2020-10-16T19:13:47Z,2024-04-29T02:53:30Z,https://github.com/Space-C4ts/SwiftUICombine-MVVM-C
MVVM-C,repo_search,MVVM-C,1104458911,kdjun97/vanilla-swiftui,vanilla-swiftui,Clean Architecture + MVVM-C + Combine + SwiftUI,"clean-architecture,combine,mvvm-coordinator,swiftui,tuist,vanilla-swift",0,0,0,0,Swift,2025-11-26T08:40:04Z,2025-12-07T13:35:48Z,https://github.com/kdjun97/vanilla-swiftui
MVVM-C,repo_search,MVVM-C,664062581,usaman9040/mvvm-c-swiftui,mvvm-c-swiftui, MVVM-C in SwiftUI iOS App,,0,0,0,0,Swift,2023-07-08T20:16:05Z,2023-07-08T20:21:02Z,https://github.com/usaman9040/mvvm-c-swiftui
MVVM-C,repo_search,MVVM-C,966048225,AnilkumarRabhasa/MVVMApiCallSWIFTUI,MVVMApiCallSWIFTUI,,,0,0,0,0,Swift,2025-04-14T10:18:57Z,2025-04-14T10:25:44Z,https://github.com/AnilkumarRabhasa/MVVMApiCallSWIFTUI
MVVM-C,repo_search,MVVM Coordinator;MVVM-C,956782422,daisoreanu/CoordinatorTest,CoordinatorTest,Testing MVVM-C in SwiftUI.,,0,0,0,0,Swift,2025-03-28T21:16:39Z,2025-03-28T22:37:59Z,https://github.com/daisoreanu/CoordinatorTest
MVVM-C,repo_search,MVVM-C,968960167,iOSDeveloperGui/Capybaras-Tic-Tac-Toe,Capybaras-Tic-Tac-Toe,Capybara game + MVVM-C + SwiftUI,,0,0,0,0,Swift,2025-04-19T04:30:23Z,2025-04-19T04:40:31Z,https://github.com/iOSDeveloperGui/Capybaras-Tic-Tac-Toe
MVVM-C,repo_search,MVVM-C,1094151537,playerz0redd/spendly-iOS,spendly-iOS,Swift / SwiftUI / Firebase / MVVM-C,,0,0,0,0,Swift,2025-11-11T10:24:27Z,2026-03-15T21:32:15Z,https://github.com/playerz0redd/spendly-iOS
MVVM-C,repo_search,MVVM-C,925866124,ahmetbostanciklioglu/MVVM-C_in_SwiftUI,MVVM-C_in_SwiftUI,MVVM-C Architectural Patterns in SwiftUI,,0,1,0,0,Swift,2025-02-01T23:32:38Z,2025-02-01T23:37:00Z,https://github.com/ahmetbostanciklioglu/MVVM-C_in_SwiftUI
MVVM-C,repo_search,MVVM-C,685212935,Gagan5278/SwiftUICoordinator,SwiftUICoordinator,An example to build MVVM-C using SwiftUI.,,0,0,0,0,Swift,2023-08-30T18:45:28Z,2023-08-30T19:36:02Z,https://github.com/Gagan5278/SwiftUICoordinator
MVVM-C,repo_search,MVVM-C,855176547,r1b2ns/project-swiftui-mvvm-c,project-swiftui-mvvm-c,A project templates for SwiftUI MVVM-C,,0,0,0,0,Swift,2024-09-10T12:51:21Z,2024-11-14T19:49:00Z,https://github.com/r1b2ns/project-swiftui-mvvm-c
MVVM-C,repo_search,MVVM-C,622880153,mrkazansky/swiftui-mvvm-c,swiftui-mvvm-c,,,0,0,0,0,Swift,2023-04-03T08:51:16Z,2023-04-28T16:01:05Z,https://github.com/mrkazansky/swiftui-mvvm-c
MVVM-C,repo_search,MVVM-C,618660002,Sharinant/TestTaskSwiftUI,TestTaskSwiftUI,SwiftUI + Combine test task MVVM+C,,0,0,0,0,Swift,2023-03-25T01:16:59Z,2023-04-09T12:30:10Z,https://github.com/Sharinant/TestTaskSwiftUI
MVVM-C,repo_search,MVVM-C,1091189049,iOSDeveloperGui/CountryQuiz,CountryQuiz,Swift + SwiftUI + MVVM-C + Core data ,,0,0,0,0,Swift,2025-11-06T17:14:00Z,2025-11-08T15:28:45Z,https://github.com/iOSDeveloperGui/CountryQuiz
MVVM-C,repo_search,MVVM Coordinator;MVVM-C,693679175,eng-oday/Pleny_Coordinator,Pleny_Coordinator,Apply MVVM-C in SwiftUi App,,0,0,0,0,Swift,2023-09-19T13:52:10Z,2023-09-23T11:50:59Z,https://github.com/eng-oday/Pleny_Coordinator
MVVM-C,repo_search,MVVM-C,803632054,sanhee16/SwiftUI-MVVM-C,SwiftUI-MVVM-C,SwiftUI with Clean Architecture and MVVM-C Pattern,,0,0,0,0,Swift,2024-05-21T05:16:36Z,2024-07-26T00:22:54Z,https://github.com/sanhee16/SwiftUI-MVVM-C
MVVM-C,repo_search,MVVM-C,790492917,benmakesapps/BKSwifty,BKSwifty,An ongoing SwiftUI project in MVVM-C,,0,0,0,0,Swift,2024-04-23T01:26:46Z,2024-04-24T02:27:08Z,https://github.com/benmakesapps/BKSwifty
MVVM-C,repo_search,MVVM-C,654770902,EricGolovin/swiftui-mvvmc-example,swiftui-mvvmc-example,One of many examples of MVVM+C architectures in SwiftUI.,,0,0,0,0,Swift,2023-06-16T23:16:09Z,2023-06-16T23:20:43Z,https://github.com/EricGolovin/swiftui-mvvmc-example
MVVM-C,repo_search,MVVM-C,354013686,Vorobyovulx/mvvm-combine-swiftui,mvvm-combine-swiftui,,,0,0,0,0,Swift,2021-04-02T12:31:59Z,2021-04-02T12:33:29Z,https://github.com/Vorobyovulx/mvvm-combine-swiftui
MVVM-C,repo_search,MVVM Coordinator;MVVM-C,830149920,akaraoluk/MVVM-Coordinator,MVVM-Coordinator,MVVM-Coordinator-SwiftUI-Combine,,0,0,0,0,Swift,2024-07-17T17:34:46Z,2024-07-17T17:36:34Z,https://github.com/akaraoluk/MVVM-Coordinator
MVVM-C,repo_search,MVVM Coordinator;MVVM-C,823213811,trungnam/swiftui-mvvm-coordinator,swiftui-mvvm-coordinator,,,0,0,0,0,Swift,2024-07-02T15:43:07Z,2024-07-21T11:37:49Z,https://github.com/trungnam/swiftui-mvvm-coordinator
MVVM-C,repo_search,MVVM-C,1034599971,rbaronio-Up/swiftui-mvvm-clean,swiftui-mvvm-clean,,,0,0,0,0,Swift,2025-08-08T16:51:23Z,2025-08-08T16:51:28Z,https://github.com/rbaronio-Up/swiftui-mvvm-clean
MVVM-C,repo_search,MVVM-C,698600861,spagosx/UnitsTracker,UnitsTracker,Playing around with MVVM-C in SwiftUI,,0,0,0,0,Swift,2023-09-30T12:00:10Z,2023-09-30T12:54:02Z,https://github.com/spagosx/UnitsTracker
MVVM-C,repo_search,MVVM-C,946523949,Paste1989/RSS-Feed-App,RSS-Feed-App,MVVM-C/ UIKit/ SwiftUI/ async/await/ CoreData,,0,0,0,0,Swift,2025-03-11T09:22:28Z,2025-03-20T09:15:07Z,https://github.com/Paste1989/RSS-Feed-App
MVVM-C,repo_search,MVVM-C,834285018,ManelR/ios-swiftui-mvvmc,ios-swiftui-mvvmc,A RickAndMorty app using SwiftUI and MVVM-C for learning proposals,,0,0,0,0,Swift,2024-07-26T21:03:54Z,2024-09-03T16:39:33Z,https://github.com/ManelR/ios-swiftui-mvvmc
MVVM-C,repo_search,MVVM Coordinator;MVVM-C,816389240,joseluissanchezporrogodoy/MVVM_Coordinator,MVVM_Coordinator,"Test MVVM and Coordinator, SwiftUI",,0,0,0,0,Swift,2024-06-17T16:41:31Z,2024-06-17T16:41:36Z,https://github.com/joseluissanchezporrogodoy/MVVM_Coordinator
MVVM-C,repo_search,MVVM-C,459418564,vncsnts/GithubUserList-MVVM-Coredata,GithubUserList-MVVM-Coredata,SwiftUI + MVVM + Coredata,,0,0,0,0,Swift,2022-02-15T03:50:51Z,2022-02-15T03:52:04Z,https://github.com/vncsnts/GithubUserList-MVVM-Coredata
MVVM-C,repo_search,MVVM-C,599922779,narendraiosd7/SwiftUI-MVVM-Combine,SwiftUI-MVVM-Combine,,,0,0,0,0,Swift,2023-02-10T07:12:53Z,2023-02-10T07:17:20Z,https://github.com/narendraiosd7/SwiftUI-MVVM-Combine
MVVM-C,repo_search,MVVM-C,654213585,mihailpolev/mvvm-combine-swiftui-test,mvvm-combine-swiftui-test,,,0,0,0,0,Swift,2023-06-15T16:14:19Z,2023-06-15T16:19:50Z,https://github.com/mihailpolev/mvvm-combine-swiftui-test
MVVM-C,repo_search,MVVM-C,612983276,gautamswostik/swiftui_tmdb_mvvm_complete,swiftui_tmdb_mvvm_complete,,,0,0,0,0,Swift,2023-03-12T15:05:45Z,2023-03-12T15:06:56Z,https://github.com/gautamswostik/swiftui_tmdb_mvvm_complete
MVVM-C,repo_search,MVVM-C,445361258,topik96/swiftUI-mvvm-c,swiftUI-mvvm-c,,,0,0,0,0,Swift,2022-01-07T01:27:29Z,2022-01-07T01:28:03Z,https://github.com/topik96/swiftUI-mvvm-c
MVVM-C,repo_search,MVVM-C,726719587,minhtien1403/SwiftUI_MVVM_Combine,SwiftUI_MVVM_Combine,,,0,0,0,0,Swift,2023-12-03T07:14:35Z,2024-02-28T06:31:46Z,https://github.com/minhtien1403/SwiftUI_MVVM_Combine
MVVM-C,repo_search,MVVM-C,663344795,arunrathore1/SwiftUIWithMVVM-Cordinator,SwiftUIWithMVVM-Cordinator,,,0,0,0,0,Swift,2023-07-07T05:08:45Z,2023-07-07T05:11:50Z,https://github.com/arunrathore1/SwiftUIWithMVVM-Cordinator
MVVM-C,repo_search,MVVM-C,588793972,MahmoudMohamedIsmail/SwiftUI-MVVM-Combine,SwiftUI-MVVM-Combine,,,0,0,0,0,Swift,2023-01-14T02:53:31Z,2023-01-14T19:01:04Z,https://github.com/MahmoudMohamedIsmail/SwiftUI-MVVM-Combine
MVVM-C,repo_search,MVVM-C,863237448,giovaninb/SwiftUI-MVVM-C,SwiftUI-MVVM-C,,,0,0,0,0,Swift,2024-09-26T00:37:39Z,2024-09-26T01:03:45Z,https://github.com/giovaninb/SwiftUI-MVVM-C
MVVM-C,repo_search,MVVM-C,898809015,apinun-wong/SwiftUIDemo-MVVM-Combine,SwiftUIDemo-MVVM-Combine,,,0,0,0,0,Swift,2024-12-05T04:32:35Z,2024-12-05T07:32:30Z,https://github.com/apinun-wong/SwiftUIDemo-MVVM-Combine
MVVM-C,repo_search,MVVM-C,671563176,ragulml03/MVVM-C-SwiftUI,MVVM-C-SwiftUI,,,0,0,0,0,Swift,2023-07-27T15:50:18Z,2023-07-27T15:51:59Z,https://github.com/ragulml03/MVVM-C-SwiftUI
MVVM-C,repo_search,MVVM-C,588828274,AbdulazizNosirjonov/SwiftUI_MVVM_Contact,SwiftUI_MVVM_Contact,,,0,0,0,0,Swift,2023-01-14T06:22:59Z,2023-01-14T06:23:07Z,https://github.com/AbdulazizNosirjonov/SwiftUI_MVVM_Contact
MVVM-C,repo_search,MVVM-C,664760649,hhajime/SwiftUI-MVVM-Combine,SwiftUI-MVVM-Combine,,,0,0,0,0,Swift,2023-07-10T17:27:15Z,2023-07-10T17:27:21Z,https://github.com/hhajime/SwiftUI-MVVM-Combine
MVVM-C,repo_search,MVVM-C,1041131714,rohit11/MVVM-Clean-Architecture-,MVVM-Clean-Architecture-,SwiftUI MVVM plus Clean Architecture.,,0,0,0,0,Swift,2025-08-20T03:11:44Z,2026-02-22T08:39:41Z,https://github.com/rohit11/MVVM-Clean-Architecture-
MVVM-C,repo_search,MVVM-C,505294689,NyiYeHan/mvvm-clean-architecture-swiftui,mvvm-clean-architecture-swiftui,,,0,0,0,0,Swift,2022-06-20T04:33:53Z,2022-06-20T04:35:11Z,https://github.com/NyiYeHan/mvvm-clean-architecture-swiftui
MVVM-C,repo_search,MVVM-C,971737378,ArshwinDenuevLal/FeedsApp,FeedsApp,Scrollable Video/Image Feeds in SwiftUI - MVVM + C,,0,0,0,0,Swift,2025-04-24T01:39:27Z,2025-09-28T12:44:08Z,https://github.com/ArshwinDenuevLal/FeedsApp
MVVM-C,repo_search,MVVM Coordinator;MVVM-C,807269386,hydro1337x/swiftui-clean-mvvm-c,swiftui-clean-mvvm-c,A demo project demonstrating Clean Architecture using SwiftUI+MVVM in the Presentation layer and Coordinator pattern for navigation in the App module,,0,0,0,0,Swift,2024-05-28T19:24:52Z,2024-06-03T21:48:24Z,https://github.com/hydro1337x/swiftui-clean-mvvm-c
MVVM-C,repo_search,MVVM-C,411949957,changjiashuai/SwiftUI-MVVM-Concept,SwiftUI-MVVM-Concept,Concept for organizing View and Data layers within SwiftUI App,,0,0,0,0,,2021-09-30T06:33:00Z,2021-09-30T06:33:01Z,https://github.com/changjiashuai/SwiftUI-MVVM-Concept
MVVM-C,repo_search,MVVM-C,1150098459,playerz0redd/game-catalog-iOS,game-catalog-iOS,Swift / SwiftUI / SwiftData / Firebase / URLSession / MVVM+C / FileManager,,0,0,0,0,Swift,2026-02-04T22:01:16Z,2026-03-15T21:51:44Z,https://github.com/playerz0redd/game-catalog-iOS
MVVM-C,repo_search,MVVM-C,494402493,CognizantDavidBC/Demo_CombArch,Demo_CombArch,Demo project using: MVVM+C / Combine / UIKit & SwiftUI,,0,0,0,0,Swift,2022-05-20T09:30:34Z,2022-05-20T09:31:03Z,https://github.com/CognizantDavidBC/Demo_CombArch
MVVM-C,repo_search,MVVM-C,679019970,gongchoong/SwiftUI-MVVM-C,SwiftUI-MVVM-C,,,0,0,0,0,Swift,2023-08-15T23:38:42Z,2023-08-15T23:50:51Z,https://github.com/gongchoong/SwiftUI-MVVM-C
MVVM-C,repo_search,MVVM Coordinator;MVVM-C;Model View ViewModel Coordinator,904034591,0xnalou/SwiftUI-MVVMC-Core,SwiftUI-MVVMC-Core,SwiftUI-MVVMC-Core is a module designed to support building SwiftUI applications using the MVVM-C (Model-View-ViewModel-Coordinator) architecture,"combine,design-architecture,design-patterns,mvvm-c,mvvmc,swiftui",0,0,0,0,Swift,2024-12-16T06:03:58Z,2026-02-13T21:12:27Z,https://github.com/0xnalou/SwiftUI-MVVMC-Core
MVVM-C,repo_search,MVVM-C,907467578,choiyoubin/SwiftUI-MVVM-CleanArchitecture,SwiftUI-MVVM-CleanArchitecture,SwiftUI-MVVM-CleanArchitecture practice,,0,0,0,0,Swift,2024-12-23T16:41:54Z,2025-01-01T17:27:52Z,https://github.com/choiyoubin/SwiftUI-MVVM-CleanArchitecture
MVVM-C,repo_search,MVVM Coordinator;MVVM-C,418279607,g-enius/SwiftUI-Combine-MVVM-C,SwiftUI-Combine-MVVM-C,A POC of MVVM plus Coordinator using SwiftUI with Combine,,0,0,0,0,Swift,2021-10-17T23:19:55Z,2026-02-02T01:47:17Z,https://github.com/g-enius/SwiftUI-Combine-MVVM-C
MVVM-C,repo_search,MVVM-C,405593976,GarudaNCT/SwiftUI-Combine-MVVM-Coordinate,SwiftUI-Combine-MVVM-Coordinate,,,0,0,0,0,Swift,2021-09-12T09:00:24Z,2021-10-03T10:15:25Z,https://github.com/GarudaNCT/SwiftUI-Combine-MVVM-Coordinate
MVVM-C,repo_search,MVVM-C,998170182,NinaDIV/Proyecto-MVVM-con-SwiftUI,Proyecto-MVVM-con-SwiftUI,Este proyecto implementa el patrón de diseño MVVM utilizando SwiftUI.,,0,0,0,0,Swift,2025-06-08T02:38:27Z,2025-06-08T02:41:02Z,https://github.com/NinaDIV/Proyecto-MVVM-con-SwiftUI
MVVM-C,repo_search,MVVM-C,931044775,yoshiki-tachi-spiderplus/Sample-SwiftUI-MVVM-CLA,Sample-SwiftUI-MVVM-CLA,,,0,0,0,0,Swift,2025-02-11T16:22:27Z,2025-02-17T05:12:36Z,https://github.com/yoshiki-tachi-spiderplus/Sample-SwiftUI-MVVM-CLA
MVVM-C,repo_search,MVVM Coordinator;MVVM-C,470522354,yashvyas29/YV-SwiftUI-MVVM-Coordinator,YV-SwiftUI-MVVM-Coordinator,,,0,0,0,0,Swift,2022-03-16T09:52:44Z,2022-03-16T09:54:24Z,https://github.com/yashvyas29/YV-SwiftUI-MVVM-Coordinator
MVVM-C,repo_search,MVVM-C,909710274,SungMinCho-Kor/SwiftUI-MVVM-CleanArchitecture,SwiftUI-MVVM-CleanArchitecture,SwiftUI + MVVM + CleanArchitecture Example Project,,0,0,0,0,Swift,2024-12-29T14:57:38Z,2024-12-29T15:05:15Z,https://github.com/SungMinCho-Kor/SwiftUI-MVVM-CleanArchitecture
MVVM-C,repo_search,MVVM-C,317965274,dannysantoso/SwiftUI-MVVM-CleanArchitecture,SwiftUI-MVVM-CleanArchitecture,using Realm as local storage and Mapping remote data to local storage to be displayed as a model.,,0,0,0,0,Swift,2020-12-02T19:11:00Z,2023-12-08T11:55:14Z,https://github.com/dannysantoso/SwiftUI-MVVM-CleanArchitecture
MVVM-C,repo_search,MVVM Coordinator;MVVM-C,847643740,Banck/swiftUI-MVVM-Coordinator-template,swiftUI-MVVM-Coordinator-template,,,0,0,0,0,Swift,2024-08-26T09:08:16Z,2024-08-26T09:17:53Z,https://github.com/Banck/swiftUI-MVVM-Coordinator-template
MVVM-C,repo_search,MVVM-C,572661256,furkancosgun/SwiftUI-MVVM-Coin-App,SwiftUI-MVVM-Coin-App,MVVM Coin App,,0,0,0,0,Swift,2022-11-30T18:52:33Z,2022-12-06T18:40:00Z,https://github.com/furkancosgun/SwiftUI-MVVM-Coin-App
MVVM-C,repo_search,MVVM-C,752479681,SanjayChahal/MVVM-Cordinator-Uikit-SwiftUI,MVVM-Cordinator-Uikit-SwiftUI,,,0,0,0,0,Swift,2024-02-04T00:39:31Z,2024-02-04T00:41:50Z,https://github.com/SanjayChahal/MVVM-Cordinator-Uikit-SwiftUI
MVVM-C,repo_search,MVVM-C,742499526,prabhalingappan/SwiftUI_MVVM_CleanArch,SwiftUI_MVVM_CleanArch,,,0,0,0,0,Swift,2024-01-12T16:05:41Z,2024-01-12T16:09:42Z,https://github.com/prabhalingappan/SwiftUI_MVVM_CleanArch
MVVM-C,repo_search,MVVM-C,1069747279,Hemant-7/SwiftUI-MVVM-CoordinatePatter,SwiftUI-MVVM-CoordinatePatter,SwiftUI With MVVM and CoordinatePatter,,0,0,0,0,Swift,2025-10-04T14:44:00Z,2025-12-21T13:40:15Z,https://github.com/Hemant-7/SwiftUI-MVVM-CoordinatePatter
MVVM-C,repo_search,MVVM Coordinator;MVVM-C,368688890,galbernator/SwiftUIArchitectureSample,SwiftUIArchitectureSample,An overly-commented example of how to use the MVVM+C in a SwiftUI application.,"coordinator,mvvm,swiftui",0,0,0,0,Swift,2021-05-18T23:14:09Z,2021-10-08T15:29:25Z,https://github.com/galbernator/SwiftUIArchitectureSample
MVVM-C,repo_search,MVVM-C,503372100,feridunerbas/MVVM-Combine-SwiftUI-AsyncAwait,MVVM-Combine-SwiftUI-AsyncAwait,,,0,0,0,0,Swift,2022-06-14T13:28:59Z,2022-06-14T13:38:20Z,https://github.com/feridunerbas/MVVM-Combine-SwiftUI-AsyncAwait
MVVM-C,repo_search,MVVM-C,1001424043,niravvirpara-ios/SwiftUI-ProductList-MVVM-Concurrency,SwiftUI-ProductList-MVVM-Concurrency,,,0,0,0,0,Swift,2025-06-13T11:01:05Z,2025-06-22T13:31:14Z,https://github.com/niravvirpara-ios/SwiftUI-ProductList-MVVM-Concurrency
MVVM-C,repo_search,MVVM-C,481200225,trupti-veer/iOS-SwiftUI-MVVM-Combine,iOS-SwiftUI-MVVM-Combine,iOS code extracts,,0,0,0,0,Swift,2022-04-13T12:06:37Z,2022-06-13T10:35:13Z,https://github.com/trupti-veer/iOS-SwiftUI-MVVM-Combine
MVVM-C,repo_search,MVVM-C,692160717,mazzettacode/App-Bitcoin-SwiftUI_MVVM_Combine,App-Bitcoin-SwiftUI_MVVM_Combine,Aplicativo de bitcoin criado com MVVM SwiftUI e Combine,,0,0,0,0,Swift,2023-09-15T17:39:46Z,2023-09-15T17:39:52Z,https://github.com/mazzettacode/App-Bitcoin-SwiftUI_MVVM_Combine
MVVM-C,repo_search,MVVM-C,434206664,mustafahegy/SwiftUi-MapKit-MVVM-Combine,SwiftUi-MapKit-MVVM-Combine,,,0,0,0,0,Swift,2021-12-02T12:10:33Z,2021-12-02T12:20:18Z,https://github.com/mustafahegy/SwiftUi-MapKit-MVVM-Combine
MVVM-C,repo_search,MVVM-C,908573276,vishalmiOSdev/MVVM-Cashing-ErrorHandling-SwiftUI,MVVM-Cashing-ErrorHandling-SwiftUI,,,0,0,0,0,Swift,2024-12-26T12:01:58Z,2024-12-26T12:04:44Z,https://github.com/vishalmiOSdev/MVVM-Cashing-ErrorHandling-SwiftUI
MVVM-C,repo_search,MVVM-C,767356632,lahirumanulanka/swiftui-mvvm-clean-code-weather-app,swiftui-mvvm-clean-code-weather-app,,,0,0,0,0,Swift,2024-03-05T06:30:41Z,2024-03-05T06:34:10Z,https://github.com/lahirumanulanka/swiftui-mvvm-clean-code-weather-app
MVVM-C,repo_search,MVVM-C,842876420,vumanhtu123/CleanArchitecture-MVVM-C-SwiftUI,CleanArchitecture-MVVM-C-SwiftUI,,,0,0,0,0,Swift,2024-08-15T09:39:11Z,2024-08-15T09:40:05Z,https://github.com/vumanhtu123/CleanArchitecture-MVVM-C-SwiftUI
MVVM-C,repo_search,MVVM-C,537730378,cho1490/SwiftUI_MVVM_Combine_UnitTests,SwiftUI_MVVM_Combine_UnitTests,,,0,0,0,0,Swift,2022-09-17T07:17:51Z,2022-09-17T09:25:44Z,https://github.com/cho1490/SwiftUI_MVVM_Combine_UnitTests
MVVM-C,repo_search,MVVM-C,1132280162,pratipsarkar/Movie_Fetcher_MVVM-C_SwiftUI,Movie_Fetcher_MVVM-C_SwiftUI,,,0,0,0,0,Swift,2026-01-11T17:05:27Z,2026-01-11T19:54:52Z,https://github.com/pratipsarkar/Movie_Fetcher_MVVM-C_SwiftUI
MVVM-C,repo_search,MVVM-C,1050988867,sumitbhargav29/MVVM-Clean-Architecture-principles-SwiftUI-,MVVM-Clean-Architecture-principles-SwiftUI-,An Demo App with full decoupling between design and business logic,,0,0,0,0,Swift,2025-09-05T09:08:01Z,2025-09-10T12:32:15Z,https://github.com/sumitbhargav29/MVVM-Clean-Architecture-principles-SwiftUI-
MVVM-C,repo_search,MVVM-C,988211610,teach1997/BASE-SwiftUI-MVVM-CleanArchitecture,BASE-SwiftUI-MVVM-CleanArchitecture,,,0,0,0,0,Swift,2025-05-22T08:08:23Z,2025-05-22T08:13:19Z,https://github.com/teach1997/BASE-SwiftUI-MVVM-CleanArchitecture
MVVM-C,repo_search,MVVM-C,855031077,DeokHo98/SwiftUI-MVVM-C-Examples-PokedexApp,SwiftUI-MVVM-C-Examples-PokedexApp,Study the MVVM-C architecture pattern by creating an example app with SwiftUI.,,0,0,0,0,Swift,2024-09-10T07:24:24Z,2024-09-23T01:23:31Z,https://github.com/DeokHo98/SwiftUI-MVVM-C-Examples-PokedexApp
MVVM-C,repo_search,MVVM-C,1005511789,yogeshrathore123/DeviceAppSwiftUI,DeviceAppSwiftUI,DeviceAppSwiftUI is SwiftUI app with CRUD Operation. MVVM-C Architecture,,0,0,0,0,Swift,2025-06-20T10:44:40Z,2025-06-20T10:46:21Z,https://github.com/yogeshrathore123/DeviceAppSwiftUI
MVVM-C,repo_search,MVVM-C,668170987,KrzysztofLech/2023-07_PayBack,2023-07_PayBack,SwiftUI / Combine app with my own MVVM+C architecture concept,,0,0,0,0,Swift,2023-07-19T07:31:36Z,2023-07-24T06:52:47Z,https://github.com/KrzysztofLech/2023-07_PayBack
MVVM-C,repo_search,MVVM-C,672064465,Nirmit789/mvvmCombineDemo,mvvmCombineDemo,Demo to show how to use Combine in MVVM,"combine-framework,ios,mvvm-architecture,swift,swiftui",0,0,0,0,Swift,2023-07-28T20:35:09Z,2023-07-28T20:48:54Z,https://github.com/Nirmit789/mvvmCombineDemo
MVVM-C,repo_search,MVVM-C,905394234,Nagaraju0323/NewsUpdate_MVVM-CleanArch_SwiftUI,NewsUpdate_MVVM-CleanArch_SwiftUI,,,0,0,0,0,Swift,2024-12-18T18:28:09Z,2024-12-18T18:31:37Z,https://github.com/Nagaraju0323/NewsUpdate_MVVM-CleanArch_SwiftUI
MVVM-C,repo_search,MVVM-C,724213678,EddieCarbon/SwiftUI-Crypto-MVVM-CoreData-Combine,SwiftUI-Crypto-MVVM-CoreData-Combine,,,0,0,0,0,Swift,2023-11-27T16:16:12Z,2023-11-27T16:16:19Z,https://github.com/EddieCarbon/SwiftUI-Crypto-MVVM-CoreData-Combine
MVVM-C,repo_search,MVVM-C,722361668,MahmoudMohamedIsmail/PlayList-with-SwiftUI-MVVM-Combine,PlayList-with-SwiftUI-MVVM-Combine,,,0,0,0,0,Swift,2023-11-23T01:31:45Z,2023-11-30T09:54:20Z,https://github.com/MahmoudMohamedIsmail/PlayList-with-SwiftUI-MVVM-Combine
MVVM-C,repo_search,MVVM-C,797455484,adamgolczak/nbp-average-rate,nbp-average-rate,A sample application built in SwiftUI utilizing the MVVM-C architecture.,,0,0,0,0,Swift,2024-05-07T21:42:54Z,2024-07-27T21:36:25Z,https://github.com/adamgolczak/nbp-average-rate
MVVM-C,repo_search,MVVM-C,874771106,Lucased22/gym_app_project,gym_app_project,"An project to work with swiftUI, swiftData, MVVM-C and RestAPI",,0,0,0,0,Swift,2024-10-18T12:37:51Z,2024-10-18T12:37:58Z,https://github.com/Lucased22/gym_app_project
MVVM-C,repo_search,MVVM-C,229747837,cristianspiridon/mvvm-c-messaging-app,mvvm-c-messaging-app,A mvvm-c messaging app written using SwiftUI and Combine Framework,,0,0,0,0,Swift,2019-12-23T12:24:58Z,2020-01-07T09:30:59Z,https://github.com/cristianspiridon/mvvm-c-messaging-app
MVVM-C,repo_search,MVVM-C,568064495,VitaliusSch/SwiftUi-MVVM-Cafe-Manager-WithCatApi,SwiftUi-MVVM-Cafe-Manager-WithCatApi,Cat Cafe Manager is a training game project to learning SwiftUi,"async,di,grdb,mvvm,rest-api,samples,swiftui,swinject",0,0,0,0,Swift,2022-11-19T10:41:53Z,2024-07-09T18:24:01Z,https://github.com/VitaliusSch/SwiftUi-MVVM-Cafe-Manager-WithCatApi
MVVM-C,repo_search,MVVM-C,984575062,SHAIKH-SHOEB/SwiftUI-Crypto-MVVM-CoreData-Combine-main,SwiftUI-Crypto-MVVM-CoreData-Combine-main,,,0,0,0,0,Swift,2025-05-16T06:45:18Z,2025-05-16T06:45:24Z,https://github.com/SHAIKH-SHOEB/SwiftUI-Crypto-MVVM-CoreData-Combine-main
MVVM-C,repo_search,MVVM-C,1190256021,kaushikkumardevlab/IOS_UserExplorerPro_MVVM_Clean_SwiftUI,IOS_UserExplorerPro_MVVM_Clean_SwiftUI,"Swift​UI i​OS app for browsing random user profiles using clean architecture, async​/await, and ​MVVM.",,0,0,0,0,Swift,2026-03-24T05:28:04Z,2026-03-25T11:32:25Z,https://github.com/kaushikkumardevlab/IOS_UserExplorerPro_MVVM_Clean_SwiftUI
MVVM-C,repo_search,MVVM-C,863171093,khushbujudal/FoodOrderSwiftUIDemo-MVVM-Combine,FoodOrderSwiftUIDemo-MVVM-Combine,Basic Food Ordering app with SwiftUI + MVVM + Core data + Combine,,0,0,0,0,Swift,2024-09-25T20:50:38Z,2024-09-25T21:05:56Z,https://github.com/khushbujudal/FoodOrderSwiftUIDemo-MVVM-Combine
MVVM-C,repo_search,MVVM-C,551014773,laurakciic/movielia,movielia,iOS MVVM-C UIKit/SwiftUI app for browsing movies fetched from TVMazeAPI. ,,0,0,0,0,Swift,2022-10-13T17:44:30Z,2023-04-23T07:47:00Z,https://github.com/laurakciic/movielia
MVVM-C,repo_search,MVVM-C,231887351,zafarivaev/MVVM-Combine-WeatherApp,MVVM-Combine-WeatherApp,"Weather app made with SwiftUI, MVVM, and Combine, a native alternative to RxSwift/RxCocoa frameworks.",,0,1,0,0,Swift,2020-01-05T08:14:30Z,2020-01-05T08:21:24Z,https://github.com/zafarivaev/MVVM-Combine-WeatherApp
MVVM-C,repo_search,MVVM-C,1233750517,liorcole/SwapDog,SwapDog,SwapDog — peer-to-peer dog-sitting exchange iOS app. SwiftUI + Firebase + MVVM-C.,,0,0,0,0,Swift,2026-05-09T10:04:40Z,2026-05-09T10:21:25Z,https://github.com/liorcole/SwapDog
MVVM-C,repo_search,MVVM-C,607564692,WesolowskiPiotr/ProductsList,ProductsList,Example app for presenting possibility of applying MVVM+C with SwiftUI and Combine.,,0,0,0,0,Swift,2023-02-28T08:22:07Z,2023-02-28T08:23:34Z,https://github.com/WesolowskiPiotr/ProductsList
MVVM-C,repo_search,MVVM-C,335738884,IvicaPetrsoric/TechTeam,TechTeam,iOS App which shows the usage of MVVM-C+RxSwift and UIKit/SwiftUI,,0,0,0,0,Swift,2021-02-03T19:56:31Z,2021-05-13T08:45:07Z,https://github.com/IvicaPetrsoric/TechTeam
MVVM-C,repo_search,MVVM-C,587668170,stephtelolahy/MVVM-Combine-Architecture-Demo,MVVM-Combine-Architecture-Demo,MVVM Combine Architecture Demo,"combine,mvvm,state-management,swiftui",0,0,0,0,Swift,2023-01-11T09:50:23Z,2023-01-11T09:54:59Z,https://github.com/stephtelolahy/MVVM-Combine-Architecture-Demo
MVVM-C,repo_search,MVVM-C,1226485774,hmbz/iOS-MVVM-Clean-Architecture,iOS-MVVM-Clean-Architecture,"MVVM + Clean Architecture in iOS — Swift, SwiftUI, async/await, Repository Pattern, Use Cases, Dependency Injection","async-await,clean-architecture,dependency-injection,ios,mvvm,repository-pattern,swift,swiftui",0,1,0,0,Swift,2026-05-01T13:11:40Z,2026-05-01T13:18:59Z,https://github.com/hmbz/iOS-MVVM-Clean-Architecture
MVVM-C,repo_search,MVVM-C,1114432258,teenagelove/WorkoutCalendar,WorkoutCalendar,"Workout tracking calendar for iOS with SwiftUI, MVVM+C, charts, stats, and Lottie animations.","calendar,ios-app,lottie,mvvm-coordinator,swiftui,workout",0,0,0,0,Swift,2025-12-11T11:11:47Z,2025-12-12T09:10:05Z,https://github.com/teenagelove/WorkoutCalendar
MVVM-C,repo_search,MVVM-C,1005106064,BaherTamer/StarNews,StarNews,"Modular space news app using Swift Concurrency, SwiftUI, and MVVM-C with clean architecture.","clean-architecture,combine,modularization,mvvm-c,swift-concurrency,swift-package-manager,swift-testing,swiftui,unit-testing",0,0,0,0,Swift,2025-06-19T17:16:31Z,2026-02-10T12:47:06Z,https://github.com/BaherTamer/StarNews
MVVM-C,repo_search,MVVM-C,987530021,MineRala/MovieBox,MovieBox,MovieBox: SwiftUI+MVVM-C+OMDB API+Async/Await+Protocol Oriented+Error Handling+Depedency Injection,,0,0,0,0,Swift,2025-05-21T07:57:55Z,2025-05-30T16:01:15Z,https://github.com/MineRala/MovieBox
MVVM-C,repo_search,MVVM-C,1080690763,AbdallahEdres/BaseSwiftUIDemo,BaseSwiftUIDemo,A professional SwiftUI base architecture template showcasing Clean Architecture principles with MVVM-C pattern.,,0,0,0,0,Swift,2025-10-21T18:19:15Z,2025-10-21T18:23:01Z,https://github.com/AbdallahEdres/BaseSwiftUIDemo
MVVM-C,repo_search,MVVM-C,978631700,Divinity360/GithubSearch-MVVM-Clean-Architecture-DI,GithubSearch-MVVM-Clean-Architecture-DI,"iOS Github App implemented using SwiftUI, MVVM, Combine, Dependency Injection DI, Unit Testing, UI Testing & Clean architecture concepts",,0,0,0,0,Swift,2025-05-06T09:29:49Z,2025-05-06T09:35:26Z,https://github.com/Divinity360/GithubSearch-MVVM-Clean-Architecture-DI
MVVM-C,repo_search,MVVM-C,522041912,olorium/ScanBar,ScanBar,"ScanBar is an bar code scanner iOS app built with SwiftUI, UIKit and MVVM-C",,0,0,0,0,Swift,2022-08-06T19:59:18Z,2022-08-06T19:59:23Z,https://github.com/olorium/ScanBar
MVVM-C,repo_search,MVVM-C,769569811,yilmazedis/MVVM-C-Template-App,MVVM-C-Template-App,It is a movie gallery app has both - iOS & Watch App Together,"coredata,ios,mvvm,swiftui,uikit,watchos",0,0,0,0,Swift,2024-03-09T13:00:15Z,2024-06-29T20:59:20Z,https://github.com/yilmazedis/MVVM-C-Template-App
MVVM-C,repo_search,MVVM-C,453906979,RazibUSA/NFT-Play,NFT-Play,"NFT-Play is a base project for iOS App using SwiftUI, MVVM-C, Combine, NFT, OpenSea,etc.","combine,ios,swift,swiftui",0,0,0,0,Swift,2022-01-31T06:52:23Z,2023-01-09T02:35:12Z,https://github.com/RazibUSA/NFT-Play
MVVM-C,repo_search,MVVM-C,618382109,jjuric/CallBlocker,CallBlocker,Simple call blocking & message filtering app that uses MVVM-C with a combination of UIKit and SwiftUI,,0,0,0,0,Swift,2023-03-24T10:52:13Z,2026-03-12T15:32:03Z,https://github.com/jjuric/CallBlocker
MVVM-C,repo_search,MVVM-C,1107297672,moonbogi/PersonalFinanceAnomalyDetector,PersonalFinanceAnomalyDetector,"iOS app for detecting anomalies in financial transactions using on-device ML (SwiftUI, MVVM-C, Core ML, SQLite)",,0,0,0,0,Swift,2025-11-30T23:50:22Z,2025-11-30T23:50:54Z,https://github.com/moonbogi/PersonalFinanceAnomalyDetector
MVVM-C,repo_search,MVVM-C,1125179324,Furqanali30/MoviesHub-MVVM-C,MoviesHub-MVVM-C,"A modern iOS Movies & TV Shows app built with SwiftUI using MVVM-C . The app leverages async/await for efficient concurrency, protocol-based dependency injection, and modular layers (Model, View and ViewModel) to ensure scalability, testability, and clean separation of concerns.",,0,0,0,0,Swift,2025-12-30T09:21:04Z,2025-12-30T10:17:07Z,https://github.com/Furqanali30/MoviesHub-MVVM-C
MVVM-C,repo_search,MVVM-C,441722078,burhanaras/Movies,Movies,"A demo app to showcase pixel perfect, modern iOS development with SwiftUI and Combine on MVVM-C architecture.",,0,0,0,0,Swift,2021-12-25T17:00:22Z,2023-05-28T13:46:46Z,https://github.com/burhanaras/Movies
MVVM-C,repo_search,MVVM-C,1217768080,sadeghmeratnia/tminus-ios,tminus-ios,"A native iOS app for tracking rocket launches, space events & astronauts. built with Clean Architecture, MVVM-C, and SwiftUI.",,0,0,0,0,Swift,2026-04-22T07:44:01Z,2026-05-12T08:30:17Z,https://github.com/sadeghmeratnia/tminus-ios
MVVM-C,repo_search,MVVM-C,795500144,tomerciucran/images,images,"A case study written in Swift 5.9, demonstrating the use of MVVM-C architecture in combination with SwiftUI. ",,0,0,0,0,Swift,2024-05-03T12:19:49Z,2024-05-08T10:38:38Z,https://github.com/tomerciucran/images
MVVM-C,repo_search,MVVM-C,995012101,eduardc77/FloraList,FloraList,"A simple SwiftUI app for viewing and managing flower orders, built with MVVM-C architecture and native iOS tools.",,0,0,0,0,Swift,2025-06-02T20:40:36Z,2025-06-18T10:15:25Z,https://github.com/eduardc77/FloraList
MVVM-C,repo_search,MVVM-C,1214263923,Adonias-hibeste/swift-financeflow-ios,swift-financeflow-ios,"💰 Personal finance tracker built with SwiftUI, Core Data, Swift Charts, Combine — MVVM+C architecture with biometric auth & TestFlight ready","charts,combine,core-data,finance,ios,mobile,mvvm,swift,swiftui,testflight",0,0,0,0,Swift,2026-04-18T10:34:59Z,2026-04-18T12:47:09Z,https://github.com/Adonias-hibeste/swift-financeflow-ios
MVVM-C,repo_search,MVVM-C,745979958,kurtjacobssoftware/TransactionsSampleApp,TransactionsSampleApp,A simple MVVM-C Clean Architecture sample application that lists user transactions in SwiftUI and UIKit using swift package manager,"clean-architecture,mvvm-coordinator,spm,swiftui,uikit,xctest",0,0,0,0,Swift,2024-01-20T18:16:30Z,2024-01-21T17:27:31Z,https://github.com/kurtjacobssoftware/TransactionsSampleApp
MVVM-C,repo_search,MVVM-C,1124696489,Furqanali30/MoviesHub-MVVM-C-Clean-Architecture,MoviesHub-MVVM-C-Clean-Architecture,"A modern iOS Movies & TV Shows app built with SwiftUI using MVVM-C and Clean Architecture. The app leverages async/await for efficient concurrency, protocol-based dependency injection, and modular layers (Presentation, Domain, Data) to ensure scalability, testability, and clean separation of concerns.",,0,0,0,0,Swift,2025-12-29T13:07:37Z,2025-12-29T14:28:43Z,https://github.com/Furqanali30/MoviesHub-MVVM-C-Clean-Architecture
MVVM-C,repo_search,MVVM-C,1050442387,ThalesMMS/Skinia,Skinia,"iOS app that captures skin lesion photos and applies AI-driven dermatology insights, built with SwiftUI, SwiftData, and MVVM-C navigation.","ai,dermatology,health,ios,swift,swiftui",0,1,0,1,Swift,2025-09-04T12:45:03Z,2026-04-18T17:29:48Z,https://github.com/ThalesMMS/Skinia
MVVM-C,repo_search,MVVM-C,1158431019,CemGueler01/immodate-frontend-showcase,immodate-frontend-showcase,"Curated iOS code samples from a PropTech rental matching app — MVVM-C, SwiftUI, Design System, DI Container, Swipe UI (Swift, ~49K LOC)",,0,0,0,0,Swift,2026-02-15T11:09:22Z,2026-02-15T11:10:48Z,https://github.com/CemGueler01/immodate-frontend-showcase
MVVM-C,repo_search,MVVM-C,973351808,exproot/SismikApp,SismikApp,"Modular earthquake tracking app built with UIKit, Clean Architecture, MVVM-C, and Swift Package Manager.","clean-architecture,combine,earthquakes,feature-modularization,ios,modularization-ios,mvvm,spm,swiftpackage,swiftui,uikit",0,0,0,0,Swift,2025-04-26T19:54:59Z,2026-05-10T18:52:23Z,https://github.com/exproot/SismikApp
MVVM-C,repo_search,MVVM-C,1169872348,mrGeloPro/RelaxMinute,RelaxMinute,"A minimalist 1-minute relaxation timer for iOS. Built to demonstrate production-ready architecture using SwiftUI, MVVM-C, Combine, and modern Swift Testing.",,0,0,0,0,Swift,2026-03-01T11:01:15Z,2026-03-01T11:57:34Z,https://github.com/mrGeloPro/RelaxMinute
MVVM-C,repo_search,MVVM-C,963904393,aitorbf/GameExplorer,GameExplorer,"A modern iOS application to discover, explore and track upcoming video games using the IGDB API. Built with SwiftUI, MVVM-C Architecture, SwiftData and async/await.",,0,0,0,0,Swift,2025-04-10T11:45:48Z,2025-06-16T14:02:24Z,https://github.com/aitorbf/GameExplorer
MVVM-C,repo_search,MVVM Coordinator;MVVM-C,394429655,osfalt/CoordinatorApp-iOS,CoordinatorApp-iOS,"My vision of Coordinator pattern for iOS. The idea is to create a fully testable coordinator. The app is built using MVVM-C architecture, Combine and SwiftUI frameworks.",,0,0,0,0,Swift,2021-08-09T20:28:44Z,2024-07-03T18:33:51Z,https://github.com/osfalt/CoordinatorApp-iOS
MVVM-C,repo_search,MVVM-C,601632031,WesolowskiPiotr/TopRepos,TopRepos,"Example of using Combine, SwiftUI, MVVM+C for presenting Trending Github Repositories, with interface adopted to iOS version since 13 up to the newest one and Light/Dark mode. ",,0,0,0,0,Swift,2023-02-14T13:40:47Z,2023-02-14T13:43:15Z,https://github.com/WesolowskiPiotr/TopRepos
MVVM-C,repo_search,MVVM-C,1169311251,a-mkrv/NQueens-Chess.com,NQueens-Chess.com,N-Queens Problem,"chess,chess-com,mvvm-c,nqueens,nqueens-problem,queens-gambit,quiz,swiftui,swiftui-learning",0,0,0,0,Swift,2026-02-28T13:51:23Z,2026-03-04T11:43:02Z,https://github.com/a-mkrv/NQueens-Chess.com
MVVM-C,repo_search,MVVM-C,800398239,M-Dhaker/MoviesApp,MoviesApp,"TrendingMovies is a simple iOS application that displays a list of trending movies and shows detailed information for each movie. The app is built using SwiftUI and Combine, following the MVVM-C architecture pattern",,0,0,0,0,Swift,2024-05-14T08:58:59Z,2024-05-14T14:50:38Z,https://github.com/M-Dhaker/MoviesApp
MVVM-C,repo_search,MVVM Coordinator;MVVM-C,125846935,InheritX-Solutions/iOS,iOS,"Ultra-Premium iOS Engineering Showcase (Swift, UIKit, SwiftUI, MVVM-C) featuring modular architecture with Coordinator-based navigation, hybrid UI integration, protocol-driven services, thread-safe persistence, and a centralized design system, delivering high-performance, scalable, and fully testable enterprise-grade iOS applications.",,0,0,0,0,Swift,2018-03-19T11:24:48Z,2026-05-04T09:38:58Z,https://github.com/InheritX-Solutions/iOS
MVVM-C,repo_search,MVVM Coordinator;MVVM-C;Model View ViewModel Coordinator,859262036,Rahul-1993/WeatherAppExercise,WeatherAppExercise,"A simple weather forecasting app built using SwiftUI, following the MVVM-C (Model-View-ViewModel-Coordinator) architecture pattern. The app fetches weather data from the OpenWeatherMap API and displays it in a user-friendly interface. Users can search for weather details by city or fetch weather information using their current location.",,0,0,0,0,Swift,2024-09-18T11:16:33Z,2024-10-21T16:28:21Z,https://github.com/Rahul-1993/WeatherAppExercise
MVVM-C,repo_search,MVVM Coordinator;MVVM-C,637876529,lui5fl/movies-and-tv-shows,movies-and-tv-shows,Opinionated movie and TV show tracking app for iPhone.,"app,combine,coordinator,coredata,ios,ios-app,movies,mvvm,mvvm-c,swift,swiftui,tmdb,tmdb-api,tv-shows,uikit",0,0,0,5,Swift,2023-05-08T15:43:23Z,2026-05-08T13:58:28Z,https://github.com/lui5fl/movies-and-tv-shows
MVVM-C,repo_search,MVVM Coordinator,877223606,RobertDresler/SwiftUINavigation,SwiftUINavigation,Framework for Implementing Clean Navigation in SwiftUI,"clean,coordinator,deeplink,ios,modular,modular-architecture,mvvm,navigation,navigationmodel,navigationstack,navigationview,presenting,router,routing,separation-of-concerns,swift,swiftui,swiftui-navigation,tabview,xcode",114,9,114,11,Swift,2024-10-23T09:51:14Z,2026-05-01T05:39:16Z,https://github.com/RobertDresler/SwiftUINavigation
MVVM-C,repo_search,MVVM Coordinator,592182093,mehrankmlf/EasyCrypto,EasyCrypto,Clean Architecture and MVVM + Coordinator and Combine ,"api,apimanager,architecture,clean-architecture,combine,coredata,coredata-swiftui,dependency-injection,ios,ios-app,ios-open-source,mvvm-architecture,swift,swift5,swiftui,swiftui-example,swiftui-learning,unit-testing,viewmodel",91,11,91,0,Swift,2023-01-23T06:02:29Z,2026-04-11T17:33:52Z,https://github.com/mehrankmlf/EasyCrypto
MVVM-C,repo_search,MVVM Coordinator,482771833,gahntpo/CoordinatorProject,CoordinatorProject,Demonstrates the Coordinator pattern for an iOS project that included UIKit and SwiftUI screens,"architecture,coordinator-pattern,ios,ios-app,mvvm,mvvm-architecture,mvvm-pattern,swiftui,swiftui-together-with-uikit,uikit",50,15,50,0,Swift,2022-04-18T08:27:25Z,2025-11-03T15:33:21Z,https://github.com/gahntpo/CoordinatorProject
MVVM-C,repo_search,MVVM Coordinator,191801605,CutFlame/StarWarsContacts,StarWarsContacts,An example of MVVM-Coordinators pattern with SwiftUI,,33,9,33,0,Swift,2019-06-13T16:56:25Z,2025-02-05T10:44:32Z,https://github.com/CutFlame/StarWarsContacts
MVVM-C,repo_search,MVVM Coordinator,844787337,cesmejia/SwiftUI-Reactive-Clean-Architecture-MVVM,SwiftUI-Reactive-Clean-Architecture-MVVM,The simplest SwiftUI Reactive Clean Architecture MVVM Example with Composition Root and Coordinator Pattern Navigation with Unit Test,,27,1,27,0,Swift,2024-08-20T01:05:59Z,2026-04-18T18:34:51Z,https://github.com/cesmejia/SwiftUI-Reactive-Clean-Architecture-MVVM
MVVM-C,repo_search,MVVM Coordinator,448793971,niuware/SimpleNavigation,SimpleNavigation,Simple iOS app to showcase navigation with coordinators in SwiftUI + MVVM.,"coordinator-pattern,ios,mvvm,mvvm-architecture,swift,swiftui,xcode",15,2,15,0,Swift,2022-01-17T07:29:41Z,2024-10-30T20:37:40Z,https://github.com/niuware/SimpleNavigation
MVVM-C,repo_search,MVVM Coordinator,733112482,0xYanis/Clean-SwiftUI,Clean-SwiftUI,A simple example of a CleanSwift architecture with SwiftUI,"clean-architecture,clean-swift,coordinator,dependency-injection,example,mvvm,mvvm-coordinator,sample,swift,swiftui",7,2,7,0,Swift,2023-12-18T15:35:52Z,2024-12-14T13:25:24Z,https://github.com/0xYanis/Clean-SwiftUI
MVVM-C,repo_search,MVVM Coordinator,783177872,Livsy90/ProjectSUICoordinator,ProjectSUICoordinator,A fully developed iOS application built with SwiftUI and structured around the MVVM + Coordinator architecture pattern.,,6,0,6,0,Swift,2024-04-07T06:34:19Z,2026-01-16T01:14:42Z,https://github.com/Livsy90/ProjectSUICoordinator
MVVM-C,repo_search,MVVM Coordinator,277054628,boyvanamstel/Farlake,Farlake,"👨‍🎨 Catalyst app that uses MVVM, Coordinators, UIKit, SwiftUI, Combine, NSCache, URLCache and more to display paintings by Johannes Vermeer made available through the Rijksmuseum API.","catalyst,combine,coordinator,ios,ipados,macos,mvvm,nscache,swift,swiftui,uicollectionviewcompositionallayout,uicollectionviewdiffabledatasource,uiwindowscenedelegate,urlcache",6,1,6,0,Swift,2020-07-04T06:41:22Z,2022-10-07T12:08:11Z,https://github.com/boyvanamstel/Farlake
MVVM-C,repo_search,MVVM Coordinator,945732555,Jeon0976/iOS-CleanArchitecture-Sample,iOS-CleanArchitecture-Sample,모듈화가 적용된 Clean Architecture iOS 샘플 앱입니다.,"cleanarchitecture,combine,coordinator,dicontainer,ios,lrucache,mvvm,protocol-oriented-programming,swiftconcurrency,swiftui,tuist,uikit,unittest,xctest",6,0,6,1,Swift,2025-03-10T03:19:04Z,2026-01-19T01:52:48Z,https://github.com/Jeon0976/iOS-CleanArchitecture-Sample
MVVM-C,repo_search,MVVM Coordinator,376570450,b099l3/DinkleBot-NativeiOS,DinkleBot-NativeiOS,"A Destiny 2 companion app, that shows useful information for my needs. Also a testbed for me learning modern swift. ","alamofire,bungie-destiny-api,coordinator,coordinator-pattern,destiny-2,destiny2,ios,mvvm,realm,realmswift,swift,swiftmvvm,swiftui",5,1,5,5,Swift,2021-06-13T14:57:49Z,2025-03-31T14:00:36Z,https://github.com/b099l3/DinkleBot-NativeiOS
MVVM-C,repo_search,MVVM Coordinator,651808014,AbrorbekSh/ToDoList-Yandex,ToDoList-Yandex,"Welcome to To-Do List, my app developed during Yandex School. It follows MVVM+Coordinator architecture, locally storing data using CoreData, with an option for SQLite. Swift's latest tech enables seamless network interactions. The app features screens in both UIKit and SwiftUI. Try it now and boost your productivity!",,4,0,4,0,Swift,2023-06-10T06:45:51Z,2025-01-02T00:49:43Z,https://github.com/AbrorbekSh/ToDoList-Yandex
MVVM-C,repo_search,MVVM Coordinator,802423162,phamdinhduc795397/swiftui-clean-architecture,swiftui-clean-architecture,"A sample SwiftUI app built using the Uncle Bob's Clean Architecture, MVVM & Coordinator pattern. ",,3,1,3,0,Swift,2024-05-18T08:51:43Z,2025-08-12T04:07:21Z,https://github.com/phamdinhduc795397/swiftui-clean-architecture
MVVM-C,repo_search,MVVM Coordinator,743973251,Pablomediero/RecipesIOS,RecipesIOS,IOS SwiftUI,"chatgpt-api,clean-architecture,coordinator,ios,mvvm,swiftdata",3,0,3,0,Swift,2024-01-16T11:29:20Z,2024-01-20T21:53:43Z,https://github.com/Pablomediero/RecipesIOS
MVVM-C,repo_search,MVVM Coordinator,613724266,temich93s/StoreMVVM,StoreMVVM,Swift + SwiftUI + Combine + MVVM + Coordinator + Builder + SOLID + CoreData + URLSession + JSONDecoder + GitFlow,,2,0,2,0,Swift,2023-03-14T06:25:38Z,2024-03-03T21:13:35Z,https://github.com/temich93s/StoreMVVM
MVVM-C,repo_search,MVVM Coordinator,661594961,MarinaRyabchun/food-app,food-app,"Application for ordering food. View categories, list of dishes and basket. Used by SwiftUI, MVVM + Coordinator",,2,0,2,0,Swift,2023-07-03T08:17:54Z,2025-11-19T11:47:13Z,https://github.com/MarinaRyabchun/food-app
MVVM-C,repo_search,MVVM Coordinator,387120046,EmadBeyrami/News-SwiftUI-Combine,News-SwiftUI-Combine,A basic news app using SwiftUI and Combine in MVVM+Coordinator Architect. This is my very first try to build a compete SwiftUI project and will improve and update.,,2,0,2,0,Swift,2021-07-18T07:46:07Z,2021-11-06T06:09:18Z,https://github.com/EmadBeyrami/News-SwiftUI-Combine
MVVM-C,repo_search,MVVM Coordinator,1060815414,matrecode/TradeSegment,TradeSegment,"A Trading App inspired by Kite (Zerodha) App built in SwiftUI, Swift technology with MVVM and Coordinator pattern",,2,0,2,0,Swift,2025-09-20T16:44:29Z,2026-01-20T17:37:18Z,https://github.com/matrecode/TradeSegment
MVVM-C,repo_search,MVVM Coordinator,1152090608,NektoEllez/PicsumGallery,PicsumGallery,"SwiftUI gallery app (Swift 6+, iOS 17+): async/await, @Observable, NavigationStack, optional SwiftData. Uses Picsum API. MVVM + Coordinator.",,2,0,2,0,Swift,2026-02-07T10:54:50Z,2026-02-24T12:01:26Z,https://github.com/NektoEllez/PicsumGallery
MVVM-C,repo_search,MVVM Coordinator,430491058,c-villain/Marvel,Marvel,Pet project for marvel app ,"async-await,coordinator,marvel,marvel-api,marvel-comics,marvelapp,mvvm,obfuscator,swagger,swiftui",2,0,2,0,Swift,2021-11-21T22:03:37Z,2025-01-06T13:10:33Z,https://github.com/c-villain/Marvel
MVVM-C,repo_search,MVVM Coordinator,1092654111,enzoenrico/Starter_MVVMC,Starter_MVVMC,Start repo for working with MVVM + Coordinators with SwiftUI,,2,0,2,0,Swift,2025-11-09T03:15:18Z,2026-04-09T22:41:19Z,https://github.com/enzoenrico/Starter_MVVMC
MVVM-C,repo_search,MVVM Coordinator,1181288630,JimenaHG5/RickandMortyApp,RickandMortyApp,"iOS app built with UIKit + SwiftUI, MVVM + Coordinator pattern, Core Data persistence",,1,0,1,1,Swift,2026-03-14T00:34:54Z,2026-04-14T01:42:33Z,https://github.com/JimenaHG5/RickandMortyApp
MVVM-C,repo_search,MVVM Coordinator,1026107201,zsysenko/GithubTrendingExp,GithubTrendingExp,Researching SwiftUI adopting MVVM architecture + Coordinator + Unit Tests. Demo code for the Medium article.,,1,0,1,0,Swift,2025-07-25T10:14:02Z,2025-08-12T18:32:48Z,https://github.com/zsysenko/GithubTrendingExp
MVVM-C,repo_search,MVVM Coordinator,901925978,Erikote04/SwiftUI-Navigation,SwiftUI-Navigation,"A production-ready SwiftUI navigation architecture using the Coordinator pattern with dependency injection. Features modular coordinators, type-safe routing, and support for NavigationStack, sheets, and full-screen covers in a clean MVVM structure.",,1,0,1,0,Swift,2024-12-11T15:16:25Z,2026-02-10T20:59:48Z,https://github.com/Erikote04/SwiftUI-Navigation
MVVM-C,repo_search,MVVM Coordinator,512841307,bananaObject/app-vk-demo-client-SwiftUI,app-vk-demo-client-SwiftUI,"Mobile app social network VK. Technologies: Swift, SwiftUI, UIKit(UIHostingController + UIViewRepresentable), MVVM + Coordinator, POP + DI, Combine, Async/await, URLSession, CoreData, Webkit, Keychain.",,1,0,1,0,Swift,2022-07-11T17:00:34Z,2023-04-26T10:56:35Z,https://github.com/bananaObject/app-vk-demo-client-SwiftUI
MVVM-C,repo_search,MVVM Coordinator,729869773,DanilaG/-SBER-ExchangeRates,-SBER-ExchangeRates,"Пример работы с SwiftUI, MVVM, Coordinators, SPM, R.swift, SwiftyMocky, Nimble",,1,0,1,0,Swift,2023-12-10T15:58:02Z,2024-11-21T21:51:29Z,https://github.com/DanilaG/-SBER-ExchangeRates
MVVM-C,repo_search,MVVM Coordinator,742536669,inan-mahmud/iMovies,iMovies,"SwiftUI Movies App using the TMDb API and demonstrating Clean Architecture, Dependency Injection, MVVM and CoorDinators.",,1,0,1,1,Swift,2024-01-12T17:44:08Z,2024-01-18T10:12:08Z,https://github.com/inan-mahmud/iMovies
MVVM-C,repo_search,MVVM Coordinator,796039277,vespinola/mobile-courier-app,mobile-courier-app,JustACourierApp is an example project demonstrating the skills I’ve acquired while collaborating with various teams as an iOS Engineer.,"clean-architecture,coordinator,dicontainer,github-actions,mvvm,pom,swiftui,xcui-testing",1,1,1,4,Swift,2024-05-04T18:47:50Z,2026-03-28T21:27:10Z,https://github.com/vespinola/mobile-courier-app
MVVM-C,repo_search,MVVM Coordinator,226256459,andrewmarmion/swiftui-mvvm-template,swiftui-mvvm-template,"Template MVVM app architecture, with coordinators and global manager objects",,0,2,0,0,,2019-12-06T05:56:44Z,2021-03-20T04:58:15Z,https://github.com/andrewmarmion/swiftui-mvvm-template
MVVM-C,repo_search,MVVM Coordinator,650966863,vel9988/ShopApp,ShopApp,"SwiftUI, MVVM,  Coordinator",,0,0,0,0,Swift,2023-06-08T07:44:12Z,2023-07-05T12:11:06Z,https://github.com/vel9988/ShopApp
MVVM-C,repo_search,MVVM Coordinator,1116941780,MisterBlackcore/CalendarAITestTask,CalendarAITestTask,"SwiftUI, Charts. MVVM + Coordinator",,0,0,0,0,Swift,2025-12-15T15:46:31Z,2025-12-16T10:22:30Z,https://github.com/MisterBlackcore/CalendarAITestTask
MVVM-C,repo_search,MVVM Coordinator,802122787,matrecode/CoordinatorMVVM,CoordinatorMVVM,Implementation of Coordinator Pattern with MVVM architecture and SwiftUI,,0,0,0,0,Swift,2024-05-17T15:05:29Z,2024-06-13T15:15:18Z,https://github.com/matrecode/CoordinatorMVVM
MVVM-C,repo_search,MVVM Coordinator,526247885,druzver/todo-swiftui,todo-swiftui,A simple tasks app (MVVM+Coordinator),,0,0,0,0,Swift,2022-08-18T14:34:36Z,2022-08-18T14:40:20Z,https://github.com/druzver/todo-swiftui
MVVM-C,repo_search,MVVM Coordinator,630477390,heonha/mvvmc-swiftui-reference,mvvmc-swiftui-reference,SwiftUI MVVM-C를 위한 Coordinator 구현 관련 자료,,0,0,0,0,Swift,2023-04-20T13:17:02Z,2023-10-03T15:08:46Z,https://github.com/heonha/mvvmc-swiftui-reference
MVVM-C,repo_search,MVVM Coordinator,1179883115,imvolynets/TranslatorApp,TranslatorApp,SwiftUI + UIKit / MVVM / Coordinator pattern,,0,0,0,0,Swift,2026-03-12T13:32:42Z,2026-03-12T13:35:09Z,https://github.com/imvolynets/TranslatorApp
MVVM-C,repo_search,MVVM Coordinator,1129602918,LerTal/MoviesSample,MoviesSample,MoviesSample project in SwiftUI + MVVM + Coordinator,,0,0,0,0,Swift,2026-01-07T10:17:27Z,2026-01-07T10:22:10Z,https://github.com/LerTal/MoviesSample
MVVM-C,repo_search,MVVM Coordinator,968350159,elia-crocetta/Pokedex_SwiftUI,Pokedex_SwiftUI,Pokedex app using SwiftUI and MVVM+Coordinator pattern,,0,0,0,0,Swift,2025-04-17T23:54:42Z,2025-09-18T12:26:17Z,https://github.com/elia-crocetta/Pokedex_SwiftUI
MVVM-C,repo_search,MVVM Coordinator,765377350,faruqiAhmed/CoordinatorPattern,CoordinatorPattern, Coordinator Pattern with MVVM and Advanced Navigation in UIKit & SwiftUI,,0,0,0,0,Swift,2024-02-29T19:58:22Z,2024-02-29T20:06:34Z,https://github.com/faruqiAhmed/CoordinatorPattern
MVVM-C,repo_search,MVVM Coordinator,486389007,bohdan462/CoordinatorExample,CoordinatorExample,Use of Coordinator Pattern with MVVM - Navigation in UIKit and SwiftUI,,0,0,0,0,Swift,2022-04-28T00:08:04Z,2022-04-28T00:08:19Z,https://github.com/bohdan462/CoordinatorExample
MVVM-C,repo_search,MVVM Coordinator,1151375579,rafaelaragaoc/SwiftUILogin,SwiftUILogin,"An example of a DDD, SOLID, and MVVM coordinator/router login.",,0,0,0,0,Swift,2026-02-06T11:42:20Z,2026-02-06T11:44:47Z,https://github.com/rafaelaragaoc/SwiftUILogin
MVVM-C,repo_search,MVVM Coordinator,660346012,alisharepo/task,task,attempt mixing SwiftUI and UIKit & MVVM & Coordinator pattern,,0,0,0,0,Swift,2023-06-29T19:57:34Z,2023-07-06T15:27:36Z,https://github.com/alisharepo/task
MVVM-C,repo_search,MVVM Coordinator,771584256,yilmazedis/UIKit-SwiftUI-MVVM-Example,UIKit-SwiftUI-MVVM-Example,MVVM Example for UIKit & SwiftUI,"coordinator,mvvm,swiftui,uikit",0,0,0,0,Swift,2024-03-13T15:09:12Z,2024-06-17T12:26:08Z,https://github.com/yilmazedis/UIKit-SwiftUI-MVVM-Example
MVVM-C,repo_search,MVVM Coordinator,392353538,HeorhiSinkou/PostTestAppMVVM,PostTestAppMVVM,App with MVVM+Coordinator pattern in SwiftUI architecture. Also used Combine. ,,0,1,0,0,Swift,2021-08-03T14:55:53Z,2024-12-03T09:03:07Z,https://github.com/HeorhiSinkou/PostTestAppMVVM
MVVM-C,repo_search,MVVM Coordinator,586021359,madazaharia/swiftui-coordinator-pattern-MVVM-iOS14,swiftui-coordinator-pattern-MVVM-iOS14,,,0,0,0,0,Swift,2023-01-06T18:17:20Z,2023-01-06T18:20:12Z,https://github.com/madazaharia/swiftui-coordinator-pattern-MVVM-iOS14
MVVM-C,repo_search,MVVM Coordinator,1178304205,MohamedShendy1/SwiftUI-Navigation-Coordinator,SwiftUI-Navigation-Coordinator,Example implementation of the Coordinator pattern in SwiftUI using MVVM to manage navigation flows and build scalable iOS application architecture.,,0,0,0,0,Swift,2026-03-10T22:34:52Z,2026-04-17T20:09:33Z,https://github.com/MohamedShendy1/SwiftUI-Navigation-Coordinator
MVVM-C,repo_search,MVVM Coordinator,997724287,shaqir/SwiftUI-Storefront,SwiftUI-Storefront,Modular e-commerce iOS app — SwiftUI + MVVM + Coordinator pattern with Swift Package Manager API layer,"coordinator-pattern,ecommerce,ios,mvvm,swift,swift-package-manager,swiftui",0,0,0,0,Swift,2025-06-07T03:39:36Z,2026-04-06T18:21:51Z,https://github.com/shaqir/SwiftUI-Storefront
MVVM-C,repo_search,MVVM Coordinator,771984948,LidiaNKR/HH,HH,"Приложение с списком вакансий, аналог hh (SwiftUI, MVVM + coordinator, Combine)",,0,1,0,0,Swift,2024-03-14T10:13:10Z,2024-03-20T18:37:44Z,https://github.com/LidiaNKR/HH
MVVM-C,repo_search,MVVM Coordinator,1180352331,hocarmona/RecipeHub,RecipeHub,"SwiftUI app with Coordinator Pattern, MVVM & Clean Architecture - iOS 17+",,0,0,0,0,Swift,2026-03-13T00:37:20Z,2026-03-13T17:34:32Z,https://github.com/hocarmona/RecipeHub
MVVM-C,repo_search,MVVM Coordinator,1117744095,pnastusevich/CalendarApp,CalendarApp,"Приложение-календарь для отображения тренировок с использованием SwiftUI, архитектуры MVVM + Coordinator.",,0,0,0,0,Swift,2025-12-16T18:48:56Z,2025-12-16T18:51:50Z,https://github.com/pnastusevich/CalendarApp
MVVM-C,repo_search,MVVM Coordinator,1108637360,AndreyAslanov/SwiftUI-Architecture-Demo,SwiftUI-Architecture-Demo,"Modular SwiftUI architecture demo with MVVM, Coordinator pattern, DI container, async/await networking, and clean project structure.",,0,0,0,0,Swift,2025-12-02T18:00:59Z,2025-12-02T18:33:41Z,https://github.com/AndreyAslanov/SwiftUI-Architecture-Demo
MVVM-C,repo_search,MVVM Coordinator,861389744,antfisher/Rides,Rides,"Test project. Simple List/Details app. SwiftUI, MVVM + Coordinator, some unit tests.",,0,0,0,0,Swift,2024-09-22T19:00:51Z,2024-09-22T19:01:40Z,https://github.com/antfisher/Rides
MVVM-C,repo_search,MVVM Coordinator,1228625179,GiangPT-Apero/base-swift-ui,base-swift-ui,"Production-ready SwiftUI template with Clean Architecture, MVVM, Coordinator Pattern, Factory DI, and AsyncStream",,0,0,0,0,Swift,2026-05-04T07:59:32Z,2026-05-04T08:31:44Z,https://github.com/GiangPT-Apero/base-swift-ui
MVVM-C,repo_search,MVVM Coordinator,1129085739,dkvirtbcacademy/HaeriApp,HaeriApp,"Air quality monitoring iOS app built with SwiftUI and UIKit, following MVVM + Coordinator architecture.",,0,0,0,0,Swift,2026-01-06T15:29:38Z,2026-02-23T16:40:41Z,https://github.com/dkvirtbcacademy/HaeriApp
MVVM-C,repo_search,MVVM Coordinator,624389158,deruloop/Beers,Beers,A simple SwiftUI app that fetches an API of Beers. MVVM Pattern with Coordinator,,0,0,0,0,Swift,2023-04-06T11:07:33Z,2023-04-06T11:13:42Z,https://github.com/deruloop/Beers
MVVM-C,repo_search,MVVM Coordinator,595789167,deruloop/GMBNPlayer,GMBNPlayer,An iOS app that fetches GMBN YouTube channel videos using Youtube API. SwiftUI with MVVM pattern and Coordinator,,0,0,0,0,Swift,2023-01-31T20:14:02Z,2023-04-06T10:34:13Z,https://github.com/deruloop/GMBNPlayer
MVVM-C,repo_search,MVVM Coordinator,582567048,bszakal/SecondHandUikitView,SecondHandUikitView,"Forked of the original Swift UI project, MVVM + Coordinator pattern, with some views in UIkit and others in SwiftUI",,0,0,0,0,Swift,2022-12-27T08:24:23Z,2024-06-06T09:55:36Z,https://github.com/bszakal/SecondHandUikitView
MVVM-C,repo_search,MVVM Coordinator,1007733519,ChandanH123/SwiftUIE1App,SwiftUIE1App,"SwiftUIE1App is a beginner-friendly SwiftUI project showcasing form validation, list/grid view toggle, user sorting, and navigation using MVVM and Coordinator patterns. It features clean UI, custom color palette, and modern SwiftUI practices like NavigationStack for structured app flow.",,0,0,0,0,Swift,2025-06-24T12:54:15Z,2025-06-24T13:05:59Z,https://github.com/ChandanH123/SwiftUIE1App
MVVM-C,repo_search,MVVM Coordinator,599007768,ccontrerasi/igdbTest,igdbTest,"This project is an example of an app in SwiftUI with MVVM pattern, including Coordinator to manage the navigation, and Testing",,0,0,0,0,Swift,2023-02-08T09:01:38Z,2023-02-12T17:04:11Z,https://github.com/ccontrerasi/igdbTest
MVVM-C,repo_search,MVVM Coordinator;Model View ViewModel Coordinator,884610592,SakethReddy-Pundru/Cocktail,Cocktail,Sample SwiftUI Application with Static Data - The application follows the MVVM (Model-View-ViewModel) architecture combined with the Coordinator pattern to manage navigation.,,0,0,0,0,Swift,2024-11-07T04:10:11Z,2024-11-11T09:58:54Z,https://github.com/SakethReddy-Pundru/Cocktail
MVVM-C,repo_search,MVVM Coordinator,1068806397,bhardwajaman1998/SwiftMosaic,SwiftMosaic,"A modular Swift + SwiftUI framework providing MVVM, Coordinators, state management, navigation, DI, and reusable UI building blocks.",,0,0,0,0,Swift,2025-10-03T00:01:51Z,2025-10-16T22:04:54Z,https://github.com/bhardwajaman1998/SwiftMosaic
MVVM-C,repo_search,MVVM Coordinator,894906660,BerkaySancar/LearnConnect,LearnConnect,Case Study,"coordinator,coredata,firebase,ios,mvvm,swiftui",0,0,0,0,Swift,2024-11-27T08:06:55Z,2024-11-27T12:51:54Z,https://github.com/BerkaySancar/LearnConnect
MVVM-C,repo_search,MVVM Coordinator,1124371324,abhyudayreddy1534/MyBMW,MyBMW,"MyBMW is an iOS app developed using SwiftUI, which is a clone of BMW mobile app using MVVM with Coordinator pattern, Component based development.",,0,0,0,0,Swift,2025-12-28T22:44:36Z,2025-12-29T01:34:36Z,https://github.com/abhyudayreddy1534/MyBMW
MVVM-C,repo_search,MVVM Coordinator,1231453818,Chetan81289/iOS-Design-Patterns,iOS-Design-Patterns,"Interactive SwiftUI catalog of essential iOS design patterns: MVC, MVVM, Singleton, Factory, Observer, Delegation, Coordinator, Dependency Injection & Adapter. Practical examples with in‑code explanations.",,0,0,0,0,Swift,2026-05-07T01:23:30Z,2026-05-08T09:51:25Z,https://github.com/Chetan81289/iOS-Design-Patterns
MVVM-C,repo_search,MVVM Coordinator,624391941,deruloop/PocketWorld,PocketWorld,a SwiftUI app that uses GraphQL to query the Countries API and return a list of Countries with detail for each one. MVVM Pattern with Coordinator,,0,0,0,0,Swift,2023-04-06T11:15:24Z,2023-04-06T11:16:40Z,https://github.com/deruloop/PocketWorld
MVVM-C,repo_search,MVVM Coordinator,1144001007,kaikai215/TravelDemo,TravelDemo,SwiftUI 旅遊建議系統，採用 MVVM + Coordinator 架構，實作完整流程導航與模組化設計,,0,0,0,0,Swift,2026-01-28T07:04:03Z,2026-02-11T06:39:39Z,https://github.com/kaikai215/TravelDemo
MVVM-C,repo_search,MVVM Coordinator,580971310,Lemonbrush/MTGCatalog,MTGCatalog,Magic the gathering catalog app based on Scryfall API,"coordinator,ios,mtg,mvvm,pet-project,swift,swiftui",0,0,0,0,Swift,2022-12-21T23:32:55Z,2022-12-21T23:49:49Z,https://github.com/Lemonbrush/MTGCatalog
MVVM-C,repo_search,MVVM Coordinator,750301891,yuriycraft/Hotel,Hotel,The prototype of an application for booking a hotel room.,"combine,coordinator,hotel,hotel-booking,mvvm,swift,swiftui",0,0,0,0,Swift,2024-01-30T11:36:13Z,2024-02-07T15:45:30Z,https://github.com/yuriycraft/Hotel
MVVM-C,repo_search,MVVM Coordinator,650069217,DavorLakus/noisy,noisy,A sound discovery hub. Tune recommendation powerhouse. Music visualized. Noisy connects all these dots in a single package. MVVM + Coordinators in SwiftUI.,,0,0,0,0,Swift,2023-06-06T09:13:31Z,2023-10-10T07:24:54Z,https://github.com/DavorLakus/noisy
MVVM-C,repo_search,MVVM Coordinator,884371062,luciobotteri/PokeDex-Example-App,PokeDex-Example-App,"A SwiftUI PokeDex app using MVVM + Coordinator pattern, fetching data from PokeAPI. Features include a list of Pokémon with images, detailed views with additional info, image caching, and unit tests.",,0,0,0,0,Swift,2024-11-06T16:20:57Z,2024-11-06T16:24:01Z,https://github.com/luciobotteri/PokeDex-Example-App
MVVM-C,repo_search,MVVM Coordinator,1221695997,betulzeynep/Places-Test-App,Places-Test-App,"A SwiftUI companion app demonstrating deep link integration with the Wikipedia iOS app. Features remote location fetching via Async/Await, MVVM architecture, and custom coordinate inputs.",,0,0,0,0,Swift,2026-04-26T15:07:08Z,2026-04-27T21:48:26Z,https://github.com/betulzeynep/Places-Test-App
MVVM-C,repo_search,MVVM Coordinator,1187418205,ManideepDMC/Weather,Weather,"> iOS Weather App built with MVVM + Clean Architecture + Coordinator pattern. Uses OpenWeatherMap API, UIKit navigation with SwiftUI views, location-based weather, city search with geocoding, image caching, and full unit/UI test coverage. No third-party libraries.",,0,0,0,1,Swift,2026-03-20T17:47:05Z,2026-03-20T17:51:53Z,https://github.com/ManideepDMC/Weather
MVVM-C,repo_search,MVVM Coordinator,1115617050,sulay28/Test-task-submission,Test-task-submission,This task includes a task submission for Listview/Tableview with MVVM+Combine architecture with coordinator pattern and combination of UIKit and SwiftUI. It also asks for git token if the request exceeds more than 60 per hour.,,0,0,0,0,Swift,2025-12-13T07:46:43Z,2025-12-13T10:43:53Z,https://github.com/sulay28/Test-task-submission
MVVM-C,repo_search,MVVM Coordinator,987375123,gourishankar27/IntelliCampus,IntelliCampus,"IntelliCampus -->  an iOS student-life companion app built in pure SwiftUI (NavigationStack) with MVVM + Coordinator, featuring Habit & Wellness Tracking, Real-time Collaborative Notes, AR Campus Navigation, On-device ML Photo Classification, a Location-Aware Social Feed, and free/premium Swift/iOS Tutorials.",,0,0,0,0,Swift,2025-05-21T01:45:57Z,2025-05-23T01:16:49Z,https://github.com/gourishankar27/IntelliCampus
MVVM-C,repo_search,MVVM Coordinator,1127337488,TsiramuaTeona/PetCareApp,PetCareApp,"PetCare is a SwiftUI + UIKit iOS app using MVVM + Coordinator navigation, async/await, and protocol-driven services for testability. It integrates Firebase Auth, Firestore, Storage, local notifications, CoreLocation/MapKit vet search, and an AI chat feature that builds contextual prompts from household pets and their health logs.",,0,0,0,0,Swift,2026-01-03T17:15:44Z,2026-01-25T13:56:56Z,https://github.com/TsiramuaTeona/PetCareApp
MVVM-C,readme_search,Model View ViewModel Coordinator,1183548800,zerolabsco/hutch,hutch,an ios client for sourcehut,,0,0,0,0,,,,https://github.com/zerolabsco/hutch
TCA,repo_search,TCA,308043635,EhPanda-Team/EhPanda,EhPanda,An unofficial E-Hentai App for iOS built with SwiftUI & TCA.,"combine,e-hentai,ehviewer,exhentai,hentai,swift-composable-architecture,swiftui",3838,245,3838,33,Swift,2020-10-28T14:32:59Z,2026-05-11T15:38:47Z,https://github.com/EhPanda-Team/EhPanda
TCA,repo_search,TCA,581681673,Saik0s/Whisperboard,Whisperboard,The open-source iOS app that's making quality voice transcription more accessible on mobile devices.,"audio-to-text,composable-architecture,ios,openai,speech-recognition,speech-to-text,swiftui,tca,transcription,tuist,whisper,whisper-cpp",1026,108,1026,22,Swift,2022-12-23T23:48:53Z,2026-05-10T20:30:03Z,https://github.com/Saik0s/Whisperboard
TCA,repo_search,TCA,611292597,Bartozo/Life-Progress-iOS,Life-Progress-iOS,Start living your best life today!,"cloudkit,coredata,ios,ipados,storekit2,swift,swiftui,tca,the-composable-architecture,widgetkit",314,20,314,2,Swift,2023-03-08T14:25:36Z,2026-03-27T22:37:47Z,https://github.com/Bartozo/Life-Progress-iOS
TCA,repo_search,TCA,23831718,criticalmaps/criticalmaps-ios,criticalmaps-ios,Critical Maps iOS App 🚲✊,"bike,bike-data,composable-architecture,criticalmaps,criticalmass,swiftui,tca",313,41,313,1,Swift,2014-09-09T12:04:17Z,2026-05-10T16:48:30Z,https://github.com/criticalmaps/criticalmaps-ios
TCA,repo_search,TCA,385093461,hollyoops/RecoilSwift,RecoilSwift,"A New, Functional, Modern Reactive State Management Library for UIKit and SwiftUI (The iOS implementation of Recoil)","functional-programming,ios,mvvm,recoil,redux,reswift,state-mangement,swift,swiftui,tca",241,6,241,0,Swift,2021-07-12T01:39:46Z,2025-12-10T05:41:54Z,https://github.com/hollyoops/RecoilSwift
TCA,repo_search,TCA,492605917,oolxg/Hanami,Hanami,App for reading and saving manga for iOS/iPadOS,"composable-architecture,ios,ipados,manga,manga-downloader,manga-reader,mangadex,mangadex-api,swift,swiftui,tca,the-composable-architecture",199,14,199,10,Swift,2022-05-15T21:16:24Z,2026-04-27T19:40:45Z,https://github.com/oolxg/Hanami
TCA,repo_search,TCA,834702599,moderato-app/approf,approf,Play with pprof on macOS,"composable-architecture,go,golang,gui,mac,macos,pprof,swift,swiftui,tca,ui",197,3,197,3,Swift,2024-07-28T05:16:24Z,2026-05-08T19:11:43Z,https://github.com/moderato-app/approf
TCA,repo_search,TCA,766067467,tryswift/try-swift-tokyo,try-swift-tokyo,Single Source of try! Swift Tokyo,"elementry,ignite,swift,swiftui,tca,tryswift,vapor",195,37,195,10,Swift,2024-03-02T08:45:43Z,2026-05-12T15:18:36Z,https://github.com/tryswift/try-swift-tokyo
TCA,repo_search,TCA;The Composable Architecture,350113857,RogyMD/TCAminesweeper,TCAminesweeper,Minesweeper game in Swift UI using the Composable Architecture,"composable-architecture,game,minesweeper,swift,swiftui",138,4,138,0,Swift,2021-03-21T20:41:41Z,2026-05-10T06:06:56Z,https://github.com/RogyMD/TCAminesweeper
TCA,repo_search,TCA,748365070,felilo/SUICoordinator,SUICoordinator,"Navigation coordinators for SWiftUI. Simple, powerful and elegant.","architecture-components,composition-root,coordinator-pattern,mvvm,mvvm-c,navigation-stack,swift,swiftui,tca,viper",137,9,137,0,Swift,2024-01-25T20:23:24Z,2026-05-02T21:37:34Z,https://github.com/felilo/SUICoordinator
TCA,repo_search,TCA,386319806,gematik/E-Rezept-App-iOS,E-Rezept-App-iOS,The official iOS App of the german e-prescription,"combine,composable-architecture,e-rezept,ios,swift,swiftui,tca",120,15,120,0,Swift,2021-07-15T14:30:26Z,2026-05-08T08:49:01Z,https://github.com/gematik/E-Rezept-App-iOS
TCA,repo_search,TCA,334202626,significa/ios-swiftui-tca-example,ios-swiftui-tca-example,PokemonCards - SwiftUI + Composable Architecture Example ,,108,6,108,2,Swift,2021-01-29T16:36:04Z,2025-10-21T09:59:40Z,https://github.com/significa/ios-swiftui-tca-example
TCA,repo_search,TCA,929125820,glnygl/Harmony,Harmony,Music App | SwiftUI + TCA + SharingGRDB,"composable-architecture,grdb,sharinggrdb,swift,swiftui,tca",107,8,107,0,Swift,2025-02-07T21:16:49Z,2026-02-03T14:15:17Z,https://github.com/glnygl/Harmony
TCA,repo_search,TCA,700673660,SouzaRodrigo61/SwiftDataTCA,SwiftDataTCA,Sample about SwiftData with Composable Architecture in initial fase of development,"data-persistence,swift,swiftdata,swiftdata-example,swiftui,tca,the-composable-architecture",87,12,87,3,Swift,2023-10-05T04:17:30Z,2025-12-08T03:26:30Z,https://github.com/SouzaRodrigo61/SwiftDataTCA
TCA,repo_search,TCA,275249746,jboullianne/TCAnimatedText,TCAnimatedText,SwiftUI Animated Text - Swift Package,,82,4,82,2,Swift,2020-06-26T21:19:59Z,2026-03-26T11:35:20Z,https://github.com/jboullianne/TCAnimatedText
TCA,repo_search,TCA,684649641,darrarski/darrarski-app,darrarski-app,iOS & macOS SwiftUI application about my work and services,"composable-architecture,example-app,ios,macos,swift,swiftui,tca",68,3,68,6,Swift,2023-08-29T15:14:57Z,2026-03-27T22:37:56Z,https://github.com/darrarski/darrarski-app
TCA,repo_search,TCA,374147201,heinzl/swift-composable-navigation,swift-composable-navigation,Models UI navigation patterns using TCA,"composable-architecture,ios,navigation,swift,swiftui,tca,uikit",66,9,66,2,Swift,2021-06-05T15:22:07Z,2026-04-14T11:55:13Z,https://github.com/heinzl/swift-composable-navigation
TCA,repo_search,TCA,674618651,ValseLee/TCA_Workshop,TCA_Workshop,"📍  Apple Developer Academy 2nd @ POSTECH, TCA Workshop","composable-architecture,swift,swiftui",58,1,58,2,Swift,2023-08-04T11:35:30Z,2026-04-21T18:17:45Z,https://github.com/ValseLee/TCA_Workshop
TCA,repo_search,TCA,618728587,mash-up-kr/SeeYouAgain_iOS,SeeYouAgain_iOS,⚡️ 숏스(SHORT NEWS) - 키워드로 보는 짧은 뉴스,"ios,swift,swiftui,tca,the-composable-architecture",53,0,53,4,Swift,2023-03-25T07:06:26Z,2025-08-22T04:36:38Z,https://github.com/mash-up-kr/SeeYouAgain_iOS
TCA,repo_search,TCA,643084304,ku-ring/ios-app,ios-app,쿠링 iOS 앱 v2 레포입니다. SwiftUI + TCA,,51,0,51,3,Swift,2023-05-20T04:02:26Z,2026-04-08T08:39:42Z,https://github.com/ku-ring/ios-app
TCA,repo_search,TCA;The Composable Architecture,912013042,ethanhuang13/SwiftUI-TCA-Template,SwiftUI-TCA-Template,"A template project for building iOS/macOS apps with SwiftUI and The Composable Architecture (TCA), featuring a modular package structure for better maintainability and scalability.",,45,4,45,1,Swift,2025-01-04T13:15:35Z,2026-03-25T22:00:12Z,https://github.com/ethanhuang13/SwiftUI-TCA-Template
TCA,repo_search,TCA,803761767,YAPP-Github/Pokit-iOS,Pokit-iOS,🐚 포킷 - 링크 아카이빙 서비스 🐚,"24th,composable-architecture,fastlane,github-actions,modular-architecture,swiftui,tca,tuist",42,1,42,12,Swift,2024-05-21T10:41:23Z,2026-05-04T13:10:46Z,https://github.com/YAPP-Github/Pokit-iOS
TCA,repo_search,TCA;The Composable Architecture,384749639,lukeleleh/reminders-app,reminders-app,"A simple app for trying The Composable Architecture (TCA) written in SwiftUI to create, edit and complete reminders, getting scheduled local notifications ✏️","ios,swift,swift-composable-architecture,swiftui,tca,the-composable-architecture,watchos",32,2,32,0,Swift,2021-07-10T17:03:49Z,2026-05-05T22:52:21Z,https://github.com/lukeleleh/reminders-app
TCA,repo_search,TCA,304637723,lm2s/Texther,Texther,Tuist + SwiftUI + TCA example application,,30,2,30,1,Swift,2020-10-16T13:37:58Z,2026-04-24T11:01:06Z,https://github.com/lm2s/Texther
TCA,repo_search,TCA,402245002,FullStack-Swift/TodoList,TodoList,"Examples App Todo for Composable Architecture with UIKit and SwiftUI, and with RxSwift, ReactiveSwift and Combine","composable-architecture,ios,macos,swift,tca",29,10,29,3,Swift,2021-09-02T00:51:59Z,2025-11-30T02:23:42Z,https://github.com/FullStack-Swift/TodoList
TCA,repo_search,TCA,474368202,Starkrimson/WeatherApp,WeatherApp,🌤 SwiftUI Weather App,"catalyst,combine,examples,ios,ios-demo,macos,reducer,swift,swift-ui,swiftui,tca,thecomposablearchitecture",28,0,28,0,Swift,2022-03-26T14:15:22Z,2025-10-28T14:23:14Z,https://github.com/Starkrimson/WeatherApp
TCA,repo_search,TCA,664499639,Nexters/keyme-iOS,keyme-iOS,🔑 [키미:iOS] T나 F보다 중요한 건 U 🫵,"swiftui,tca,tuist",27,1,27,2,Swift,2023-07-10T05:51:52Z,2026-03-28T07:34:35Z,https://github.com/Nexters/keyme-iOS
TCA,repo_search,TCA,524303973,Cookiezby/iOSDC2022-SwiftUI-TCA,iOSDC2022-SwiftUI-TCA,A timetable application build with SwiftUI and TCA for iOSDC2022,,22,3,22,0,Swift,2022-08-13T04:53:08Z,2025-12-22T02:04:55Z,https://github.com/Cookiezby/iOSDC2022-SwiftUI-TCA
TCA,repo_search,TCA,387844592,dscyrescotti/Notas,Notas,Demo app for Swift Composable Architecture with SwiftUI and Realm,"ios,note-app,realmswift,swift-composable-architecture,swiftui,tca",18,2,18,0,Swift,2021-07-20T16:01:10Z,2025-10-30T01:50:24Z,https://github.com/dscyrescotti/Notas
TCA,repo_search,TCA,596935195,ml-opensource/swiftui-template-tca,swiftui-template-tca,,,17,6,17,0,Swift,2023-02-03T08:55:37Z,2026-03-26T06:45:28Z,https://github.com/ml-opensource/swiftui-template-tca
TCA,repo_search,TCA;The Composable Architecture,386457905,p-larson/TCA-Snake,TCA-Snake,Snake built on SwiftUI & TCA (The Composable Architecture),"app,beta,canvas,demo,example,game,ios,snake,swift,swiftui,tca,thecomposablearchitecture,tutorial",17,0,17,0,Swift,2021-07-16T00:13:47Z,2024-05-28T06:25:44Z,https://github.com/p-larson/TCA-Snake
TCA,repo_search,TCA;The Composable Architecture,806161382,kaiwalyakhasnis/TCARoadfighter,TCARoadfighter,Game built in swiftUI and the composable architecture (TCA),,17,0,17,0,Swift,2024-05-26T14:48:07Z,2025-12-04T11:57:34Z,https://github.com/kaiwalyakhasnis/TCARoadfighter
TCA,repo_search,TCA,696268379,littleossa/SFSymbolsArtCreator,SFSymbolsArtCreator,This is an app to create arts with SF Symbols easily and TCA-SwiftUI example,"sfsymbols,swift,swiftui,tca,thecomposablearchitecture",17,0,17,0,Swift,2023-09-25T12:27:18Z,2024-04-01T09:24:23Z,https://github.com/littleossa/SFSymbolsArtCreator
TCA,repo_search,TCA,670062345,Monsteel/TCARouteStack,TCARouteStack,SwiftUI + TCA 에서 navigation 과 presentation 상태를 하나의 Stack으로 관리할 수 있습니다.,,16,1,16,0,Swift,2023-07-24T08:01:10Z,2025-11-10T12:47:34Z,https://github.com/Monsteel/TCARouteStack
TCA,repo_search,TCA,584020266,Ytemiloluwa/ZaraApp,ZaraApp,"E-commerce App with SwiftUI, UIKit & TCA Architecture","ios,swift,swiftui,uikit",16,1,16,0,Swift,2023-01-01T00:08:03Z,2025-12-25T07:17:24Z,https://github.com/Ytemiloluwa/ZaraApp
TCA,repo_search,TCA,791241259,mash-up-kr/gabbangzip-iOS,gabbangzip-iOS,어서오세요 빵집입니다 🧑‍🍳,"ios,swift,swiftui,tca",16,0,16,0,Swift,2024-04-24T11:02:31Z,2025-02-23T08:22:40Z,https://github.com/mash-up-kr/gabbangzip-iOS
TCA,repo_search,TCA,477252074,yyokii/PomodoroApp,PomodoroApp,Simple  Pomodoro Mac App with TCA,"firestore,swift,swift-composable-architecture,swiftui",15,1,15,0,Swift,2022-04-03T05:57:50Z,2024-07-09T12:08:24Z,https://github.com/yyokii/PomodoroApp
TCA,repo_search,TCA,511740073,Starkrimson/MovieDB,MovieDB,🌇 探索发现海量影视作品,"macos-app,swift,swiftui,tca,thecomposablearchitecture",14,0,14,0,Swift,2022-07-08T02:46:12Z,2024-02-16T12:58:53Z,https://github.com/Starkrimson/MovieDB
TCA,repo_search,TCA,790807127,mash-up-kr/Dorabangs_iOS,Dorabangs_iOS,🔗 Linkit - 흩어진 링크를 한 곳에서 편리하게 관리해 줄 AI 기반 링크 보관 앱,"ios,swift,swiftui,tca,the-composable-architecture",14,0,14,0,Swift,2024-04-23T15:06:54Z,2026-02-06T18:15:27Z,https://github.com/mash-up-kr/Dorabangs_iOS
TCA,repo_search,TCA;The Composable Architecture,364222713,tomu28/tca-swiftui-template,tca-swiftui-template,「The Composable Architecture + Feature単位でのモジュール分割」プロジェクトテンプレート,swift,13,0,13,0,Swift,2021-05-04T10:43:51Z,2023-02-07T12:39:36Z,https://github.com/tomu28/tca-swiftui-template
TCA,repo_search,TCA,665252135,Anatoli-Petrosyants/TCA_showcase_shop,TCA_showcase_shop,,"api,coredata,firestore,ios,pointfree,pointfree-programming,swift,swiftui,tca,thecomposablearchitecture",13,0,13,0,Swift,2023-07-11T19:33:17Z,2026-04-08T11:49:58Z,https://github.com/Anatoli-Petrosyants/TCA_showcase_shop
TCA,repo_search,TCA,507523979,mrtnlst/BoulderLogbook,BoulderLogbook,An unofficial logbook for bouldering at Mandala. Kind of a SwiftUI playground as well.,"composable-architecture,ios,swift,swiftui,tca",11,3,11,0,Swift,2022-06-26T08:57:36Z,2026-04-19T15:05:23Z,https://github.com/mrtnlst/BoulderLogbook
TCA,repo_search,TCA,452255352,havilog/AppStoreClone,AppStoreClone,,"combine,ios,swift,swiftui,tca",10,0,10,0,Swift,2022-01-26T11:50:11Z,2026-04-04T07:25:52Z,https://github.com/havilog/AppStoreClone
TCA,repo_search,TCA,667958281,p-larson/TCA-Bible,TCA-Bible,Bible reader built with SwiftUI & TCA,"swift,swiftui,the-composable-architecture",10,0,10,3,Swift,2023-07-18T17:26:21Z,2026-01-06T11:38:34Z,https://github.com/p-larson/TCA-Bible
TCA,repo_search,TCA,826052988,rokon-uddin/swiftui-tca-boilerplate,swiftui-tca-boilerplate,Project template to jumpstart your next app for Apple platform using SwiftUI and TCA with integrating best practices and tools.,"clean-architecture,clean-code,clean-swift,cookiecutter,cookiecutter-template,coredata,moduler-pattern,moya,swiftui,swiftui-example,tca,the-composable-architecture",10,1,10,1,Swift,2024-07-09T02:58:03Z,2025-09-15T10:06:23Z,https://github.com/rokon-uddin/swiftui-tca-boilerplate
TCA,repo_search,TCA,783555773,ok-su-su/iOS,iOS,"결혼식, 돌잔치, 장례식, 생일 같은 경조사를 챙긴 적 있나요?  주고받은 소중한 마음들, 수수와 함께 경조사비를 똑똑하게 관리해요!","ios,swiftui,tca",10,1,10,27,Swift,2024-04-08T06:02:11Z,2026-02-26T14:10:08Z,https://github.com/ok-su-su/iOS
TCA,repo_search,TCA,598082135,mtzaquia/RoutingReducer,RoutingReducer,"RoutingReducer is a framework for stateful navigation for stacks and modals with TCA. It is loosely inspired by the coordinator pattern, can be adopted gradually and be used recursively.","coordinator,navigation,swiftui,tca",10,0,10,0,Swift,2023-02-06T11:07:40Z,2026-01-23T12:57:29Z,https://github.com/mtzaquia/RoutingReducer
TCA,repo_search,TCA,1233005837,Quizer1349/tuist_tca_boilerplate,tuist_tca_boilerplate,Modular iOS Starter: Tuist + TCA + SwiftUI,"boilerplate-template,clean-architecture,ios,modular-architecture,swift,swiftui,tca,the-composable-architecture,tuist",9,0,9,0,Swift,2026-05-08T13:46:00Z,2026-05-11T23:25:27Z,https://github.com/Quizer1349/tuist_tca_boilerplate
TCA,repo_search,TCA;The Composable Architecture,698936048,swiftpublished/GithubAPIClient,GithubAPIClient,A SwiftUI app created to demonstrate The Composable Architecture (TCA) in SwiftPragma Conference 2023 by Muralidharan Kathiresan ,,9,2,9,0,Swift,2023-10-01T12:44:43Z,2026-05-11T09:44:02Z,https://github.com/swiftpublished/GithubAPIClient
TCA,repo_search,TCA;The Composable Architecture,505070510,renaudjenny/SoliArt,SoliArt,An other Solitaire/Patience/Klondike game. This time in Swift with SwiftUI using TCA (The Composable Architecture). WIP,,9,1,9,0,Swift,2022-06-19T09:56:26Z,2025-12-26T13:16:27Z,https://github.com/renaudjenny/SoliArt
TCA,repo_search,TCA;The Composable Architecture,418920137,leovido/composable-much-better-exercise,composable-much-better-exercise,Finance demo iOS app. This is a project demonstrating the capabilities of The Composable Architecture (TCA) and Swift Package Manager.,"composable-architecture,fastlane,fastlane-ios,functional-programming,ios,reactive-programming,swift,swiftui,the-composable-architecture",9,3,9,2,Swift,2021-10-19T12:44:08Z,2025-12-10T04:39:30Z,https://github.com/leovido/composable-much-better-exercise
TCA,repo_search,TCA,1022456671,roberthein/tinyTCA,tinyTCA,Just enough architecture.,"arhitecture,swift,swift6,swiftui,xcode",9,1,9,2,Swift,2025-07-19T05:40:54Z,2026-02-19T12:12:45Z,https://github.com/roberthein/tinyTCA
TCA,repo_search,TCA,743450870,space-code/blade,blade,Blade is a pagination framework that streamlines adding pagination to an application.,"composable-architecture,pagination,swift,swiftui,tca",9,0,9,2,Swift,2024-01-15T09:10:25Z,2026-02-21T12:06:34Z,https://github.com/space-code/blade
TCA,repo_search,TCA,411645084,CaptureContext/composable-architecture-extensions,composable-architecture-extensions,"Extension for TCA library (Update on hold, have to release major update to combine-navigation first)","cocoa,cocoatouch,composable-architecture,ios,macos,navigation,spm,swift,swiftpm,swiftui,tca,tvos,udf,uikit,watchos",9,1,9,0,Swift,2021-09-29T11:23:53Z,2026-03-10T06:29:02Z,https://github.com/CaptureContext/composable-architecture-extensions
TCA,repo_search,TCA,796387831,LidorFadida/SwiftUICinemaTCA,SwiftUICinemaTCA,,,8,0,8,0,Swift,2024-05-05T19:34:55Z,2026-03-17T17:26:12Z,https://github.com/LidorFadida/SwiftUICinemaTCA
TCA,repo_search,TCA,653935101,tiennv166/TCA-Line-Game,TCA-Line-Game,"The classic line game written in SwiftUI, SpriteKit & TCA.",,8,1,8,0,Swift,2023-06-15T04:01:17Z,2025-06-19T15:07:04Z,https://github.com/tiennv166/TCA-Line-Game
TCA,repo_search,TCA;The Composable Architecture,883580604,Rimesh/AppStore-TCA,AppStore-TCA,iOS sample app recreating App Store with SwiftUI using The Composable Architecture (TCA),"appstore,appstore-api,pointfree,pointfreeco,swiftcomposablearchitecture,swiftui,tca,thecomposablearchitecture",8,0,8,0,Swift,2024-11-05T08:09:49Z,2026-05-05T17:41:34Z,https://github.com/Rimesh/AppStore-TCA
TCA,repo_search,TCA;The Composable Architecture,701634244,Sashazakh/VocabVesre,VocabVesre,A simple word learning app built with TCA(The Composable Architecture) and SwiftUI.,"composable-architecture,coredata,ios,swift,swiftui,tca,thecomposablearchitecture",8,0,8,0,Swift,2023-10-07T05:48:17Z,2025-01-05T06:59:48Z,https://github.com/Sashazakh/VocabVesre
TCA,repo_search,TCA,605325147,o-nnerb/navigation-kit,navigation-kit,Navigation library for SwiftUI apps,"declarative,ios,navigation,swift,swift-package-manager,swiftui,tca",8,0,8,5,Swift,2023-02-22T23:19:39Z,2025-11-22T18:50:19Z,https://github.com/o-nnerb/navigation-kit
TCA,repo_search,TCA;The Composable Architecture,1080435058,constantineSafronov/Spectra,Spectra,"Spectra 🌈 is a modern iOS photo browsing app built with SwiftUI and The Composable Architecture (TCA). It leverages the Unsplash API to search and display stunning images with smooth, interactive transitions and a clean, testable architecture.",,8,0,8,1,Swift,2025-10-21T11:16:57Z,2026-01-08T20:27:16Z,https://github.com/constantineSafronov/Spectra
TCA,repo_search,TCA,588245458,Naturally-Inviting/swift-tca-custom-alert,swift-tca-custom-alert,Custom modals and alerts using SwiftUI and TCA!,"ios,swift,swift-composable-architecture,swift-package-manager",7,1,7,1,Swift,2023-01-12T17:08:17Z,2025-01-27T14:28:51Z,https://github.com/Naturally-Inviting/swift-tca-custom-alert
TCA,repo_search,TCA,667830040,never-better/SwiftUI-TCA-Camera-Demo,SwiftUI-TCA-Camera-Demo,SwiftUI Camera App Using Composable Architecture,"app,camera,ios,swift,swiftui,tca",7,0,7,0,Swift,2023-07-18T11:53:20Z,2026-02-27T10:23:36Z,https://github.com/never-better/SwiftUI-TCA-Camera-Demo
TCA,repo_search,TCA,640166985,ratnesh-jain/TCA-Shared-Reducer,TCA-Shared-Reducer,A TCA toy project for sharing a common store using SwiftUI's environment. ,,7,0,7,0,Swift,2023-05-13T07:46:25Z,2025-05-31T06:35:39Z,https://github.com/ratnesh-jain/TCA-Shared-Reducer
TCA,repo_search,TCA,427915991,mrtnlst/remastered,remastered,A better music client for iOS build on SwiftUI and TCA. Not actively developed anymore.,"composable-architecture,ios,swiftui,tca",7,0,7,0,Swift,2021-11-14T11:58:36Z,2025-02-23T12:40:55Z,https://github.com/mrtnlst/remastered
TCA,repo_search,TCA,1009556730,Anderson-Hyl/FoundationModelsChat,FoundationModelsChat,an exploration with Apple's `FoundationModels` framework,"foundation-models,macos,swift-composable-architecture,swiftui,tca",7,0,7,0,Swift,2025-06-27T10:21:28Z,2026-05-02T19:28:43Z,https://github.com/Anderson-Hyl/FoundationModelsChat
TCA,repo_search,TCA;The Composable Architecture,567400018,BakrIOS91/The-News,The-News,A SwiftUI Application Build with Composable Architecture (TCA),,6,2,6,0,Swift,2022-11-17T17:54:55Z,2025-04-28T08:02:41Z,https://github.com/BakrIOS91/The-News
TCA,repo_search,TCA,890034936,RedGiftApp/RedGift,RedGift,An unofficial RedGIFs App for iOS built with SwiftUI & TCA.,"ios,redgifs,swift,swift-composable-architecture,swiftui",7,2,7,1,Swift,2024-11-17T21:02:24Z,2026-05-04T00:42:18Z,https://github.com/RedGiftApp/RedGift
TCA,repo_search,TCA,762947393,JORDYMA-Link/Link-iOS,Link-iOS,"AI 링크 아카이빙 서비스, Blink","swiftui,tca",6,0,6,2,Swift,2024-02-25T06:17:34Z,2026-04-17T01:56:23Z,https://github.com/JORDYMA-Link/Link-iOS
TCA,repo_search,TCA;The Composable Architecture,890504283,mrezkys/Bako,Bako,"Bako is an emotion tracker app that helps users identify, categorize, and log their emotions. Built using The Composable Architecture (TCA).","composable-architecture,mood-tracker,swift,swiftui,tca,the-composable-architecture",6,0,6,0,Swift,2024-11-18T17:22:04Z,2025-08-01T04:43:22Z,https://github.com/mrezkys/Bako
TCA,repo_search,TCA,497586552,ddanilyuk/KPIHubIOS,KPIHubIOS,IOS Додаток: Розклад і Кампус для студентів КПІ ,"combine,ios,kpi,swift,swiftui,tca,thecomposablearchitecture,vapor,vapor-swift",6,1,6,1,Swift,2022-05-29T12:38:28Z,2023-04-26T12:57:13Z,https://github.com/ddanilyuk/KPIHubIOS
TCA,repo_search,TCA,600321422,mrsergio/timee,timee,Nimble iOS time tracker [SwiftUI • TCA],"composable-architecture,grdb,ios,swiftui,tca",5,0,5,0,Swift,2023-02-11T05:48:27Z,2024-08-12T05:27:09Z,https://github.com/mrsergio/timee
TCA,repo_search,ComposableArchitecture;TCA,366328906,darrarski/tca-swiftui-navigation,tca-swiftui-navigation,Navigation helpers for ComposableArchitecture to be used in SwiftUI applications,,5,1,5,0,Swift,2021-05-11T09:35:19Z,2023-01-28T06:48:27Z,https://github.com/darrarski/tca-swiftui-navigation
TCA,repo_search,TCA,448319527,hamadayuuki/practice-iOS-architectures,practice-iOS-architectures,TCA,"ios,layered-architecture,mvc,mvvm,swift,swiftui,tca,viper",5,0,5,0,Swift,2022-01-15T15:44:50Z,2025-04-24T00:04:54Z,https://github.com/hamadayuuki/practice-iOS-architectures
TCA,repo_search,TCA,504735365,devyhan/Scope,Scope,Using Tuist with TCA ,"clean-architecture,combine,sca,swift-composable-architecture,swiftui,tca,tuist",5,0,5,3,Swift,2022-06-18T03:36:49Z,2023-09-20T10:03:00Z,https://github.com/devyhan/Scope
TCA,repo_search,TCA,747626266,PecanPiePOS/PoMeds-TCA,PoMeds-TCA,"💊 약물 복용 관리 앱 / SwiftUI, TCA, Clean Architecture, Open API, Widget, PushNoti 사용",,5,0,5,1,Swift,2024-01-24T10:14:01Z,2025-01-18T06:10:48Z,https://github.com/PecanPiePOS/PoMeds-TCA
TCA,repo_search,TCA,593294790,Naturally-Inviting/swift-tca-transitions,swift-tca-transitions,Simple transitions and view modifiers,"swift,swift-composable-architecture,swift-package-manager,swiftui,xcode",5,0,5,0,Swift,2023-01-25T17:23:04Z,2025-12-24T07:48:57Z,https://github.com/Naturally-Inviting/swift-tca-transitions
TCA,repo_search,TCA,631045532,yalishanda42/BDZ-Delays,BDZ-Delays,БДЖ табла за всяка гара в реално време.,"actors,composable-architecture,realm,spm,swiftui,tca",5,0,5,0,Swift,2023-04-21T19:32:08Z,2025-09-15T18:52:05Z,https://github.com/yalishanda42/BDZ-Delays
TCA,repo_search,TCA,1103246928,YAPP-Github/Neki-iOS,Neki-iOS,네키 - 네컷 사진의 시작부터 기록까지,"clean-architecture,coreml,fastlane,map,modular-architecture,qrscanner,swiftui,tca",5,0,5,5,Swift,2025-11-24T16:09:22Z,2026-04-20T15:58:29Z,https://github.com/YAPP-Github/Neki-iOS
TCA,repo_search,TCA,795768761,KNUTICE/KNUTICE-iOS,KNUTICE-iOS,📢 핑프들을 위한 공지사항 알림 서비스,"clean-architecture,combine,coredata,ios,mvvm,rxswift,swift,swiftconcurrency,swiftui,tca,tuist,uikit,widgetkit",5,1,5,0,Swift,2024-05-04T02:26:53Z,2026-05-11T01:58:31Z,https://github.com/KNUTICE/KNUTICE-iOS
TCA,repo_search,TCA,691857096,SJU-CapstoneDesign/D3N-iOS,D3N-iOS,SwiftUI TCA,"swiftui,thecomposablearchitecture,tuist",4,0,4,3,Swift,2023-09-15T03:24:20Z,2024-04-03T06:13:00Z,https://github.com/SJU-CapstoneDesign/D3N-iOS
TCA,repo_search,TCA,502019568,JavierLaguna/Composable-SwiftUI,Composable-SwiftUI,Project used for learn SwiftUI + TCA architecture,,4,0,4,1,Swift,2022-06-10T11:35:26Z,2026-03-25T12:04:01Z,https://github.com/JavierLaguna/Composable-SwiftUI
TCA,repo_search,TCA,670191914,Swift-Coding-Club/Trandy-Tuist_TCA,Trandy-Tuist_TCA,트랜디한 Tuist & Tca 스터디 ,"clean-architecture,swift5,swiftui,tca,tuist",4,0,4,0,Swift,2023-07-24T13:47:22Z,2024-01-26T15:40:42Z,https://github.com/Swift-Coding-Club/Trandy-Tuist_TCA
TCA,repo_search,TCA,827834446,angelosstaboulis/TCADemo,TCADemo,I made this simple IOS app in SwiftUI as an example for TCA Design Pattern with REST-API,,4,0,4,0,Swift,2024-07-12T13:29:20Z,2026-01-21T09:49:19Z,https://github.com/angelosstaboulis/TCADemo
TCA,repo_search,TCA,1040313115,bradhowes/AUv3Template-SwiftUI,AUv3Template-SwiftUI,Another template for hosting app + AUv3 app extension with SwiftUI interfaces,"auv3,auv3-plugin,ios-application,macos-application,swift,swiftui,tca",4,1,4,0,Swift,2025-08-18T19:30:39Z,2026-01-27T19:49:00Z,https://github.com/bradhowes/AUv3Template-SwiftUI
TCA,repo_search,TCA,686683776,sabapathy7/SwiftBlrTCADemo,SwiftBlrTCADemo,"Demo Application - Getting Started with TCA - 2nd September @ AiDash, Whitefield BLR","combine,mvvm,swift-composable-architecture,swiftui,tca,uikit",4,0,4,0,Swift,2023-09-03T15:58:32Z,2025-05-30T03:46:37Z,https://github.com/sabapathy7/SwiftBlrTCADemo
TCA,repo_search,TCA,822656216,JongHyunLee84/Memorizing,Memorizing,An iOS app built with SwiftUI & TCA for studying and memorizing vocabulary on your own.,"app,ios,swift-composable-architecture,swiftui",4,1,4,0,Swift,2024-07-01T14:57:15Z,2025-03-17T02:55:55Z,https://github.com/JongHyunLee84/Memorizing
TCA,repo_search,TCA,359019062,renaudjenny/WeeklyRecipePlanning,WeeklyRecipePlanning,"Yet another recipe book app. But this one is made with SwiftUI, TCA (Composable Architecture) and CoreData",,4,0,4,0,Swift,2021-04-18T01:32:15Z,2024-11-20T21:38:42Z,https://github.com/renaudjenny/WeeklyRecipePlanning
TCA,repo_search,TCA,786721578,hogumachu/SimpleNote,SimpleNote,SimpleNote is an app that makes it easy to jot down tasks,"cloudkit,composable-architecture,swiftdata,swiftui,tca",4,1,4,6,Swift,2024-04-15T07:18:23Z,2026-02-16T14:59:50Z,https://github.com/hogumachu/SimpleNote
TCA,repo_search,TCA,365239535,lcr3/Seed,Seed,SwiftUI × Firebase × TCA,,3,0,3,0,Swift,2021-05-07T13:18:17Z,2023-07-04T14:14:30Z,https://github.com/lcr3/Seed
TCA,repo_search,TCA,473504513,MoSonLee/SwiftUI,SwiftUI,⭐️SwiftUI Study🍎,"combine,swiftui,tca",3,0,3,0,Swift,2022-03-24T07:44:15Z,2024-06-06T02:23:27Z,https://github.com/MoSonLee/SwiftUI
TCA,repo_search,TCA,444839007,lukeredpath/tca-navigation-demo,tca-navigation-demo,Experimenting with swiftui-navigation and TCA.,,3,0,3,0,Swift,2022-01-05T14:43:01Z,2023-07-14T23:29:05Z,https://github.com/lukeredpath/tca-navigation-demo
TCA,repo_search,TCA;The Composable Architecture,685531795,x-0o0/SwiftUI-TCA-Note,SwiftUI-TCA-Note,The Composable Architecture 공부 노트 (SwiftUI),"swift-composable-architecture,tca",3,0,3,1,Swift,2023-08-31T12:49:48Z,2024-09-30T16:42:44Z,https://github.com/x-0o0/SwiftUI-TCA-Note
TCA,repo_search,TCA,626980247,p-larson/TCA-Snake-2,TCA-Snake-2,"macOS Snake game, written with SwiftUI & TCA","composable-architecture,snake-game,swiftui",3,0,3,0,Swift,2023-04-12T14:40:14Z,2024-05-08T10:18:05Z,https://github.com/p-larson/TCA-Snake-2
TCA,repo_search,TCA,1012229186,Jaesung-Jung/Resplash,Resplash,Unsplash for iOS is built with SwiftUI + TCA,,3,1,3,0,Swift,2025-07-02T02:54:15Z,2026-04-01T11:36:22Z,https://github.com/Jaesung-Jung/Resplash
TCA,repo_search,TCA,625876204,0xkalinowski/ActionsBoundariesTCA,ActionsBoundariesTCA,TCA Action Boundaries Demo Project,"swiftui,tca,uikit,unidirectional-data-flow",3,0,3,0,Swift,2023-04-10T09:52:20Z,2024-07-26T07:10:05Z,https://github.com/0xkalinowski/ActionsBoundariesTCA
TCA,repo_search,TCA;The Composable Architecture,484349983,karamage/swiftui-with-mvvm-to-tca-counter,swiftui-with-mvvm-to-tca-counter,Sample code for SwiftUI to migrate from MVVM to 「The Composable Architecture(TCA)」,,3,0,3,0,Swift,2022-04-22T08:09:33Z,2025-11-29T01:35:53Z,https://github.com/karamage/swiftui-with-mvvm-to-tca-counter
TCA,repo_search,TCA,1084020706,michaelh03/StocksTCA,StocksTCA,Demo stocks app that uses the TCA architecture,"stocks,swift,swiftui,tca",3,0,3,0,Swift,2025-10-27T05:24:55Z,2026-02-06T03:33:53Z,https://github.com/michaelh03/StocksTCA
TCA,repo_search,TCA,586232581,AkkeyLab/c-search-tca,c-search-tca,🏢 This is an app to search corporate info,"architecture,ios,macos,multiplatform,swift,swiftui,tca,visionos",3,0,3,13,Swift,2023-01-07T12:15:51Z,2025-02-23T10:10:37Z,https://github.com/AkkeyLab/c-search-tca
TCA,repo_search,TCA;The Composable Architecture,1085243236,karkadi/LocalMind,LocalMind,"A SwiftUI app that allows you to chat with Apple Intelligence, built with The Composable Architecture (TCA).",,3,0,3,0,Swift,2025-10-28T19:17:53Z,2026-04-06T16:52:55Z,https://github.com/karkadi/LocalMind
TCA,repo_search,TCA,968894423,Muhammed9991/iApplied,iApplied,"Offline iOS app for tracking job applications and managing CV data, built with SwiftUI, TCA, and GRDB.",,3,0,3,3,Swift,2025-04-18T23:55:17Z,2025-06-13T22:57:56Z,https://github.com/Muhammed9991/iApplied
TCA,repo_search,TCA,849407033,pfriedrix/FlowKit,FlowKit,"A lightweight Swift framework implementing the Redux pattern for iOS, providing centralized state management, reducers, effects, and seamless SwiftUI integration.","architecture,lightweight,reducer,redux-persist,swift,swiftui,tca",3,0,3,0,Swift,2024-08-29T14:39:10Z,2026-04-24T23:20:22Z,https://github.com/pfriedrix/FlowKit
TCA,repo_search,TCA,658735114,SouzaRodrigo61/cashew,cashew,,"composable-architecture,firebase,swift,swiftdata,swiftui,tca,the-composable-architecture",3,0,3,0,Swift,2023-06-26T11:40:49Z,2025-02-23T05:41:09Z,https://github.com/SouzaRodrigo61/cashew
TCA,repo_search,TCA;The Composable Architecture,1013472281,jeffla/QuakeWatch,QuakeWatch,"QuakeWatch - Real-time earthquake monitoring iOS app built with SwiftUI and The Composable Architecture (TCA). Features offline caching, interactive maps,    advanced filtering, and customizable settings. Developed with assistance from Claude Code.","claude-code,earthquake-monitoring,ios,mapkit,offline-caching,real-time,swift,swiftui,tca,usgs-api",3,1,3,0,Swift,2025-07-04T00:58:03Z,2026-01-09T18:34:20Z,https://github.com/jeffla/QuakeWatch
TCA,repo_search,TCA,527896727,oksunwoo/Turtle_Neck,Turtle_Neck,SwiftUI + TCA,,2,0,2,0,Swift,2022-08-23T08:20:55Z,2024-07-05T16:06:18Z,https://github.com/oksunwoo/Turtle_Neck
TCA,repo_search,TCA,923758284,bradhowes/swift-grdb-tca,swift-grdb-tca,Playground for SwiftUI + GRDB + TCA,,2,0,2,0,Swift,2025-01-28T19:32:53Z,2025-05-16T05:42:32Z,https://github.com/bradhowes/swift-grdb-tca
TCA,repo_search,TCA,708007293,tkachenkomaxim/AudioBooksPlayerApp,AudioBooksPlayerApp,A simple books audioplayer SwiftUI + TCA,,2,0,2,0,Swift,2023-10-21T08:33:43Z,2024-07-12T06:02:20Z,https://github.com/tkachenkomaxim/AudioBooksPlayerApp
TCA,repo_search,TCA,749141039,Fonur/TCAGutenbergReader,TCAGutenbergReader,Gutenberg reader client developed using SwiftUI with TCA architecture,,2,0,2,0,Swift,2024-01-27T17:44:16Z,2025-08-30T06:44:20Z,https://github.com/Fonur/TCAGutenbergReader
TCA,repo_search,TCA,953053945,BugorBN/Architecture-SwiftUI,Architecture-SwiftUI,"Architectural Patterns in SwiftUI: MVVM, Redux, and TCA in Action.",,2,1,2,0,Swift,2025-03-22T13:15:48Z,2025-10-24T09:10:21Z,https://github.com/BugorBN/Architecture-SwiftUI
TCA,repo_search,TCA;The Composable Architecture,463785480,ishayan18/TCA-Demo,TCA-Demo,Exploring the composable architecture with SwiftUI ,,2,1,2,0,Swift,2022-02-26T07:29:13Z,2025-10-07T08:51:28Z,https://github.com/ishayan18/TCA-Demo
TCA,repo_search,TCA,1202862530,Roy-wonji/TCAFlow,TCAFlow,TCA  아키텍쳐 플로우 ,"composable-architecture,coordinator,swift,swiftui,tca",2,0,2,0,Swift,2026-04-06T13:32:34Z,2026-04-15T14:40:28Z,https://github.com/Roy-wonji/TCAFlow
TCA,repo_search,TCA,832962484,YSLee-Dev-01/SWIFTUI-MOVIE,SWIFTUI-MOVIE,SwiftUI + TCA를 활용한 영화 조회 앱,"kingfisher,swift,swiftui,tca",2,0,2,0,Swift,2024-07-24T04:58:32Z,2026-01-21T05:48:09Z,https://github.com/YSLee-Dev-01/SWIFTUI-MOVIE
TCA,repo_search,TCA,1020931728,mrezkys/SwiftUI-TCA-Example-BMICalculator,SwiftUI-TCA-Example-BMICalculator,,,2,0,2,0,Swift,2025-07-16T16:00:57Z,2025-10-03T12:31:57Z,https://github.com/mrezkys/SwiftUI-TCA-Example-BMICalculator
TCA,repo_search,TCA,693871103,Sailor-Saturn/Switch-Toggle-TCA-SwiftUI,Switch-Toggle-TCA-SwiftUI,Demo of Switch Toggle with On and Off Color using Swift UI and TCA.,"swift,swiftui,switchtoggle,switchtogglestyle,tca",2,0,2,0,Swift,2023-09-19T22:07:08Z,2024-09-19T11:56:41Z,https://github.com/Sailor-Saturn/Switch-Toggle-TCA-SwiftUI
TCA,repo_search,TCA,828929342,rfarbod/TCASwift,TCASwift,A simple test project with the composable arch and SwiftUI,,2,0,2,0,Swift,2024-07-15T12:12:09Z,2024-11-01T12:11:49Z,https://github.com/rfarbod/TCASwift
TCA,repo_search,TCA,548453364,mpetrenco/weather-app-tca,weather-app-tca,A weather forecast application developed using SwiftUI and TCA,"composable-architecture,ios,spm,swift,swift-package-manager,swiftui,tca",2,1,2,0,Swift,2022-10-09T15:48:50Z,2023-04-19T18:40:25Z,https://github.com/mpetrenco/weather-app-tca
TCA,repo_search,TCA,668197570,oliveira-marcio/PopularMoviesTCA,PopularMoviesTCA,A new version of this popular app with TCA and SwiftUI,"async-await,composable-architecture,ios,swiftui",2,0,2,0,Swift,2023-07-19T08:49:18Z,2023-10-13T18:53:07Z,https://github.com/oliveira-marcio/PopularMoviesTCA
TCA,repo_search,TCA,933751878,hudishkin/vvsi,vvsi,Lightweight architecture for SwiftUI application. Something between TCA and MVVM.,"architecture,ios-architecture,mvvm,swift,swiftui,tca",2,0,2,0,Swift,2025-02-16T16:04:29Z,2026-02-09T19:28:09Z,https://github.com/hudishkin/vvsi
TCA,repo_search,TCA;The Composable Architecture,591607611,Dr-Groot/The-Composable-Architecture-Swift,The-Composable-Architecture-Swift,All about TCA and its use in SwiftUI + 5 Projects,"swift,swiftui,thecomposablearchitecture,weather-app",2,0,2,0,Swift,2023-01-21T09:05:12Z,2023-07-04T04:14:36Z,https://github.com/Dr-Groot/The-Composable-Architecture-Swift
TCA,repo_search,TCA,1042367340,jaroshevskii/tca-prime-number-plus,tca-prime-number-plus,💈Extended version of prime number app from Point Free SwiftUI and State Management lesson.,"composable-architecutre,point-free,swift,swiftui,tca",2,0,2,1,Swift,2025-08-21T22:55:13Z,2025-11-15T16:55:09Z,https://github.com/jaroshevskii/tca-prime-number-plus
TCA,repo_search,TCA,948786052,indigo-ce/indigo-swiftui,indigo-swiftui,An opinionated iOS app template,"app,composable-architecture,ios,ipados,macos,scaffold,swift,swiftui,tca,template",2,1,2,0,Swift,2025-03-15T00:43:12Z,2026-04-25T11:54:17Z,https://github.com/indigo-ce/indigo-swiftui
TCA,repo_search,TCA,1018941017,neholos/pulse,pulse,"🖲️ A sleek SwiftUI counter app with TCA architecture, smooth animations, and haptic feedback.","animations,composable-architecture,counter-app,haptics,ios,swift,swiftui,tca",2,0,2,3,Swift,2025-07-13T11:48:19Z,2025-08-15T18:36:29Z,https://github.com/neholos/pulse
TCA,repo_search,TCA,890166638,Anderson-Hyl/WhatsAppClone,WhatsAppClone,"A WhatsAppClone tutorial by Swift Skool at https://www.youtube.com/@SwiftSkool, totally rewrite with TCA","swift-composable-architecture,swiftui,tca,the-composable-architecture,whatapp",2,0,2,0,Swift,2024-11-18T05:22:10Z,2026-01-16T15:00:59Z,https://github.com/Anderson-Hyl/WhatsAppClone
TCA,repo_search,TCA,803159266,Anderson-Hyl/MindBox,MindBox,a multiple-platform app made with SwiftUI and Swift Composable Architecture to store mind thoughts,"macos-app,multiple-platform,swift-composable-architecture,swiftdata,swiftui,tca",2,0,2,0,Swift,2024-05-20T07:23:27Z,2024-12-16T22:35:46Z,https://github.com/Anderson-Hyl/MindBox
TCA,repo_search,TCA,724603690,yago-marques/CryptoSphere,CryptoSphere,"An iOS app that lists the day's trending coins, with real-time updates. And it allows the user to set up cryptocurrency wallets, being able to create more than one wallet, depending on the objective.","clean-architecture,design-system,mvvm,swiftui,tca,unit-testing",2,0,2,0,Swift,2023-11-28T12:24:50Z,2024-01-29T00:02:36Z,https://github.com/yago-marques/CryptoSphere
TCA,repo_search,TCA;The Composable Architecture,1067000001,karkadi/TetrisApp,TetrisApp,"A classic Tetris game for iPhone, built with SwiftUI and The Composable Architecture (TCA) for a modern, responsive, and testable gaming experience.",,2,0,2,0,Swift,2025-09-30T08:45:49Z,2025-10-14T18:05:49Z,https://github.com/karkadi/TetrisApp
TCA,repo_search,TCA,790236116,Saik0s/SkeletonProject,SkeletonProject,An iOS Example Application with Composable Architecture,"composable-architecture,ios,swift,swift-composable-architecture,swiftui,tca,tuist",2,0,2,0,Swift,2024-04-22T14:09:14Z,2025-08-08T11:56:01Z,https://github.com/Saik0s/SkeletonProject
TCA,repo_search,TCA,642080208,akashsoni01/currency_exchange_app,currency_exchange_app,Currency Exchange App written in Swift Composable Architecture by pointfree.co,"composable-architecture,ios,pointfree,pointfreeco,sca,swift,swift-composable-architecture,swiftcomposablearchitecture,swiftui,tca",2,0,2,0,Swift,2023-05-17T19:22:39Z,2023-12-01T19:32:31Z,https://github.com/akashsoni01/currency_exchange_app
TCA,repo_search,TCA,731023079,Echim2016/check-in-box-ios,check-in-box-ios,"An engaging icebreaker app that sparks conversations through specific topics, fostering closer connections between you and your friends.","app,composable-architecture,game,icebreakers,indiedev,ios,pointfree,pointfreeco,swift,swiftui,tca,tuist",2,0,2,0,Swift,2023-12-13T07:32:54Z,2025-09-15T02:13:53Z,https://github.com/Echim2016/check-in-box-ios
TCA,repo_search,TCA;The Composable Architecture,626933458,bogdan-razvan/swiftui-tca-demo,swiftui-tca-demo,Demo project for showcasing SwiftUI with The Composable Architecture,"swiftui,tca",1,0,1,0,Swift,2023-04-12T12:59:20Z,2024-10-31T04:18:09Z,https://github.com/bogdan-razvan/swiftui-tca-demo
TCA,repo_search,TCA;The Composable Architecture,951831743,SeungEEE/TCA_Study,TCA_Study,[SwiftUI] The Composable Architecture,,1,0,1,0,Swift,2025-03-20T10:07:32Z,2025-10-17T13:16:38Z,https://github.com/SeungEEE/TCA_Study
TCA,repo_search,TCA;The Composable Architecture,704500731,MudassirAsghar22/ExampleSwiftUIwithTCA,ExampleSwiftUIwithTCA,The Composable Architecture (TCA) with SwiftUI,,1,0,1,0,Swift,2023-10-13T11:49:35Z,2024-08-29T13:12:28Z,https://github.com/MudassirAsghar22/ExampleSwiftUIwithTCA
TCA,repo_search,TCA,708938769,myuqa22/movieJournal,movieJournal,SwiftUI Movie Journal App mit TCA,"concurrency,movie,movies-api,realm,rest-api,swiftui,tca,thecomposablearchitecture",1,0,1,0,Swift,2023-10-23T17:28:04Z,2023-10-23T19:33:02Z,https://github.com/myuqa22/movieJournal
TCA,repo_search,TCA;The Composable Architecture,513176162,renatomateusx/TCA-SwiftUI,TCA-SwiftUI,Project made to teach to the students how the TCA - The Composable Architecture Works and what is the difference between ReSwift,,1,0,1,0,Swift,2022-07-12T14:31:09Z,2024-08-30T01:59:18Z,https://github.com/renatomateusx/TCA-SwiftUI
TCA,repo_search,TCA;The Composable Architecture,519540316,mkilmerr/TCA_SwiftUI,TCA_SwiftUI,The Composable Architecture Sample using SwiftUI,,1,0,1,0,Swift,2022-07-30T14:37:44Z,2023-03-04T08:42:10Z,https://github.com/mkilmerr/TCA_SwiftUI
TCA,repo_search,TCA;The Composable Architecture,537186309,mkilmerr/Navigation_TCA,Navigation_TCA,Navigation and The Composable Architecture [ SwiftUI ],,1,0,1,0,Swift,2022-09-15T19:56:16Z,2023-03-04T08:42:10Z,https://github.com/mkilmerr/Navigation_TCA
TCA,repo_search,TCA,814736717,PatrickSCLin/TCA-SwiftData,TCA-SwiftData,A simple practice with SwiftUI + SwiftData + TCA,,1,0,1,0,Swift,2024-06-13T15:43:57Z,2025-01-21T15:36:24Z,https://github.com/PatrickSCLin/TCA-SwiftData
TCA,repo_search,TCA,291780571,Namedix/Tibia-info,Tibia-info,iOS App written in SwiftUI and TCA,,1,0,1,0,Swift,2020-08-31T17:28:42Z,2020-11-11T02:57:07Z,https://github.com/Namedix/Tibia-info
TCA,repo_search,TCA,574999431,tarruk/blackMarket,blackMarket,TCA + swiftUI implementation with black market app,,1,0,1,0,Swift,2022-12-06T14:33:41Z,2023-01-18T11:20:42Z,https://github.com/tarruk/blackMarket
TCA,repo_search,TCA,902780635,stealmh/TCAPopupAlert,TCAPopupAlert,TCA + alert Demo Project,"alert,popup,swiftui,tca",1,0,1,0,Swift,2024-12-13T08:56:36Z,2025-01-15T17:33:06Z,https://github.com/stealmh/TCAPopupAlert
TCA,repo_search,TCA,596014113,oronbz/TCAGithub,TCAGithub,A successor for RxGitHub using TCA and SwiftUI,,1,0,1,0,Swift,2023-02-01T09:31:45Z,2023-02-13T19:40:16Z,https://github.com/oronbz/TCAGithub
TCA,repo_search,TCA,833935059,angelosstampoulisgithub/TCADemoAPI,TCADemoAPI,I made this simple iOS app in SwiftUI as a demo for the TCA pattern,,1,0,1,0,Swift,2024-07-26T04:35:52Z,2024-07-26T04:38:12Z,https://github.com/angelosstampoulisgithub/TCADemoAPI
TCA,repo_search,TCA,874894686,Raidansz/AudioPlayer-SwiftUI-TCA,AudioPlayer-SwiftUI-TCA,,,1,1,1,0,Swift,2024-10-18T16:54:01Z,2026-01-17T16:20:09Z,https://github.com/Raidansz/AudioPlayer-SwiftUI-TCA
TCA,repo_search,TCA,1039781568,YSLee-Dev-01/SWIFTUI-Kanji-Study,SWIFTUI-Kanji-Study,SwiftUI + TCA를 활용한 한자 공부 앱,"japanese-study,swift,swiftui,tca",1,0,1,0,Swift,2025-08-18T01:00:17Z,2026-01-21T05:48:14Z,https://github.com/YSLee-Dev-01/SWIFTUI-Kanji-Study
TCA,repo_search,TCA;The Composable Architecture,1048487523,vladislavmatygin/TCA_SUI_Example,TCA_SUI_Example,The Composable Architecture (Flux) + SwiftUI + TreeBased/StackBased navigation,,1,0,1,0,Swift,2025-09-01T14:16:20Z,2025-09-03T11:05:20Z,https://github.com/vladislavmatygin/TCA_SUI_Example
TCA,repo_search,TCA;The Composable Architecture,1045832320,Shagraf6/TCAPracticeApp,TCAPracticeApp,"A SwiftUI iOS app using the Composable Architecture to display, navigate, and manage posts with detail and settings screens.",,1,0,1,0,Swift,2025-08-27T19:22:27Z,2025-10-15T15:11:11Z,https://github.com/Shagraf6/TCAPracticeApp
TCA,repo_search,TCA;The Composable Architecture,1082899230,banghuazhao/repo-reporter-TCA,repo-reporter-TCA,A SwiftUI application demonstrating The Composable Architecture (TCA) framework,"composable-architecture,github,state-management,swift,swiftui,tca,the-composable-architecture",1,0,1,0,Swift,2025-10-25T00:33:33Z,2025-11-03T06:24:38Z,https://github.com/banghuazhao/repo-reporter-TCA
TCA,repo_search,TCA,592336552,littleossa/TCA-TodosWithCoreData,TCA-TodosWithCoreData,Example of Todos with TCA and CoreData.,"composable-architecture,core,swiftui",1,0,1,0,Swift,2023-01-23T14:13:44Z,2023-02-27T19:09:53Z,https://github.com/littleossa/TCA-TodosWithCoreData
TCA,repo_search,TCA,527493847,kgwoo/TCA_Architecture,TCA_Architecture,TCA UI Architecture + MVI (ex: Memo App),"architecture,redux,swiftui,tca",1,0,1,0,Swift,2022-08-22T09:23:09Z,2023-07-30T09:54:07Z,https://github.com/kgwoo/TCA_Architecture
TCA,repo_search,TCA,820913163,lukaszkn/Survey-TCA-sample,Survey-TCA-sample,Survey sample app using TCA,"composable-architecture,swiftui,swiftui-example,tca,uitest,unit-testing,xcode",1,0,1,0,Swift,2024-06-27T12:31:53Z,2024-07-26T06:42:24Z,https://github.com/lukaszkn/Survey-TCA-sample
TCA,repo_search,TCA;The Composable Architecture,679626842,dmytrochumakov/TCA-Examples,TCA-Examples,The Composable Architecture - Examples,"ios,swift,swiftui,the-composable-architecture",1,0,1,0,Swift,2023-08-17T09:01:53Z,2024-04-19T11:58:28Z,https://github.com/dmytrochumakov/TCA-Examples
TCA,repo_search,TCA;The Composable Architecture,766429509,atereshkov/grokking-tca,grokking-tca,My personal endeavor to familiarize with The Composable Architecture and grasp a couple of basic examples.,"swift,swiftui,tca,the-composable-architecture",1,0,1,0,Swift,2024-03-03T08:38:37Z,2024-03-03T10:19:46Z,https://github.com/atereshkov/grokking-tca
TCA,repo_search,TCA,678256646,zetry-dev/zetry-iOS,zetry-iOS,,"composable-architecture,swiftui,tca",1,0,1,0,Swift,2023-08-14T06:05:14Z,2024-04-20T10:33:54Z,https://github.com/zetry-dev/zetry-iOS
TCA,repo_search,TCA,1007261459,dsaliberti/basil,basil,"A fresh iOS app made with Swift, SwiftUI, TCA and 💚",,1,0,1,0,Swift,2025-06-23T18:00:19Z,2025-08-08T23:49:45Z,https://github.com/dsaliberti/basil
TCA,repo_search,TCA,605515766,nattallie/LibraryManager,LibraryManager,An easy-to-use app called Library Manager assists book lovers in managing their library and future purchases and reading plans,"swift,swiftui,tca",1,0,1,0,Swift,2023-02-23T10:19:52Z,2025-07-20T13:31:28Z,https://github.com/nattallie/LibraryManager
TCA,repo_search,TCA,826199930,adamlonda/tasktracker-ios,tasktracker-ios, iOS To-Do List 📱 built with TCA,"ios,swift,swiftui,tca",1,0,1,0,Swift,2024-07-09T09:00:06Z,2025-11-17T09:58:26Z,https://github.com/adamlonda/tasktracker-ios
TCA,repo_search,TCA,889212086,WeirenZhang/SwiftUI_Movie,SwiftUI_Movie,一款基於 SwiftUI + MVVM + TCA (Combine) + Clean Architecture 的電影時刻表 App 完整項目。,,1,0,1,0,Swift,2024-11-15T20:38:18Z,2025-09-03T07:44:25Z,https://github.com/WeirenZhang/SwiftUI_Movie
TCA,repo_search,TCA,382790825,ramen2020/TCA_sample,TCA_sample,🚀  This project is an article search application using the simple Qita API.SwiftUI and TCA are used as the architecture.,,1,0,1,0,Swift,2021-07-04T07:29:47Z,2022-08-28T10:41:19Z,https://github.com/ramen2020/TCA_sample
TCA,repo_search,TCA,884137506,FredericRuaudel/DoubleModaleShowCase,DoubleModaleShowCase,Showcase the double modal presentation issue in SwiftUI and UIKit with TCA,,1,0,1,0,Swift,2024-11-06T08:01:31Z,2025-02-21T18:44:00Z,https://github.com/FredericRuaudel/DoubleModaleShowCase
TCA,repo_search,TCA,1225270631,Arsench1kk/birge-ios,birge-ios,"BIRGE iOS native app — Swift, SwiftUI, TCA, GRDB. Ride-hailing for Almaty",,1,0,1,2,Swift,2026-04-30T05:45:52Z,2026-05-04T16:10:46Z,https://github.com/Arsench1kk/birge-ios
TCA,repo_search,TCA;The Composable Architecture,1226942482,Chetan81289/TaskFlow-TCA,TaskFlow-TCA,"TaskFlow built with The Composable Architecture (TCA), SwiftUI, and Core Data. Showcases TCA with dependency injection, test store, and clean presentation.",,1,0,1,0,Swift,2026-05-02T02:18:57Z,2026-05-08T12:09:58Z,https://github.com/Chetan81289/TaskFlow-TCA
TCA,repo_search,TCA,1043307861,jaroshevskii/tca-number-fact-plus,tca-number-fact-plus,💈Extended version of app from TCA documentation Getting started article.,"composable-architecture,swift,swiftui,tca",1,0,1,2,Swift,2025-08-23T15:24:37Z,2025-11-15T16:55:11Z,https://github.com/jaroshevskii/tca-number-fact-plus
TCA,repo_search,TCA,1089575347,jaroshevskii/tca-contacts-plus,tca-contacts-plus,"📇 A modern TCA-powered Contacts app featuring a sleek, dynamic form experience with real-time updates and smooth SwiftUI interactions.",,1,0,1,0,Swift,2025-11-04T14:27:03Z,2025-11-15T16:55:03Z,https://github.com/jaroshevskii/tca-contacts-plus
TCA,repo_search,TCA;The Composable Architecture,1051448364,Echim2016/TuistTCAProject,TuistTCAProject,A sample project that illustrates practical ways to combine TCA(The Composable Architecture) with Tuist for better structure and maintainability.,"architecture,composable,ios,swift,swiftui,tca,tuist",1,0,1,0,Swift,2025-09-06T02:48:14Z,2025-09-14T13:05:44Z,https://github.com/Echim2016/TuistTCAProject
TCA,repo_search,TCA;The Composable Architecture,914747605,FeedbackFriends/feedback-ios,feedback-ios,Showcasing an in-production iOS app written with SwiftUI and The Composable Architecture.,"ios,swift,swiftui,tca",1,0,1,0,Swift,2025-01-10T08:21:23Z,2026-03-25T21:56:57Z,https://github.com/FeedbackFriends/feedback-ios
TCA,repo_search,TCA,758693325,marcos1262/zap-link,zap-link,"A simple iOS app to open WhatsApp from a phone number, without having to save it as a phone contact. Made with SwiftUI and TCA.","ios,swift,swiftui,tca",1,0,1,0,Swift,2024-02-16T21:26:57Z,2026-03-16T00:38:04Z,https://github.com/marcos1262/zap-link
TCA,repo_search,TCA,699226443,LucaKaufmann/Naptime,Naptime,"Baby sleep tracker with Live Activities, iCloud sync, and modular TCA architecture — built with SwiftUI & Tuist",,1,0,1,1,Swift,2023-10-02T07:48:03Z,2026-02-28T10:24:21Z,https://github.com/LucaKaufmann/Naptime
TCA,repo_search,TCA,759519695,mustafos/QRFusion,QRFusion,QRFusion — a lightweight SwiftUI app for scanning and generating QR codes.,"avfoundation,phpicker,swift,swiftui,tca,vision",1,0,1,0,Swift,2024-02-18T20:07:07Z,2025-08-13T16:30:31Z,https://github.com/mustafos/QRFusion
TCA,repo_search,TCA;The Composable Architecture,998013834,nelsonPena/GraphQLCharacters-TCA-TechTest,GraphQLCharacters-TCA-TechTest,"RickAndMorty-TCA-iOS is a technical test project developed using Swift, SwiftUI, and The Composable Architecture (TCA). The goal is to demonstrate a clean and modular implementation that consumes a public GraphQL API to display a list of characters and their details.",,1,0,1,0,Swift,2025-06-07T17:23:54Z,2025-10-03T15:32:04Z,https://github.com/nelsonPena/GraphQLCharacters-TCA-TechTest
TCA,repo_search,TCA,644952778,Czajnikowski/RDXChallenge,RDXChallenge,"Coding challenge, a part of the interview process for RDX.","composable-architecture,ios,swift,swiftui,tca,thecomposablearchitecture",1,0,1,0,Swift,2023-05-24T15:39:58Z,2024-06-13T08:46:55Z,https://github.com/Czajnikowski/RDXChallenge
TCA,repo_search,TCA,1201778192,h33h/iadb-ios,iadb-ios,"Native iOS app for Android Wireless Debugging, pairing, shell, files, logcat, and screenshots over ADB.","adb,android,ios,swiftui,tca,wireless-debugging,xcodegen",1,0,1,0,Swift,2026-04-05T06:23:32Z,2026-04-30T19:36:35Z,https://github.com/h33h/iadb-ios
TCA,repo_search,TCA,1212193800,jun7680/Storefront,Storefront,"Modern SQLite & SwiftData browser for macOS — native SwiftUI viewer with live reload, WAL-aware, iOS Simulator auto-discovery. Free and open source.","composable-architecture,database-browser,database-viewer,developer-tools,grdb,ios,ios-developer-tools,ios-simulator,macos,macos-app,open-source,sqlite,sqlite-browser,sqlite-viewer,swift,swiftdata,swiftdata-browser,swiftdata-viewer,swiftui,tca",1,0,1,0,Swift,2026-04-16T06:36:23Z,2026-05-06T07:12:52Z,https://github.com/jun7680/Storefront
TCA,repo_search,TCA,951317749,panviktor/instagram-clone,instagram-clone,a instagram clone based on PowerSync and Supabase. Followed by flutter tutorial at https://www.youtube.com/watch?v=Y3mBsPYVdz8&t=1983s. Totally rewrite with SwiftUI + TCA.,,0,4,0,0,,2025-03-19T13:47:33Z,2025-03-19T13:47:33Z,https://github.com/panviktor/instagram-clone
TCA,repo_search,TCA,896703714,langpeu/TodoAppTCA,TodoAppTCA,SwiftUI+TCA,,0,0,0,0,Swift,2024-12-01T04:31:53Z,2024-12-01T06:50:23Z,https://github.com/langpeu/TodoAppTCA
TCA,repo_search,TCA,891454168,Kiseok-Peter/SwiftUIExample,SwiftUIExample,SwiftUI & TCA 학습용,,0,0,0,0,Swift,2024-11-20T11:13:10Z,2024-11-20T11:14:33Z,https://github.com/Kiseok-Peter/SwiftUIExample
TCA,repo_search,TCA,552780016,implion/SwiftUI-TCA-Practice,SwiftUI-TCA-Practice,TCA Practice,,0,0,0,0,Swift,2022-10-17T08:07:45Z,2022-10-18T02:36:19Z,https://github.com/implion/SwiftUI-TCA-Practice
TCA,readme_search;repo_search,ComposableArchitecture;TCA,681141926,zooxop/HelloTCA,HelloTCA,SwiftUI & TCA Practice,,0,0,0,0,Swift,2023-08-21T11:07:07Z,2024-08-25T15:47:29Z,https://github.com/zooxop/HelloTCA
TCA,repo_search,TCA,711728669,Yoon-hub/GetC,GetC,"SwiftUI, TCA, Tuist",,0,0,0,0,Swift,2023-10-30T03:48:17Z,2023-10-30T03:49:33Z,https://github.com/Yoon-hub/GetC
TCA,repo_search,TCA,1115705632,MagnaPalace/SwiftUITCAExample,SwiftUITCAExample,TCA Architecture Example,,0,0,0,0,Swift,2025-12-13T11:40:20Z,2025-12-20T10:36:22Z,https://github.com/MagnaPalace/SwiftUITCAExample
TCA,repo_search,TCA,498254872,lyn-euler/TCASample,TCASample,TCA - SwiftUI Sample,,0,0,0,0,Swift,2022-05-31T08:43:07Z,2022-05-31T08:50:51Z,https://github.com/lyn-euler/TCASample
TCA,repo_search,TCA,1087200008,LexChien/LunchAPP,LunchAPP,swiftui--tca-template,,0,0,0,0,Swift,2025-10-31T14:26:43Z,2025-10-31T14:29:07Z,https://github.com/LexChien/LunchAPP
TCA,repo_search,TCA,857191879,ios-tca-study/ytmovies-SeungGi,ytmovies-SeungGi,YTMovies + SwiftUI + TCA,,0,0,0,0,Swift,2024-09-14T02:32:34Z,2024-10-20T13:41:06Z,https://github.com/ios-tca-study/ytmovies-SeungGi
TCA,repo_search,TCA,583908908,HwangChanho/TCA_Ex,TCA_Ex,SwiftUI TCA Arc,,0,0,0,0,Swift,2022-12-31T12:15:53Z,2022-12-31T12:17:10Z,https://github.com/HwangChanho/TCA_Ex
TCA,repo_search,TCA,857190436,ios-tca-study/ytmovies-realhsb,ytmovies-realhsb,YTMovies + SwiftUI + TCA,,0,0,0,0,Swift,2024-09-14T02:25:24Z,2024-10-13T01:34:35Z,https://github.com/ios-tca-study/ytmovies-realhsb
TCA,repo_search,TCA,993704909,AntonKuznetsov31/Quiz,Quiz,"TCA architecture, SwiftUI",,0,0,0,0,Swift,2025-05-31T10:43:38Z,2025-06-11T12:26:25Z,https://github.com/AntonKuznetsov31/Quiz
TCA,repo_search,TCA,992932856,NORIKIM/SwiftUI-TCATutorial,SwiftUI-TCATutorial,SwiftUI와 TCA tutorial,,0,0,0,0,Swift,2025-05-30T00:08:45Z,2025-06-24T06:44:26Z,https://github.com/NORIKIM/SwiftUI-TCATutorial
TCA,repo_search,TCA,873407146,YuSeongChoi/TCATutorials,TCATutorials,SwiftUI + TCA Tutorials,,0,0,0,0,Swift,2024-10-16T05:47:10Z,2025-02-14T01:54:10Z,https://github.com/YuSeongChoi/TCATutorials
TCA,repo_search,TCA,851480512,JEONG-J/SwiftUITCA,SwiftUITCA,SwiftUI TCA 학습 레포짓,"swiftui,tca",0,0,0,0,Swift,2024-09-03T07:11:16Z,2024-10-11T12:49:44Z,https://github.com/JEONG-J/SwiftUITCA
TCA,repo_search,TCA,855526367,zeroskylian/TCA_swiftUI,TCA_swiftUI,TCA arch in swiftUI,,0,0,0,0,Swift,2024-09-11T02:30:13Z,2024-10-28T03:04:19Z,https://github.com/zeroskylian/TCA_swiftUI
TCA,repo_search,TCA,539929969,Abdeltwab/TCADemo-SwiftUI,TCADemo-SwiftUI,SWIFTUI + Combine +TCA Architecture ,,0,0,0,0,Swift,2022-09-22T10:43:47Z,2022-09-29T01:42:25Z,https://github.com/Abdeltwab/TCADemo-SwiftUI
TCA,repo_search,TCA,561291541,hulkcodeer/TCA-Study,TCA-Study,SwiftUi TCA 아키텍쳐 Study,,0,0,0,0,Swift,2022-11-03T11:30:02Z,2022-11-03T12:26:48Z,https://github.com/hulkcodeer/TCA-Study
TCA,repo_search,TCA,906813478,Qussk/TCA_Sample,TCA_Sample,"SwiftUI, TCA, Swift Concurrency",,0,1,0,0,Swift,2024-12-22T01:23:08Z,2024-12-26T07:21:19Z,https://github.com/Qussk/TCA_Sample
TCA,repo_search,TCA,1046823067,lks574/brainy,brainy,SwiftUI+TCA 퀴즈앱 예제,,0,0,0,0,Swift,2025-08-29T09:29:00Z,2025-09-26T07:11:56Z,https://github.com/lks574/brainy
TCA,repo_search,TCA,686829390,dasol02/tip-calculator-combine,tip-calculator-combine,"snapkit, swiftUI, combine, tca",,0,0,0,0,Swift,2023-09-04T03:06:41Z,2023-09-04T03:15:13Z,https://github.com/dasol02/tip-calculator-combine
TCA,repo_search,TCA,819023751,HammerSlavik/AudioBook,AudioBook,Swift + SwiftUI + TCA + AVFoundation,,0,0,0,0,Swift,2024-06-23T15:01:08Z,2024-07-19T12:29:50Z,https://github.com/HammerSlavik/AudioBook
TCA,repo_search,TCA,1223871592,katafuchix/SwiftUI_TCA_NewsApp_Sample,SwiftUI_TCA_NewsApp_Sample,SwiftUI TCA NewsApp Example,,0,0,0,0,Swift,2026-04-28T18:29:27Z,2026-04-29T06:00:07Z,https://github.com/katafuchix/SwiftUI_TCA_NewsApp_Sample
TCA,repo_search,TCA,836506125,710csm/AppStore-SwiftUI,AppStore-SwiftUI,SwiftUI + TCA 연습용 프로젝트,,0,0,0,0,Swift,2024-08-01T02:05:21Z,2024-08-24T07:11:23Z,https://github.com/710csm/AppStore-SwiftUI
TCA,repo_search,TCA,1128852524,akitorahayashi/tca-tmpl,tca-tmpl,SwiftUI template with TCA,,0,0,0,0,Swift,2026-01-06T08:42:22Z,2026-01-31T10:02:15Z,https://github.com/akitorahayashi/tca-tmpl
TCA,repo_search,TCA,651840986,x-0o0/swiftui-tca-bluebottle,swiftui-tca-bluebottle,TCA Study with Bluebottle app,,0,0,0,0,Swift,2023-06-10T08:59:25Z,2023-06-10T09:06:30Z,https://github.com/x-0o0/swiftui-tca-bluebottle
TCA,repo_search,TCA;The Composable Architecture,743877938,AlexanderGermek/TCA-SwiftUI-Shop,TCA-SwiftUI-Shop,"TCA SwiftUI Shop, The Composable Architecture, SwiftUI","composable,swiftui,tca",0,0,0,0,Swift,2024-01-16T07:19:03Z,2024-01-24T14:43:27Z,https://github.com/AlexanderGermek/TCA-SwiftUI-Shop
TCA,repo_search,TCA,838824979,aroob6/SwiftUIWeatherWithTCA,SwiftUIWeatherWithTCA,[SwiftUI+TCA] 날씨 앱 프로젝트,,0,0,0,0,Swift,2024-08-06T12:18:20Z,2024-08-10T16:24:07Z,https://github.com/aroob6/SwiftUIWeatherWithTCA
TCA,repo_search,TCA;The Composable Architecture,660946384,ehddnr3473/The-Composable-Architecture,The-Composable-Architecture,TCA sample,"swiftui,the-composable-architecture",0,0,0,0,Swift,2023-07-01T09:53:57Z,2023-07-02T08:54:25Z,https://github.com/ehddnr3473/The-Composable-Architecture
TCA,repo_search,TCA;The Composable Architecture,443580916,yulingchen08/SwiftUI-TCA-,SwiftUI-TCA-,Practice SwiftUI TCA(The Composable Architecture),,0,0,0,0,Swift,2022-01-01T16:46:43Z,2022-01-01T16:47:31Z,https://github.com/yulingchen08/SwiftUI-TCA-
TCA,repo_search,TCA,628465179,boardguy1024/SwiftUIWithTCA,SwiftUIWithTCA,A SwiftUI sample project with TCA,,0,0,0,0,Swift,2023-04-16T02:57:45Z,2023-04-16T02:58:51Z,https://github.com/boardguy1024/SwiftUIWithTCA
TCA,repo_search,TCA,850201455,RaulGalindoIIMAS/ViewMAPP,ViewMAPP,ViewMAPP using TCA with SwiftUI,,0,0,0,0,Swift,2024-08-31T06:02:13Z,2024-08-31T06:20:36Z,https://github.com/RaulGalindoIIMAS/ViewMAPP
TCA,repo_search,TCA,732613872,hilalalhakani/NodeCrypto,NodeCrypto,Node Crypto App | SwiftUI + TCA,"composable-architecture,swiftui,tca",0,0,0,1,Swift,2023-12-17T09:17:23Z,2026-04-19T13:03:52Z,https://github.com/hilalalhakani/NodeCrypto
TCA,repo_search,TCA,340361876,tiking76/TCATodoApp,TCATodoApp,practice TCA and SwiftUI Code ,,0,0,0,0,Swift,2021-02-19T12:25:04Z,2021-02-22T22:15:00Z,https://github.com/tiking76/TCATodoApp
TCA,repo_search,TCA,1136146824,korbek99/CencoMovieTCA,CencoMovieTCA,Example SwiftUI TCA for students,,0,0,0,0,Swift,2026-01-17T06:29:39Z,2026-01-17T06:29:45Z,https://github.com/korbek99/CencoMovieTCA
TCA,repo_search,TCA,834416285,KurKing/Harry-Potter-Player,Harry-Potter-Player,SwiftUI Audio Player with TCA,,0,0,0,0,Swift,2024-07-27T07:46:27Z,2024-07-29T12:52:54Z,https://github.com/KurKing/Harry-Potter-Player
TCA,repo_search,TCA,1124986066,stasonn121-svg/Web3-Project,Web3-Project,"ETH Wallet, TCA, SwiftUI, CoreData",,0,0,0,0,Swift,2025-12-30T00:47:20Z,2025-12-30T00:59:56Z,https://github.com/stasonn121-svg/Web3-Project
TCA,repo_search,TCA,744490496,yatimi/boosters-test-ios,boosters-test-ios,Test application using SwiftUI + TCA,,0,0,0,0,Swift,2024-01-17T12:08:20Z,2024-01-23T13:47:45Z,https://github.com/yatimi/boosters-test-ios
TCA,repo_search,TCA,120764392,wcharysz/FlickrDemo,FlickrDemo,FlickrDemo built with SwiftUI & TCA,"cardstack,swiftui,tca,xml",0,0,0,0,Swift,2018-02-08T13:24:15Z,2023-02-17T13:14:53Z,https://github.com/wcharysz/FlickrDemo
TCA,repo_search,TCA,1029629139,iDevOrz/swiftui-tca,swiftui-tca,,,0,0,0,0,Swift,2025-07-31T10:29:01Z,2025-08-01T10:36:55Z,https://github.com/iDevOrz/swiftui-tca
TCA,repo_search,TCA,804755984,YSLee-Dev-01/SWIFTUI-TCA,SWIFTUI-TCA,,,0,0,0,0,Swift,2024-05-23T07:54:01Z,2024-07-22T07:49:43Z,https://github.com/YSLee-Dev-01/SWIFTUI-TCA
TCA,repo_search,TCA,943555739,yukinaniwa/swiftui-tca,swiftui-tca,,,0,0,0,0,Swift,2025-03-05T22:36:24Z,2025-03-11T02:26:23Z,https://github.com/yukinaniwa/swiftui-tca
TCA,repo_search,TCA,1218701128,katafuchix/SwiftUI_TCA_Counter_Example,SwiftUI_TCA_Counter_Example,SwiftUI TCA Counter Example / Test Example,,0,0,0,0,Swift,2026-04-23T06:10:22Z,2026-05-02T02:13:30Z,https://github.com/katafuchix/SwiftUI_TCA_Counter_Example
TCA,repo_search,TCA,728879454,BergQuester/TCATutorial2023,TCATutorial2023,TCA SwiftUI tutorial implementation with added modularization,,0,0,0,0,Swift,2023-12-07T22:34:44Z,2024-05-16T19:23:55Z,https://github.com/BergQuester/TCATutorial2023
TCA,repo_search,TCA,1219123512,katafuchix/SwiftUI_YahooImageSearch_TCA,SwiftUI_YahooImageSearch_TCA,SwiftUI Yahoo Image Search with TCA,,0,0,0,0,Swift,2026-04-23T14:53:17Z,2026-05-02T02:13:06Z,https://github.com/katafuchix/SwiftUI_YahooImageSearch_TCA
TCA,repo_search,TCA,509587418,denizmersinlioglu/Boring,Boring,Boring Demo Application with SwiftUI + TCA,,0,0,0,0,Swift,2022-07-01T20:59:26Z,2022-07-01T21:00:14Z,https://github.com/denizmersinlioglu/Boring
TCA,repo_search,TCA,409646492,strysk/twitter_tca,twitter_tca,"SwiftUI, TCAの検証用",,0,0,0,0,Swift,2021-09-23T15:28:01Z,2024-01-29T16:39:31Z,https://github.com/strysk/twitter_tca
TCA,repo_search,TCA,853716906,lovewjdvud/ourstory,ourstory,서로의 이야기를 공유하는 App(SwiftUI + TCA),,0,0,0,0,Swift,2024-09-07T10:36:00Z,2025-01-06T09:24:56Z,https://github.com/lovewjdvud/ourstory
TCA,repo_search,TCA,752839890,alexyeskin/WorldOfPayback,WorldOfPayback,"Coding challenge using TCA, SwiftUI, Coordinators",,0,0,0,0,Swift,2024-02-04T23:36:12Z,2024-02-04T23:58:49Z,https://github.com/alexyeskin/WorldOfPayback
TCA,repo_search,TCA,509589421,denizmersinlioglu/Todos,Todos,Demo Application for SwiftUI + TCA Exercises,,0,0,0,0,Swift,2022-07-01T21:09:33Z,2022-07-01T21:10:02Z,https://github.com/denizmersinlioglu/Todos
TCA,repo_search,TCA,995675215,rekasj/TodoTCA,TodoTCA,Todo app in SwiftUI with TCA,,0,0,0,0,Swift,2025-06-03T21:04:54Z,2025-06-03T21:25:29Z,https://github.com/rekasj/TodoTCA
TCA,repo_search,TCA,883549897,masaki0325/ios-tca-pokemon,ios-tca-pokemon,SwiftUI+TCA+SwiftDataで作成,,0,0,0,0,Swift,2024-11-05T06:53:04Z,2024-12-11T04:32:51Z,https://github.com/masaki0325/ios-tca-pokemon
TCA,repo_search,TCA,1057463487,pepecode1/swiftui-exampleTCA,swiftui-exampleTCA,Un ejemplo de aplicación con arquitectura TCA y SwiftUI.,,0,0,0,0,Swift,2025-09-15T19:01:07Z,2025-09-19T17:04:06Z,https://github.com/pepecode1/swiftui-exampleTCA
TCA,repo_search,TCA,1148365316,muhittincamdali/SwiftUI-State-Management,SwiftUI-State-Management,🔄 Lightweight TCA-inspired state management for SwiftUI,"architecture,combine,data-flow,ios,mvvm,observable,state-management,swift,swift-package-manager,swiftui",0,0,0,2,Swift,2026-02-02T22:04:24Z,2026-02-05T01:06:27Z,https://github.com/muhittincamdali/SwiftUI-State-Management
TCA,repo_search,TCA,759444366,IbrahimHosseini/TCASampleApp,TCASampleApp,A simple SwiftUI app that represent how TCA works.,,0,0,0,0,Swift,2024-02-18T16:03:40Z,2024-02-18T16:03:47Z,https://github.com/IbrahimHosseini/TCASampleApp
TCA,repo_search,TCA,1000010094,yumin-jung/SwiftUI-TCA,SwiftUI-TCA,,,0,0,0,0,Swift,2025-06-11T06:13:54Z,2025-06-21T07:47:28Z,https://github.com/yumin-jung/SwiftUI-TCA
TCA,repo_search,TCA,809402595,samiparken/swiftui-TCA-navigation,swiftui-TCA-navigation,,,0,0,0,0,Swift,2024-06-02T15:36:45Z,2024-06-18T15:11:06Z,https://github.com/samiparken/swiftui-TCA-navigation
TCA,repo_search,TCA,815096334,sauna1137/swiftui_tca_practice,swiftui_tca_practice,,,0,0,0,0,Swift,2024-06-14T10:46:44Z,2024-09-27T04:00:43Z,https://github.com/sauna1137/swiftui_tca_practice
TCA,repo_search,TCA,732286064,bozidarlabas/SwiftUI-TCA,SwiftUI-TCA,,,0,0,0,0,Swift,2023-12-16T06:55:16Z,2023-12-16T06:55:56Z,https://github.com/bozidarlabas/SwiftUI-TCA
TCA,repo_search,TCA,990537158,watermelon9527/TCA_SwiftUI,TCA_SwiftUI,,,0,0,0,0,Swift,2025-05-26T09:08:04Z,2025-05-26T09:09:00Z,https://github.com/watermelon9527/TCA_SwiftUI
TCA,repo_search,TCA;The Composable Architecture,799420690,Naga-Syam/tmdb-tca-swiftui,tmdb-tca-swiftui,This repo is a demo app built using SwiftUI and The Composable Architecture (TCA)  displays movies/tv shows using TMDB APIs ,,0,0,0,0,Swift,2024-05-12T04:53:28Z,2024-05-13T05:56:52Z,https://github.com/Naga-Syam/tmdb-tca-swiftui
TCA,repo_search,TCA,544265555,MrSmart00/swiftui-tca-sandbox,swiftui-tca-sandbox,,"swift-composable-architecture,swiftui",0,0,0,2,Swift,2022-10-02T03:40:03Z,2022-11-03T13:38:00Z,https://github.com/MrSmart00/swiftui-tca-sandbox
TCA,repo_search,TCA,587159168,julyuniverse/swiftui-tca-count,swiftui-tca-count,,,0,0,0,0,Swift,2023-01-10T05:04:52Z,2023-09-13T11:55:43Z,https://github.com/julyuniverse/swiftui-tca-count
TCA,repo_search,TCA,659964340,woojinlee/swiftui-tca-example,swiftui-tca-example,,,0,0,0,0,Swift,2023-06-29T00:36:21Z,2024-03-14T02:55:45Z,https://github.com/woojinlee/swiftui-tca-example
TCA,repo_search,TCA,857180317,SijongKim93/SwiftUI-TCA,SwiftUI-TCA,,,0,0,0,0,Swift,2024-09-14T01:34:52Z,2024-10-09T04:21:22Z,https://github.com/SijongKim93/SwiftUI-TCA
TCA,repo_search,TCA,950965679,Jeonbonggil/SwiftUI-TCA,SwiftUI-TCA,,,0,0,0,0,Swift,2025-03-19T00:42:45Z,2025-06-25T00:00:46Z,https://github.com/Jeonbonggil/SwiftUI-TCA
TCA,repo_search,TCA;The Composable Architecture,724974689,tommyming/tca-swiftui-checkup,tca-swiftui-checkup,"This is a testing of me trying out The Composable Architecture, with SwiftUI",,0,0,0,0,Swift,2023-11-29T07:11:36Z,2023-12-04T07:08:59Z,https://github.com/tommyming/tca-swiftui-checkup
TCA,repo_search,TCA,804219999,Kannan11051994/TCA_SwiftUI,TCA_SwiftUI,,,0,0,0,0,Swift,2024-05-22T07:20:47Z,2024-05-22T07:20:53Z,https://github.com/Kannan11051994/TCA_SwiftUI
TCA,repo_search,TCA,643718443,SoyaAsakura3/SwiftUI-TCA,SwiftUI-TCA,,,0,0,0,0,Swift,2023-05-22T02:28:27Z,2023-05-22T02:51:08Z,https://github.com/SoyaAsakura3/SwiftUI-TCA
TCA,repo_search,TCA,768895063,iNehaPant/TCA-SwiftUI,TCA-SwiftUI,Showing SignUp View followed all the completion View and making Pop to Root,,0,0,0,0,Swift,2024-03-07T23:40:05Z,2024-03-07T23:43:21Z,https://github.com/iNehaPant/TCA-SwiftUI
TCA,repo_search,TCA,940172251,maksym-korostelov/TCA-SwiftUI,TCA-SwiftUI,,,0,0,0,0,Swift,2025-02-27T18:20:53Z,2025-02-27T18:56:34Z,https://github.com/maksym-korostelov/TCA-SwiftUI
TCA,repo_search,TCA,647838465,x-0o0/swiftui-tca-navigation,swiftui-tca-navigation,SwiftUI TCA Study - Navigation w/ `prerelease/1.0` (main: `v0.54`),,0,0,0,0,Swift,2023-05-31T16:16:24Z,2023-05-31T16:17:58Z,https://github.com/x-0o0/swiftui-tca-navigation
TCA,repo_search,TCA,1078939581,sandlergiovanni/TCAExemploGustavoCosme,TCAExemploGustavoCosme,Simple SwiftUI + TCA project by Gustavo Cosme (iOS developer),,0,0,0,0,Swift,2025-10-18T18:38:21Z,2025-10-29T02:27:44Z,https://github.com/sandlergiovanni/TCAExemploGustavoCosme
TCA,repo_search,TCA,1052532637,jamiebanford/tca-swiftui-app-template,tca-swiftui-app-template,Template Xcode project for starting a TCA SwiftUI app ,"swiftui,tca,template,xcode",0,0,0,0,Swift,2025-09-08T07:27:36Z,2025-09-11T07:01:38Z,https://github.com/jamiebanford/tca-swiftui-app-template
TCA,repo_search,TCA,918122556,indrajitv/TCA-Movie-Details,TCA-Movie-Details,"iOS project with Swift, SwiftUI and TCA.",,0,0,0,0,Swift,2025-01-17T09:45:08Z,2025-01-17T09:45:12Z,https://github.com/indrajitv/TCA-Movie-Details
TCA,repo_search,TCA,933924014,cschoi724/ImageCollectorSample,ImageCollectorSample,"이미지 리스트 업 샘플 - TCA , SwiftUI, Combine",,0,0,0,0,Swift,2025-02-17T01:15:03Z,2025-02-18T07:26:37Z,https://github.com/cschoi724/ImageCollectorSample
TCA,repo_search,TCA;The Composable Architecture,522122275,parkhj0423/TCA-tutorial,TCA-tutorial,"iOS15, SwiftUI, TCA(The Composable Architecture) tutorial","ios15,swiftui,tca",0,0,0,0,Swift,2022-08-07T05:16:42Z,2022-11-02T13:38:05Z,https://github.com/parkhj0423/TCA-tutorial
TCA,repo_search,TCA,806307591,AymanAtallahAhmed/TCA-Example,TCA-Example,Example project of using SwiftUI and TCA,,0,0,0,0,Swift,2024-05-26T23:38:24Z,2024-05-27T11:26:09Z,https://github.com/AymanAtallahAhmed/TCA-Example
TCA,repo_search,TCA,1073739011,nikolasgianoglou/Primes,Primes,Project built using SwiftUI and TCA Architecture,,0,0,0,0,Swift,2025-10-10T14:46:14Z,2025-10-28T17:08:44Z,https://github.com/nikolasgianoglou/Primes
TCA,repo_search,TCA,917010996,jj2564/Application_SwiftUI,Application_SwiftUI,Using SwiftUI with TCA. Make the base project for quick start.,,0,0,0,0,Swift,2025-01-15T07:21:04Z,2025-05-12T07:22:56Z,https://github.com/jj2564/Application_SwiftUI
TCA,repo_search,TCA,597633833,jacobkosmart/TCA-SwiftUI-Practice,TCA-SwiftUI-Practice,"To make practice TCA Patterns with counter app, fetch API",,0,0,0,0,Swift,2023-02-05T06:14:27Z,2023-02-05T06:15:11Z,https://github.com/jacobkosmart/TCA-SwiftUI-Practice
TCA,repo_search,TCA,839767670,FpRaArNkK/SwiftUI-TCA-Study,SwiftUI-TCA-Study,"The Composable Architecture의 공식문서와 Tutorial을 참고하며, 공부한 내용과 프로젝트를 작성합니다.",,0,0,0,0,Swift,2024-08-08T09:35:24Z,2024-09-04T11:40:32Z,https://github.com/FpRaArNkK/SwiftUI-TCA-Study
TCA,repo_search,TCA,536875567,nicwu25/SwiftUI-Redux-TCA,SwiftUI-Redux-TCA,,,0,0,0,0,Swift,2022-09-15T05:22:13Z,2022-09-15T05:22:39Z,https://github.com/nicwu25/SwiftUI-Redux-TCA
TCA,repo_search,TCA,640965643,x-0o0/swiftui-tca-department-selection,swiftui-tca-department-selection,SwiftUI TCA Study - Search and select departments in Konkuk Univ.,,0,0,0,0,Swift,2023-05-15T13:50:04Z,2023-05-15T13:51:00Z,https://github.com/x-0o0/swiftui-tca-department-selection
TCA,repo_search,TCA,667307263,Myrronth/TCASheetDismissalWhenPermissionAlert,TCASheetDismissalWhenPermissionAlert,Minimal example to show a bug in TCA/SwiftUI,,0,0,0,0,Swift,2023-07-17T08:01:12Z,2023-07-17T08:02:02Z,https://github.com/Myrronth/TCASheetDismissalWhenPermissionAlert
TCA,repo_search,TCA,1224258576,katafuchix/SwiftUI_TCA_ReqRes_API_Example,SwiftUI_TCA_ReqRes_API_Example,SwiftUI ReqResAPI ( https://reqres.in/ ) Example With TCA ,,0,0,0,0,Swift,2026-04-29T05:33:06Z,2026-04-30T01:50:42Z,https://github.com/katafuchix/SwiftUI_TCA_ReqRes_API_Example
TCA,repo_search,TCA,982101035,dwhao84/SwiftUI-TCA-Template,SwiftUI-TCA-Template,,,0,0,0,0,Swift,2025-05-12T11:27:27Z,2025-05-12T11:27:32Z,https://github.com/dwhao84/SwiftUI-TCA-Template
TCA,repo_search,TCA,948012649,chengyang1380/SwiftUI_TCA_Practice,SwiftUI_TCA_Practice,,,0,0,0,0,Swift,2025-03-13T15:50:53Z,2025-06-07T09:48:50Z,https://github.com/chengyang1380/SwiftUI_TCA_Practice
TCA,repo_search,TCA;The Composable Architecture,365070945,SH-OH/TCA-Search-SHOH,TCA-Search-SHOH,The Composable Architecture SwiftUI Tutorial,,0,0,0,0,Swift,2021-05-07T00:27:27Z,2021-05-11T04:14:36Z,https://github.com/SH-OH/TCA-Search-SHOH
TCA,repo_search,TCA,981895215,RiceLinTW/SwiftUI_TCA_Template,SwiftUI_TCA_Template,,,0,0,0,0,Swift,2025-05-12T04:18:52Z,2025-05-12T04:18:58Z,https://github.com/RiceLinTW/SwiftUI_TCA_Template
TCA,repo_search,TCA,993838155,AxeKoder/swiftui-tca-scope-childviews,swiftui-tca-scope-childviews,,,0,0,0,0,Swift,2025-05-31T16:23:11Z,2025-06-01T12:16:21Z,https://github.com/AxeKoder/swiftui-tca-scope-childviews
TCA,repo_search,TCA,463505929,IdontknowENG/TCA-SwiftUI-Template,TCA-SwiftUI-Template,Template Composable Architecture for SwiftUI,,0,0,0,0,,2022-02-25T11:22:31Z,2021-10-28T06:17:10Z,https://github.com/IdontknowENG/TCA-SwiftUI-Template
TCA,repo_search,TCA;The Composable Architecture,483899223,hexch/Movie-SwiftUI-TCA,Movie-SwiftUI-TCA,"A movie library App, created with SwiftUI, using TCA(The Composable Architecture).",,0,0,0,0,Swift,2022-04-21T03:58:39Z,2022-04-21T14:43:34Z,https://github.com/hexch/Movie-SwiftUI-TCA
TCA,repo_search,TCA,671246996,wspaleniak/TCA_Example_SwiftUI,TCA_Example_SwiftUI,,,0,0,0,0,Swift,2023-07-26T22:14:29Z,2023-07-26T22:15:15Z,https://github.com/wspaleniak/TCA_Example_SwiftUI
TCA,repo_search,TCA,488092933,yamshta/SwiftUI-TCA-sample,SwiftUI-TCA-sample,,,0,0,0,0,Swift,2022-05-03T05:52:41Z,2022-05-03T05:52:56Z,https://github.com/yamshta/SwiftUI-TCA-sample
TCA,repo_search,TCA;The Composable Architecture,452911730,hexch/Learn_SwiftUI_TCA,Learn_SwiftUI_TCA,SwiftUI The Composable Architecture ,,0,0,0,0,Swift,2022-01-28T02:18:42Z,2022-01-28T02:19:36Z,https://github.com/hexch/Learn_SwiftUI_TCA
TCA,repo_search,TCA,1106054180,suadiaaa/SwiftUI-TCA-Template,SwiftUI-TCA-Template,SwiftUI 應用 composable pattern,,0,0,0,0,Swift,2025-11-28T14:56:51Z,2025-11-28T14:56:58Z,https://github.com/suadiaaa/SwiftUI-TCA-Template
TCA,repo_search,TCA,734110744,zvona031/Reminders-TCA-SwiftUI,Reminders-TCA-SwiftUI,,,0,0,0,0,Swift,2023-12-20T22:30:26Z,2024-03-05T11:40:38Z,https://github.com/zvona031/Reminders-TCA-SwiftUI
TCA,repo_search,TCA,497286853,vishalbhogal/chucknorris-tca-swiftui-combine,chucknorris-tca-swiftui-combine,Chuck Norris facts iOS app implementation designed in TCA (Swift Composable Architecture) in SwiftUI using Combine Frameworks For API requests.,"combine,composable-architecture,ios,swift,swift5,swiftui,tca",0,0,0,0,Swift,2022-05-28T10:36:49Z,2022-06-01T19:31:22Z,https://github.com/vishalbhogal/chucknorris-tca-swiftui-combine
TCA,repo_search,TCA,771499444,jwonyLee/SwiftUI-TCA-Template,SwiftUI-TCA-Template,tuist based,,0,0,0,0,Swift,2024-03-13T12:12:13Z,2024-04-24T14:52:23Z,https://github.com/jwonyLee/SwiftUI-TCA-Template
TCA,repo_search,TCA,417345050,BrunoCerberus/SwiftUI-Todos-TCA,SwiftUI-Todos-TCA,,,0,0,0,0,Swift,2021-10-15T02:28:23Z,2022-01-02T02:19:23Z,https://github.com/BrunoCerberus/SwiftUI-Todos-TCA
TCA,repo_search,TCA,1048238193,Masaya1582/SwiftUI_TCA_Weather,SwiftUI_TCA_Weather,,,0,0,0,0,Swift,2025-09-01T06:28:38Z,2025-09-01T06:32:00Z,https://github.com/Masaya1582/SwiftUI_TCA_Weather
TCA,repo_search,TCA,500498493,ryan-son/tuist-tca-swiftui-template,tuist-tca-swiftui-template,,,0,0,0,0,Swift,2022-06-06T15:55:42Z,2022-06-06T15:59:38Z,https://github.com/ryan-son/tuist-tca-swiftui-template
TCA,repo_search,TCA,622357527,knight6700/Matches,Matches,Matches App with Favorites ,"swiftui,tca",0,0,0,0,Swift,2023-04-01T21:42:52Z,2023-06-04T19:13:05Z,https://github.com/knight6700/Matches
TCA,repo_search,TCA,1001847971,iniko83/ShopApp-TCA,ShopApp-TCA,Небольшой проект в процессе изучения SwiftUI,,0,0,0,0,Swift,2025-06-14T06:47:09Z,2026-01-19T05:19:40Z,https://github.com/iniko83/ShopApp-TCA
TCA,repo_search,TCA,619197529,Crying-Goose/TCA-laerning,TCA-laerning,"iOS의 TCA, SwiftUI, Realm 등 공부를 위한 레파지토리",,0,0,0,0,Swift,2023-03-26T14:58:34Z,2023-03-26T16:12:08Z,https://github.com/Crying-Goose/TCA-laerning
TCA,repo_search,TCA,296083523,MerouaneBellaha/pointfree-TCA-Courses,pointfree-TCA-Courses,SwiftUI Point Free Course : State Management,,0,0,0,0,Swift,2020-09-16T16:08:00Z,2020-09-24T10:09:50Z,https://github.com/MerouaneBellaha/pointfree-TCA-Courses
TCA,repo_search,TCA,722135658,AdrianoSong/chain4chat-ios,chain4chat-ios,this is chain4chat ios frontend (SwiftUI and TCA),,0,0,0,0,Swift,2023-11-22T14:07:20Z,2023-11-22T14:09:11Z,https://github.com/AdrianoSong/chain4chat-ios
TCA,repo_search,TCA,722509915,Drbingbing/Tca-TMDB-Movies,Tca-TMDB-Movies,A TMDB movies written by swiftUI with tca.,,0,0,0,0,Swift,2023-11-23T09:58:05Z,2023-11-23T09:59:47Z,https://github.com/Drbingbing/Tca-TMDB-Movies
TCA,repo_search,TCA,1091288116,michaelnamara0326/Dcard-InternHW-TCA,Dcard-InternHW-TCA,Dcard Intern HW for SwiftUI's TCA version,,0,0,0,0,Swift,2025-11-06T20:15:13Z,2025-11-06T20:25:10Z,https://github.com/michaelnamara0326/Dcard-InternHW-TCA
TCA,repo_search,TCA,842354376,Usic-Room/MOB,MOB,Music Room Mobile App with SwiftUI TCA Architecture,,0,0,0,2,Swift,2024-08-14T07:18:45Z,2024-11-11T04:02:25Z,https://github.com/Usic-Room/MOB
TCA,repo_search,TCA,1049175850,claudialexpinto/Challenge-Cat-API,Challenge-Cat-API,iOS app using SwiftUI and TCA to explore The Cat API – first TCA project,,0,0,0,0,Swift,2025-09-02T15:40:19Z,2025-09-06T22:38:13Z,https://github.com/claudialexpinto/Challenge-Cat-API
TCA,repo_search,TCA,875546625,chunta/SwiftUI-TCA-SwiftData,SwiftUI-TCA-SwiftData,,,0,0,0,0,Swift,2024-10-20T09:21:09Z,2025-01-07T10:05:48Z,https://github.com/chunta/SwiftUI-TCA-SwiftData
TCA,repo_search,TCA,759751141,ibnramadan/CounterDemo,CounterDemo,Simple TCA Demo,"composable-architecture,ios,swift,swiftui,tca",0,0,0,0,Swift,2024-02-19T09:12:46Z,2024-04-13T21:23:17Z,https://github.com/ibnramadan/CounterDemo
TCA,repo_search,TCA,467284928,thalysviana/TCADetailSwiftUI,TCADetailSwiftUI,A simple SwiftUI app with main/detail pages fetching data from an external API,,0,0,0,0,Swift,2022-03-07T22:51:46Z,2022-04-25T16:04:52Z,https://github.com/thalysviana/TCADetailSwiftUI
TCA,repo_search,TCA;The Composable Architecture,917970265,gramoslt/ToDo-TCA,ToDo-TCA,SwiftUI ToDo App with TCA (The Composable Architecture),,0,0,0,0,Swift,2025-01-17T01:47:38Z,2025-01-18T17:52:44Z,https://github.com/gramoslt/ToDo-TCA
TCA,repo_search,TCA,541241797,sk409/YouTube_SwiftUI_TCA,YouTube_SwiftUI_TCA,,,0,0,0,0,Swift,2022-09-25T16:49:21Z,2022-09-25T16:49:41Z,https://github.com/sk409/YouTube_SwiftUI_TCA
TCA,repo_search,TCA,810347131,Genesis2010/TOASTER-SwiftUI-with-TCA,TOASTER-SwiftUI-with-TCA,"TOASTER 를 iPadOS, macOS 지원을 위해 SwiftUI (TCA) 로 마이그레이션하는 연습 레포입니다.",,0,0,0,1,Swift,2024-06-04T14:13:51Z,2024-06-05T06:11:28Z,https://github.com/Genesis2010/TOASTER-SwiftUI-with-TCA
TCA,repo_search,TCA,415752045,BrunoCerberus/SwiftUI-TCA-State-Management,SwiftUI-TCA-State-Management,,,0,0,0,0,Swift,2021-10-11T02:18:29Z,2021-10-12T15:49:31Z,https://github.com/BrunoCerberus/SwiftUI-TCA-State-Management
TCA,repo_search,TCA,778517579,iNoor72/OrderApp-SwiftUI-TCA,OrderApp-SwiftUI-TCA,,,0,0,0,0,Swift,2024-03-27T21:37:08Z,2024-03-27T21:37:50Z,https://github.com/iNoor72/OrderApp-SwiftUI-TCA
TCA,repo_search,TCA,589110217,morebgle/SearchImage-SwiftUI-TCA,SearchImage-SwiftUI-TCA,,,0,0,0,0,Swift,2023-01-15T04:37:57Z,2023-01-15T04:38:03Z,https://github.com/morebgle/SearchImage-SwiftUI-TCA
TCA,repo_search,TCA,570871851,WesleyHilhorst/SwiftUI-TCA-NavigationStack,SwiftUI-TCA-NavigationStack,,,0,0,0,0,Swift,2022-11-26T12:04:10Z,2022-11-26T12:06:05Z,https://github.com/WesleyHilhorst/SwiftUI-TCA-NavigationStack
TCA,repo_search,TCA,764011697,codebbkaf/swiftUI_TCA_architecture_demo,swiftUI_TCA_architecture_demo,,,0,0,0,0,Swift,2024-02-27T10:18:43Z,2024-02-27T10:19:26Z,https://github.com/codebbkaf/swiftUI_TCA_architecture_demo
TCA,repo_search,TCA,956808894,egesucu/Humor-TCA,Humor-TCA,A demo app showcasing The Clean Architecture with SwiftUI,,0,0,0,0,Swift,2025-03-28T22:39:46Z,2025-03-28T22:48:46Z,https://github.com/egesucu/Humor-TCA
TCA,repo_search,TCA;The Composable Architecture,1038029124,danilpapa/TCASandbox,TCASandbox,"Sample archive of app based on ""The Composable Architecture"" ","composable-architecture,swiftui",0,0,0,0,Swift,2025-08-14T14:01:06Z,2025-08-18T12:50:41Z,https://github.com/danilpapa/TCASandbox
TCA,repo_search,TCA,849436518,hanksudo/lbd-counter-tca,lbd-counter-tca,Learning by doing - SwiftUI with Composable Architecture,,0,0,0,0,Swift,2024-08-29T15:36:16Z,2024-10-13T11:09:59Z,https://github.com/hanksudo/lbd-counter-tca
TCA,repo_search,TCA;The Composable Architecture,1187822723,HackAttack00/TCAmaster,TCAmaster,iOS app built with SwiftUI and The Composable Architecture (TCA),,0,0,0,0,Swift,2026-03-21T08:04:25Z,2026-03-21T08:45:13Z,https://github.com/HackAttack00/TCAmaster
TCA,repo_search,TCA,786418558,sakurakotubaki/TCATutorial,TCATutorial,SwiftUIで、Reduxアーキテクチャを使ってみる。,,0,0,0,0,Swift,2024-04-14T12:05:12Z,2024-04-14T12:05:58Z,https://github.com/sakurakotubaki/TCATutorial
TCA,repo_search,TCA,1152697875,AppleCEO/TCAStudy,TCAStudy,https://velog.io/@marine8743/SwiftUI-TCA-Tutorial-Adding-side-effects,,0,0,0,0,Swift,2026-02-08T09:34:59Z,2026-02-10T08:14:00Z,https://github.com/AppleCEO/TCAStudy
TCA,repo_search,TCA;The Composable Architecture,851454947,khalldev/TCAPokedex,TCAPokedex,Pokedex app built with SwiftUI and The Composable Architecture (TCA).,,0,0,0,0,Swift,2024-09-03T06:09:32Z,2026-04-08T04:45:39Z,https://github.com/khalldev/TCAPokedex
TCA,repo_search,TCA;The Composable Architecture,544697290,goncharik/JSONPlaceholderTCA,JSONPlaceholderTCA,Example of modular application with SwiftUI and The Composable Architecture,,0,0,0,0,Swift,2022-10-03T04:06:55Z,2022-10-03T04:08:18Z,https://github.com/goncharik/JSONPlaceholderTCA
TCA,repo_search,TCA;The Composable Architecture,847587569,khalldev/WeatherTCA,WeatherTCA,Weather app built with SwiftUI and The Composable Architecture (TCA).,,0,0,0,0,Swift,2024-08-26T06:42:44Z,2026-04-08T04:45:39Z,https://github.com/khalldev/WeatherTCA
TCA,repo_search,TCA,676260958,ajones324/MyTCA,MyTCA,"Common basic project built with TCA, Swift, SwiftUI and Combine",,0,0,0,0,Swift,2023-08-08T19:50:24Z,2023-08-20T03:45:19Z,https://github.com/ajones324/MyTCA
TCA,repo_search,TCA,693294335,SalvadorCarnelutti/TCA_PoCApp,TCA_PoCApp,A dog browser application made with SwiftUI+TCA library,,0,0,0,0,Swift,2023-09-18T18:31:24Z,2023-09-18T20:33:32Z,https://github.com/SalvadorCarnelutti/TCA_PoCApp
TCA,repo_search,TCA,693367761,oleksandryevdokymov/TCAAudiobooksStore,TCAAudiobooksStore,"TCAAudiobooksStore is test project created under TCA architecture for Audiobook player, using SwiftUI and StoreKit for imitation purchasing Audiobook.  ",,0,0,0,0,Swift,2023-09-18T22:26:26Z,2023-09-18T23:19:49Z,https://github.com/oleksandryevdokymov/TCAAudiobooksStore
TCA,repo_search,TCA,326551127,goncharik/SimpleTasks-TCA-Example,SimpleTasks-TCA-Example,Demo project of Composable Architecture and SwiftUI,,0,0,0,0,Swift,2021-01-04T02:44:10Z,2021-01-04T02:46:40Z,https://github.com/goncharik/SimpleTasks-TCA-Example
TCA,repo_search,TCA,565529517,tfandkusu/TryTCA,TryTCA,AndroidエンジニアでもSwiftUI + TCAを学びたい,,0,0,0,1,Swift,2022-11-13T17:40:05Z,2022-11-13T17:40:33Z,https://github.com/tfandkusu/TryTCA
TCA,repo_search,TCA,985164929,arieltyson/SwiftUI-ToDo-TCA-VIPER,SwiftUI-ToDo-TCA-VIPER,"This project showcases a clean, modular ToDo application built with modern iOS architecture patterns, specifically TCA + VIPER.",,0,0,0,0,Swift,2025-05-17T07:35:52Z,2025-05-17T09:19:53Z,https://github.com/arieltyson/SwiftUI-ToDo-TCA-VIPER
TCA,repo_search,TCA,670192988,kwangrok92/SimpleTodoApp,SimpleTodoApp,Simple To-do list iOS application Using SwiftUI + TCA ,"memo,swiftui,tca,todolist",0,0,0,0,Swift,2023-07-24T13:50:00Z,2023-07-24T14:22:02Z,https://github.com/kwangrok92/SimpleTodoApp
TCA,repo_search,TCA,1053845066,shinseunguk/TCA-Clean-Architecture-Demo,TCA-Clean-Architecture-Demo,SwiftUI + TCA + Clean Architecture 패턴을 적용한 iOS 데모 앱,,0,0,0,0,Swift,2025-09-10T02:42:23Z,2025-09-23T05:04:13Z,https://github.com/shinseunguk/TCA-Clean-Architecture-Demo
TCA,repo_search,TCA,980820528,arieltyson/SwiftUI-ToDo-TCA-MVVM,SwiftUI-ToDo-TCA-MVVM,"This project showcases a clean, modular ToDo application built with modern iOS architecture patterns, specifically TCA + MVVM. ",,0,0,0,0,Swift,2025-05-09T19:16:41Z,2025-05-17T07:29:00Z,https://github.com/arieltyson/SwiftUI-ToDo-TCA-MVVM
TCA,repo_search,TCA,1098919511,Atoroe/TCA_CleanArchitecture_SwiftUI_Demo,TCA_CleanArchitecture_SwiftUI_Demo,,,0,1,0,0,Swift,2025-11-18T10:12:03Z,2025-12-15T16:51:11Z,https://github.com/Atoroe/TCA_CleanArchitecture_SwiftUI_Demo
TCA,repo_search,TCA,563513184,paigeshin/SwiftUI_TCA_TOUR_TODO_APP,SwiftUI_TCA_TOUR_TODO_APP,,,0,0,0,0,Swift,2022-11-08T19:14:06Z,2022-11-08T19:14:54Z,https://github.com/paigeshin/SwiftUI_TCA_TOUR_TODO_APP
TCA,repo_search,TCA,809793928,Vinnstah/Climate,Climate,A Weather app written in Swift/SwiftUI using TCA,,0,0,0,0,Swift,2024-06-03T13:12:39Z,2024-06-10T12:11:59Z,https://github.com/Vinnstah/Climate
TCA,repo_search,TCA,898321425,cschoi724/BusinessNumberValidate,BusinessNumberValidate,"사업자 번호 검사 앱 샘플, SwiftUI + TCA + CleanArchitecture 적용 ",,0,0,0,0,Swift,2024-12-04T07:27:50Z,2024-12-05T11:52:24Z,https://github.com/cschoi724/BusinessNumberValidate
TCA,repo_search,TCA,885129872,RachenkoViacheslav/Rick-and-Morty-TCA-SwiftUI,Rick-and-Morty-TCA-SwiftUI,,,0,0,0,0,Swift,2024-11-08T02:25:53Z,2024-11-08T02:42:43Z,https://github.com/RachenkoViacheslav/Rick-and-Morty-TCA-SwiftUI
TCA,repo_search,TCA,1085990856,gkaimakas/swift-mixed-navigation-poc,swift-mixed-navigation-poc,PoC for Mixed Navigation between TCA & Vanilla SwiftUI features,,0,1,0,0,Swift,2025-10-29T19:42:36Z,2025-10-29T19:43:05Z,https://github.com/gkaimakas/swift-mixed-navigation-poc
TCA,repo_search,TCA,1225508401,katafuchix/SwiftUI_TCA_PokemonCard_Example,SwiftUI_TCA_PokemonCard_Example,,,0,0,0,0,Swift,2026-04-30T10:54:44Z,2026-05-01T02:27:09Z,https://github.com/katafuchix/SwiftUI_TCA_PokemonCard_Example
TCA,repo_search,TCA,1113124276,H0sungKim/CleanArchitectureTCA,CleanArchitectureTCA,"iOS Clean Architecture TCA Example (using SwiftUI, Combine, SPM)",,0,0,0,0,Swift,2025-12-09T14:54:31Z,2025-12-13T05:16:23Z,https://github.com/H0sungKim/CleanArchitectureTCA
TCA,repo_search,TCA,881048460,jcholuj/FilePickerDemo,FilePickerDemo,Demo for importing file mechanism using TCA and SwiftUI.,,0,0,0,0,Swift,2024-10-30T20:31:01Z,2024-10-30T20:35:28Z,https://github.com/jcholuj/FilePickerDemo
TCA,repo_search,TCA,1221730377,hisyam99/reparin-ios,reparin-ios,Reparin mobile app use SwiftUI + TCA + Moya + Alamofire + Kingfisher,,0,0,0,0,Swift,2026-04-26T15:56:39Z,2026-04-26T16:08:25Z,https://github.com/hisyam99/reparin-ios
TCA,repo_search,TCA,655580455,FullStack-Swift/Mutil-Level,Mutil-Level,Mutil-Level SwiftUI,"multi-level-tree-menu,swiftui,swiftui-example,tca,treenode",0,0,0,0,Swift,2023-06-19T07:34:40Z,2023-06-20T03:06:43Z,https://github.com/FullStack-Swift/Mutil-Level
TCA,repo_search,TCA;The Composable Architecture,1087947109,gabrielpaiva-projects/swiftui-weather-clone,swiftui-weather-clone,Um clone fiel do app Tempo do iOS construído com SwiftUI e The Composable Architecture (TCA),,0,0,0,0,Swift,2025-11-02T01:06:08Z,2025-11-02T01:25:40Z,https://github.com/gabrielpaiva-projects/swiftui-weather-clone
TCA,repo_search,TCA;The Composable Architecture,712284139,yaswanth-8/harry_potter_ios,harry_potter_ios,App built with The Composable Architecture (TCA),"swift,swiftui,tca",0,0,0,0,Swift,2023-10-31T06:50:04Z,2023-11-15T03:47:12Z,https://github.com/yaswanth-8/harry_potter_ios
TCA,repo_search,TCA;The Composable Architecture,911291287,rama-adi/Safe-OTP-TCA,Safe-OTP-TCA,OTP Generator Implemented in SwiftUI and The Composable Architecture,"composable-architecture,otp-generator,swiftui",0,0,0,0,Swift,2025-01-02T17:11:52Z,2025-01-02T17:50:36Z,https://github.com/rama-adi/Safe-OTP-TCA
TCA,repo_search,TCA,646785641,x-0o0/swiftui-tca-konkuk-library-top10books,swiftui-tca-konkuk-library-top10books,SwiftUI TCA Study - Dependencies: Search Top 10 books in Konkuk Univ. Library,,0,0,0,0,Swift,2023-05-29T10:37:27Z,2023-05-29T10:57:48Z,https://github.com/x-0o0/swiftui-tca-konkuk-library-top10books
TCA,repo_search,TCA,845029288,gabrieledintino/TCAPrototype,TCAPrototype,A TCA app developed for my Master's Degree Thesis on SwiftUI Patterns,,0,0,0,0,Swift,2024-08-20T12:52:06Z,2024-09-26T22:22:42Z,https://github.com/gabrieledintino/TCAPrototype
TCA,repo_search,TCA,851226495,dongminyoon/TCA_Prac,TCA_Prac,,"composable-architecture,swiftui,tca",0,0,0,0,Swift,2024-09-02T17:06:59Z,2024-09-06T06:25:56Z,https://github.com/dongminyoon/TCA_Prac
TCA,repo_search,TCA,279554563,saadanis/TCAConcept,TCAConcept,Concept of a routine creation app for iOS.,"ios,swift,swiftui",0,0,0,0,Swift,2020-07-14T10:30:01Z,2020-07-28T12:09:09Z,https://github.com/saadanis/TCAConcept
TCA,repo_search,TCA,856791884,g0getter/Counter-TCA,Counter-TCA,"A practical project to use TCA, SwiftUI (same project but with own comments)",,0,0,0,0,Swift,2024-09-13T08:02:49Z,2024-09-16T08:31:25Z,https://github.com/g0getter/Counter-TCA
TCA,repo_search,TCA,730676591,otondin/tca-selection-screen,tca-selection-screen,A SwiftUI + TCA single and multiple selection feature screens components.,,0,0,0,0,Swift,2023-12-12T12:44:11Z,2023-12-12T12:46:22Z,https://github.com/otondin/tca-selection-screen
TCA,repo_search,TCA,631000848,binarysid/ShoppingCart-TCA-Composable-Architecture-SwiftUI,ShoppingCart-TCA-Composable-Architecture-SwiftUI,,,0,0,0,0,Swift,2023-04-21T17:00:35Z,2023-04-24T13:00:30Z,https://github.com/binarysid/ShoppingCart-TCA-Composable-Architecture-SwiftUI
TCA,repo_search,TCA,1222260331,finnchristoffer/MV-vs-MVVM-vs-TCA,MV-vs-MVVM-vs-TCA,POC is MVVM still relevant in SwiftUI Era,,0,0,0,0,Swift,2026-04-27T07:34:19Z,2026-05-04T05:00:16Z,https://github.com/finnchristoffer/MV-vs-MVVM-vs-TCA
TCA,repo_search,TCA,607414495,mijo-gracanin/TimeTracking,TimeTracking,A time-tracking app implemented with SwiftUI and MVVM + TCA,,0,0,0,0,Swift,2023-02-27T23:28:18Z,2023-02-27T23:40:17Z,https://github.com/mijo-gracanin/TimeTracking
TCA,repo_search,TCA,765056865,Leonard-Theodorus/TCA_Exploration,TCA_Exploration,Fake Online Store Application made using TCA and SwiftUI for playground and exploration purposes,,0,0,0,0,Swift,2024-02-29T07:47:06Z,2024-02-29T07:53:28Z,https://github.com/Leonard-Theodorus/TCA_Exploration
TCA,repo_search,TCA,1137113584,empire-architect/Mina,Mina,Premium multi-modal AI journaling app for iOS - SwiftUI + TCA,,0,1,0,0,Swift,2026-01-18T23:35:03Z,2026-02-09T09:44:01Z,https://github.com/empire-architect/Mina
TCA,repo_search,TCA,1049269431,BakrIOS91/RickAndMortyApp,RickAndMortyApp,Build Rick And Morty App With Modern TCA and Swiftui,,0,0,0,0,Swift,2025-09-02T18:19:50Z,2025-09-15T07:56:48Z,https://github.com/BakrIOS91/RickAndMortyApp
TCA,repo_search,TCA,1010530032,pocosoft-inc/OthelloSwiftUI,OthelloSwiftUI,SwiftUI + TCAでオセロ作成してみた。,,0,0,0,0,Swift,2025-06-29T09:13:45Z,2025-12-30T10:36:45Z,https://github.com/pocosoft-inc/OthelloSwiftUI
TCA,repo_search,TCA,368127147,bricklife/TCA-BLE-Sample,TCA-BLE-Sample,"A sample project using TCA, ComposableBluetoothCentralManager, and ComposableBluetoothPeripheralManager","ble,swiftui,tca",0,0,0,0,Swift,2021-05-17T09:22:49Z,2021-05-19T03:01:47Z,https://github.com/bricklife/TCA-BLE-Sample
TCA,repo_search,TCA;The Composable Architecture,1032939755,Rohit-kumar91/ExploringTCAArchitecture,ExploringTCAArchitecture,"A hands-on exploration of The Composable Architecture (TCA) in Swift — showcasing modular state management, feature isolation, and testable architecture using SwiftUI. Ideal for learning or bootstrapping robust SwiftUI apps using TCA principles",,0,0,0,0,Swift,2025-08-06T04:18:29Z,2025-08-06T04:19:18Z,https://github.com/Rohit-kumar91/ExploringTCAArchitecture
TCA,repo_search,TCA;The Composable Architecture,1206693388,gureli/TCA-Composable-Architecture,TCA-Composable-Architecture,"Struggling to keep your SwiftUI code clean as your app grows? In this article, I show how The Composable Architecture (TCA) brings clarity, structure, and testability to complex projects—without the chaos of traditional approaches like MVVM.","composable-architecture,swiftui,tca",0,0,0,0,Swift,2026-04-10T06:54:46Z,2026-04-10T11:20:33Z,https://github.com/gureli/TCA-Composable-Architecture
TCA,repo_search,TCA;The Composable Architecture,790080308,ibnramadan/TCA-Demo,TCA-Demo,This Demo app demonstrates how to use the composable architecture on iOS,"composable-architecture,ios,swift,swiftui",0,0,0,0,Swift,2024-04-22T08:21:11Z,2024-04-23T13:39:54Z,https://github.com/ibnramadan/TCA-Demo
TCA,repo_search,TCA,815665072,admkopec/RickMorty-TCA,RickMorty-TCA,A sample iOS app using TCA and Clean Architecture best practices,"swift,swiftui,the-composable-architecture",0,0,0,0,Swift,2024-06-15T19:09:56Z,2024-12-11T22:20:53Z,https://github.com/admkopec/RickMorty-TCA
TCA,repo_search,TCA;The Composable Architecture,999535554,Uwi0/simple_tca_navigation,simple_tca_navigation,"A straightforward example demonstrating TCA (The Composable Architecture) with a simple stack navigation flow. It features four screens (A, B, C, D): A leads to B, B can go to C or D, and C can pass arguments back to B. Both C and D allow direct navigation back to A.","swift,swiftui,thecomposablearchitecture",0,0,0,0,Swift,2025-06-10T11:57:27Z,2025-06-25T11:44:25Z,https://github.com/Uwi0/simple_tca_navigation
TCA,repo_search,TCA,780231337,coletoncodes/ComposableArch-Example,ComposableArch-Example,A finished implementation of the interactive tutorial for TCA SwiftUI apps.,,0,0,0,0,Swift,2024-04-01T02:58:54Z,2024-04-01T03:05:32Z,https://github.com/coletoncodes/ComposableArch-Example
TCA,repo_search,TCA,1050292064,kswift1/Promiso,Promiso,"약속 생성, 공유, 일정 관리를 위한 SwiftUI/TCA 기반 iOS 앱","calendar,fastlane,firebase,github-actions,ios,swift,swiftui,tca,tuist",0,0,0,0,Swift,2025-09-04T08:16:28Z,2026-05-08T02:54:08Z,https://github.com/kswift1/Promiso
TCA,repo_search,TCA,787449242,bibbi-team/bibbi-iOS-admin,bibbi-iOS-admin,삐삐 Admin 레포지토리👩🏻‍💼,"charts,swiftui,tca",0,1,0,2,Swift,2024-04-16T14:41:53Z,2024-12-28T03:45:36Z,https://github.com/bibbi-team/bibbi-iOS-admin
TCA,repo_search,TCA,577570579,DJBen/StockPhoto,StockPhoto,Stock photo is an app fully written in swift-composable-architecture (TCA) and SwiftUI that serves as a medium sized educational project for TCA and SwiftUI learners.,,0,0,0,1,Swift,2022-12-13T02:58:36Z,2023-12-01T20:33:59Z,https://github.com/DJBen/StockPhoto
TCA,repo_search,TCA,1167100921,hogumachu/TCAExtra,TCAExtra,,"composable,composable-architecture,macros,swiftui,tca",0,0,0,0,Swift,2026-02-26T00:06:41Z,2026-02-26T06:11:31Z,https://github.com/hogumachu/TCAExtra
TCA,repo_search,TCA;The Composable Architecture,776475829,romekem/rick-and-morty-api-tca,rick-and-morty-api-tca,Sample Rick And Morty Api app using SwiftUI and The Composable Architecture,"async-await,swiftui,the-composable-architecture",0,0,0,0,Swift,2024-03-23T16:04:24Z,2024-03-23T17:15:25Z,https://github.com/romekem/rick-and-morty-api-tca
TCA,repo_search,TCA;The Composable Architecture,730398833,lisandro/standups-composable-arch,standups-composable-arch,Standups app of PointFree.co to implement The Composable Architecture,"composable-architecture,swiftui,tca",0,0,0,0,Swift,2023-12-11T20:55:26Z,2023-12-11T20:58:00Z,https://github.com/lisandro/standups-composable-arch
TCA,repo_search,TCA,1045995301,cjc8/PagerView,PagerView,A SwiftUI and TCA integration for paging through a list of cards.,,0,0,0,0,Swift,2025-08-28T03:14:10Z,2025-08-28T03:25:07Z,https://github.com/cjc8/PagerView
TCA,repo_search,TCA,975208105,Oabshire/LoomeAppTCA,LoomeAppTCA,A clean app for habit tracking ,"composable-architecture,swift,swiftdata,swiftui",0,0,0,0,Swift,2025-04-30T00:38:15Z,2025-08-02T01:07:27Z,https://github.com/Oabshire/LoomeAppTCA
TCA,repo_search,TCA,658849773,sabapathy7/CurrencyConverter,CurrencyConverter,Swift Application with different flavours - UIKit/ SwiftUI using different architectures MVVM/TCA,"mvvm,swift,swift-composable-architecture,swiftui,tca,uikit",0,0,0,0,Swift,2023-06-26T16:04:03Z,2023-09-24T07:43:10Z,https://github.com/sabapathy7/CurrencyConverter
TCA,repo_search,TCA,733073377,olehdovhan/BookPlayer,BookPlayer,"SwiftUI, Swift Concurrency, TCA architecture, Unit testing.     Test Assignment for Headway company. ",,0,1,0,0,Swift,2023-12-18T13:58:47Z,2024-05-23T13:56:03Z,https://github.com/olehdovhan/BookPlayer
TCA,repo_search,TCA,431049130,saroar/Word369,Word369,lear words without any effort by scheduling local notification.,"swiftui,tca,thecomposablearchitecture",0,1,0,0,Swift,2021-11-23T10:04:35Z,2023-04-14T23:46:12Z,https://github.com/saroar/Word369
TCA,repo_search,TCA,953919311,SeoulMate-Org/PopPopSeoul-iOS,PopPopSeoul-iOS,🚀 2025 열린데이터광장 창업 경진 대회 - PopPopSeoul (iOS),"ios,swiftui,tca",0,0,0,0,Swift,2025-03-24T09:38:25Z,2025-10-11T07:32:50Z,https://github.com/SeoulMate-Org/PopPopSeoul-iOS
TCA,repo_search,TCA,1220406852,Dsanabriabr/ios_tca_architecture_2,ios_tca_architecture_2,"TCA Study - Chapter 2 Navigation ""Learn how to model your domains for navigation from parent feature to child feature, and how to do so in a concise manner using optionals, enums and collections.""","composable-architecture,swift,swiftui,tca,xcode",0,0,0,0,Swift,2026-04-24T21:42:21Z,2026-05-05T21:13:54Z,https://github.com/Dsanabriabr/ios_tca_architecture_2
TCA,repo_search,TCA,871369978,brzzdev/Beans,Beans,macOS menu bar app that keeps your display awake. Built with SwiftUI and TCA.,"macos,menubar,sleep",0,0,0,2,Swift,2024-10-11T20:24:32Z,2026-04-21T10:06:50Z,https://github.com/brzzdev/Beans
TCA,repo_search,TCA,488874970,vctxr/covid-19-tracker,covid-19-tracker,🦠 iOS app for tracking the 2019 coronavirus outbreak worldwide built with SwiftUI + TCA,"covid-19,swiftui,the-composable-architecture,widgetkit",0,0,0,0,Swift,2022-05-05T07:36:21Z,2022-06-22T01:22:09Z,https://github.com/vctxr/covid-19-tracker
TCA,repo_search,TCA,841110446,khymychd/Animal-Facts-TCA,Animal-Facts-TCA,A simple application that allows users to see a list of animal categories and read interesting facts about them.  Built with SwiftUI.  Applied TCA architecture.,,0,0,0,0,Swift,2024-08-11T17:08:30Z,2024-08-12T08:02:01Z,https://github.com/khymychd/Animal-Facts-TCA
TCA,repo_search,TCA;The Composable Architecture,853843494,indigo-ce/composable-toasts,composable-toasts,Queue and display toasts using SwiftUI and The Composable Architecture.,"composable-architecture,snackbar,swift-composable-architecture,tca,toast",0,0,0,0,Swift,2024-09-07T17:31:42Z,2025-11-14T13:15:35Z,https://github.com/indigo-ce/composable-toasts
TCA,repo_search,TCA,946774753,VictorShurapov/Verba-Video-Player-A-SwiftUI-TCA-Powered-iOS-Video-Experience,Verba-Video-Player-A-SwiftUI-TCA-Powered-iOS-Video-Experience,"🚀 Verba Video Player is a sleek, single-screen iOS app built with SwiftUI and Composable Architecture (TCA). This project showcases an elegant, interactive video player with intuitive controls, smooth animations, and Core Animation-powered text overlays—delivering an immersive user experience.",,0,0,0,0,Swift,2025-03-11T16:51:08Z,2025-03-11T17:15:33Z,https://github.com/VictorShurapov/Verba-Video-Player-A-SwiftUI-TCA-Powered-iOS-Video-Experience
TCA,repo_search,TCA;The Composable Architecture,1056089331,leoho0722/the-composable-architecture-tutorial-sample-code,the-composable-architecture-tutorial-sample-code,The Composable Architecture Tutorial Sample Code on Point-Free Website,"swift,swiftui,tca,the-composable-architecture",0,0,0,0,Swift,2025-09-13T11:13:52Z,2025-10-10T16:00:37Z,https://github.com/leoho0722/the-composable-architecture-tutorial-sample-code
TCA,repo_search,TCA,845523688,MoGakAppStudy/Pokedex,Pokedex,PokemonAPI를 이용하여 포켓몬 도감 만들기 프로젝트,"swift,swiftui,tca,tuist",0,1,0,4,Swift,2024-08-21T12:18:10Z,2024-11-07T13:10:59Z,https://github.com/MoGakAppStudy/Pokedex
TCA,repo_search,TCA;The Composable Architecture,806092498,rcasanovan/Tinder-gyms,Tinder-gyms,A demo with a Tinder UI to show info about gyms using TCA (The Composable Architecture).,"composable-architecture,swift,swiftui,tca",0,0,0,0,Swift,2024-05-26T11:01:41Z,2024-12-05T15:11:49Z,https://github.com/rcasanovan/Tinder-gyms
TCA,repo_search,TCA,979429913,EddieCarbon/RickAndMortyApp,RickAndMortyApp,iOS app using Rick and Morty API,"rickandmortyapi,swift,swiftui,tca",0,0,0,0,Swift,2025-05-07T13:53:04Z,2025-11-04T21:20:58Z,https://github.com/EddieCarbon/RickAndMortyApp
TCA,repo_search,TCA,987203482,ljaniszewski00/RMGuide_TCA,RMGuide_TCA,Rick and Morty guide iOS app built using TCA,"async-await,ios,nscache,rick-and-morty,rickandmortyapi,swift,swiftui,tca,the-composable-architecture,xcode",0,0,0,0,Swift,2025-05-20T18:18:39Z,2025-05-21T06:52:22Z,https://github.com/ljaniszewski00/RMGuide_TCA
TCA,repo_search,TCA,1121098232,Irina0rlova/TMDBapp,TMDBapp,"A movies and tv shows info app using SwiftUI and TCA, similar to imdb app.",,0,0,0,0,Swift,2025-12-22T12:38:56Z,2025-12-22T12:45:31Z,https://github.com/Irina0rlova/TMDBapp
TCA,repo_search,TCA;The Composable Architecture,1070119309,kurtcodina/TenantMaintenance-TCA,TenantMaintenance-TCA,"A quick project where I tried to recreate some of the August app screens while crash-coursing The Composable Architecture (TCA). Built to experiment with TCA concepts, state management, and SwiftUI composition.",,0,0,0,0,Swift,2025-10-05T10:02:59Z,2025-10-09T10:01:44Z,https://github.com/kurtcodina/TenantMaintenance-TCA
TCA,repo_search,TCA;The Composable Architecture,1219595004,Dsanabriabr/ios_tca_archicteture,ios_tca_archicteture,"TCA Study - Chapter 1 Essentials ""Explore the basics of creating a new feature in the Composable Architecture, layering on side effects, and writing a complete test suite for the feature.""","composable-architecture,mobile-app,mobile-architecture,mobile-development,swift,swiftui,tca,xcode",0,0,0,0,Swift,2026-04-24T03:09:25Z,2026-05-06T01:16:18Z,https://github.com/Dsanabriabr/ios_tca_archicteture
TCA,repo_search,TCA,1159719530,dimitryvin/BuildPulse,BuildPulse,macOS menu bar app that tracks Xcode build times and manages DerivedData. Built with SwiftUI + TCA.,,0,0,0,0,Swift,2026-02-17T04:29:56Z,2026-02-17T18:19:49Z,https://github.com/dimitryvin/BuildPulse
TCA,repo_search,TCA;The Composable Architecture,397750113,joaobzao/DontPushMe,DontPushMe,"A simple tool to test iOS push notifications. Built with SwiftUI and TCA, The Composable Architecture.",,0,1,0,0,Swift,2021-08-18T22:28:13Z,2021-12-15T03:15:35Z,https://github.com/joaobzao/DontPushMe
TCA,repo_search,TCA,989623803,maartinj/Counter,Counter,"With information provided by Point-Free, I am trying to understand how TCA works in SwiftUI",,0,0,0,0,Swift,2025-05-24T13:38:14Z,2025-05-25T21:47:04Z,https://github.com/maartinj/Counter
TCA,repo_search,TCA,990542146,maartinj/Standups,Standups,"With information provided by Point-Free, I am trying to understand how TCA works in SwiftUI",,0,0,0,0,Swift,2025-05-26T09:17:45Z,2025-06-01T23:04:20Z,https://github.com/maartinj/Standups
TCA,repo_search,TCA,994442892,maartinj/CounterByAppleDocs,CounterByAppleDocs,"With information provided by Point-Free, I am trying to understand how TCA works in SwiftUI",,0,0,0,0,Swift,2025-06-01T23:53:01Z,2025-06-04T23:16:30Z,https://github.com/maartinj/CounterByAppleDocs
TCA,repo_search,TCA,548837379,ZYLion86/XMetro,XMetro,无聊的时候，SwiftUI + Combine + TCA 练手写了个节拍器,,0,0,0,0,,2022-10-10T09:02:13Z,2022-09-23T01:10:08Z,https://github.com/ZYLion86/XMetro
TCA,repo_search,TCA,988994783,maartinj/todos,todos,"With information provided by Point-Free, I am trying to understand how TCA works in SwiftUI",,0,0,0,0,Swift,2025-05-23T11:49:37Z,2025-05-23T13:01:11Z,https://github.com/maartinj/todos
TCA,repo_search,TCA;The Composable Architecture,1110018714,rasyadh/Morellonomitoon,Morellonomitoon,Morellonomitoon open source manga reader app for iOS. Build on SwiftUI using The Composable Architecture (TCA).,,0,0,0,0,Swift,2025-12-04T15:47:16Z,2025-12-16T08:59:49Z,https://github.com/rasyadh/Morellonomitoon
TCA,repo_search,TCA,766414073,zqazi114/Glance,Glance,"This is a demo project to show off my capabilities in SwiftUI, TCA, Firebase and other technologies.",,0,0,0,0,Swift,2024-03-03T07:36:21Z,2024-03-03T07:36:29Z,https://github.com/zqazi114/Glance
TCA,repo_search,TCA,1166920420,palrang22/ChimHahaApp,ChimHahaApp,침착맨 팬 사이트 chimhaha.net을 iOS 어플리케이션으로 구현하는 학습용 프로젝트입니다. SwiftUI · TCA 등을 활용해보며 학습하는 목적으로 진행합니다.,,0,0,0,0,Swift,2026-02-25T18:52:26Z,2026-03-28T14:50:27Z,https://github.com/palrang22/ChimHahaApp
TCA,repo_search,TCA,1072118345,opacicmarko/EnumReducerView,EnumReducerView,EnumReducerView is a Swift macro that generates a View declaration for a TCA enum Reducer.,"ios,swift,swift-composable-architecture,swift-macros,swiftui",0,0,0,0,Swift,2025-10-08T09:33:11Z,2025-10-08T11:05:00Z,https://github.com/opacicmarko/EnumReducerView
TCA,repo_search,TCA;The Composable Architecture,1139319617,iiferreira/BuscaCEP,BuscaCEP,"Aplicativo iOS desenvolvido em SwiftUI utilizando The Composable Architecture (TCA), com foco em arquitetura unidirecional e código testável.",,0,0,0,0,Swift,2026-01-21T20:06:13Z,2026-01-21T21:11:19Z,https://github.com/iiferreira/BuscaCEP
TCA,repo_search,TCA,1077576019,ikoba0911/countries-explorer,countries-explorer,It's a simple app made with SwiftUI + TCA that allows you to view a list of countries.,,0,0,0,0,Swift,2025-10-16T12:48:30Z,2025-10-25T04:39:13Z,https://github.com/ikoba0911/countries-explorer
TCA,repo_search,TCA,689639448,Hayun218/FilmAt_BORA,FilmAt_BORA,출시완료💫 iOS 감성 카메라 필터 앱 📷,"camera-filter,ciimage,ios-app,swiftui,tca",0,0,0,0,Swift,2023-09-10T13:00:41Z,2025-03-11T09:51:54Z,https://github.com/Hayun218/FilmAt_BORA
TCA,repo_search,TCA,1163638305,peterdsp/gjuha,gjuha,"Albanian language learning iOS app | SwiftUI + TCA, offline-first, content-engine driven. A1–B2 curriculum targeting Duolingo-scale depth.",,0,0,0,0,Swift,2026-02-21T23:16:57Z,2026-03-18T15:02:57Z,https://github.com/peterdsp/gjuha
TCA,repo_search,TCA;The Composable Architecture,1073418730,Poseidoncode/Launchpad,Launchpad,A modern macOS application launcher built with SwiftUI and TCA (The Composable Architecture). Inspired by macOS Launchpad and LaunchOS.,,0,0,0,0,Swift,2025-10-10T04:57:22Z,2026-04-03T16:03:52Z,https://github.com/Poseidoncode/Launchpad
TCA,repo_search,TCA,880332945,jeongyun-kim/Ppakgongdan,Ppakgongdan,빡공단 - 스터디그룹을 위한 커뮤니티앱,"moya,socket-io,swiftui,tca,tuist",0,0,0,0,Swift,2024-10-29T14:36:30Z,2025-04-15T14:45:19Z,https://github.com/jeongyun-kim/Ppakgongdan
TCA,repo_search,TCA,648987155,atacan/DevBliss,DevBliss,Your Local Development Helper for macOS and iOS,"developer-tools,ios,macos,swiftui,tca",0,0,0,14,Swift,2023-06-03T12:23:25Z,2026-03-07T18:33:47Z,https://github.com/atacan/DevBliss
TCA,repo_search,TCA,800402128,adamlonda/composable-demo,composable-demo, Composable Architecture Demo enhanced with Swift Package Modules 📦,"ios,spm,swift,swiftui,tca",0,0,0,0,Swift,2024-05-14T09:08:32Z,2024-07-09T11:43:21Z,https://github.com/adamlonda/composable-demo
TCA,repo_search,TCA,844083302,rokon-uddin/DevHub,DevHub,"GitHub iOS client in SwiftUI, Composable, and Modular Architecture.","clean-architecture,github,ios,modular-architecture,moya,networking,rest,swift,swift-package-manager,swiftui,tca",0,1,0,0,Swift,2024-08-18T10:33:00Z,2024-09-15T05:36:54Z,https://github.com/rokon-uddin/DevHub
TCA,repo_search,TCA;The Composable Architecture,758969469,tpal-dev/RickAndMortyApi,RickAndMortyApi,Proof of Concept (PoC) SwiftUI + TCA (The Composable Architecture) app that fetches information about Rick and Morty characters from an external API,"composable-architecture,restful-api,rick-and-morty,rickandmortyapi,swiftui",0,0,0,0,Swift,2024-02-17T15:56:09Z,2024-02-19T09:05:04Z,https://github.com/tpal-dev/RickAndMortyApi
TCA,repo_search,TCA,1152269946,atacan/UsefulThingsPointFree,UsefulThingsPointFree,"Swift dependencies & TCA utilities for macOS/iOS — accessibility, clipboard, file panels, speech recognition, system sounds, notifications,   and more, all in one package.","ios,macos,swift-composable-architecture,swift-dependencies,swiftui",0,0,0,0,Swift,2026-02-07T16:20:13Z,2026-02-28T19:07:36Z,https://github.com/atacan/UsefulThingsPointFree
TCA,repo_search,TCA;The Composable Architecture,1140084669,rudrigaum/PureHabits,PureHabits,"A modular iOS Habit Tracker built with SwiftUI and The Composable Architecture (TCA), focusing on unidirectional data flow, modern concurrency, and Swift Testing.",,0,0,0,0,Swift,2026-01-22T20:06:15Z,2026-05-12T08:34:04Z,https://github.com/rudrigaum/PureHabits
TCA,repo_search,TCA,1227083854,TiagoAlmeida1989/CatBreeds,CatBreeds,"iOS app built with SwiftUI and TCA to explore cat breeds using The Cat API. Includes search, favorites, offline support and modular architecture.",,0,0,0,0,Swift,2026-05-02T07:14:58Z,2026-05-03T08:58:55Z,https://github.com/TiagoAlmeida1989/CatBreeds
TCA,repo_search,TCA,1151553375,leoho0722/agentic-coding-usage-app,agentic-coding-usage-app,A native macOS App and CLI to monitor usage quotas for Agentic Coding Tools.,"agentic-coding,macos,side-project,swift,swiftui,tca",0,0,0,0,Swift,2026-02-06T15:59:22Z,2026-04-01T16:23:13Z,https://github.com/leoho0722/agentic-coding-usage-app
TCA,repo_search,TCA,814104933,rcasanovan/astropics,astropics,This demo implements a very simple app to show the last seven(7) days pictures / videos from NASA using TCA.,"nasa,nasa-api,nasa-apod,swift,swiftui,tca,thecomposablearchitecture",0,0,0,0,Swift,2024-06-12T10:53:03Z,2025-03-17T01:20:43Z,https://github.com/rcasanovan/astropics
TCA,repo_search,TCA,864609378,rcasanovan/SwiftData,SwiftData,This demo implements a very simple app to manage simple task using SwiftData to store the information using TCA.,"snapshot-testing,snapshot-tests,swift,swiftdata,swiftformat,swiftui,tca,thecomposablearchitecture,unittest,unittesting",0,0,0,0,Swift,2024-09-28T17:13:34Z,2024-12-13T14:20:18Z,https://github.com/rcasanovan/SwiftData
TCA,repo_search,TCA,1052747909,LukaSalopek/SwiftQuizApp,SwiftQuizApp,"A SwiftUI quiz app built with TCA architecture ; choose categories, answer 10 questions, and track stats like longest streak, quizzes played, and total correct answers.",,0,0,0,0,Swift,2025-09-08T13:48:26Z,2025-09-08T13:53:36Z,https://github.com/LukaSalopek/SwiftQuizApp
TCA,repo_search,TCA;The Composable Architecture,890436914,Hasan-codeislife/SurveyApp,SurveyApp,"An interactive, dynamic survey application built with SwiftUI and powered by The Composable Architecture (TCA), demonstrating robust state management, API handling, and test-driven development.",,0,0,0,0,Swift,2024-11-18T15:08:06Z,2025-01-21T13:09:52Z,https://github.com/Hasan-codeislife/SurveyApp
TCA,repo_search,TCA;The Composable Architecture,1064387970,kevinjay123/StarluxCalendar,StarluxCalendar,"A modern SwiftUI project for flight date and price calendar selection, built with the Composable Architecture (TCA) and best practices for scalable state management and API integration.",,0,0,0,0,Swift,2025-09-26T00:58:07Z,2026-03-17T06:41:33Z,https://github.com/kevinjay123/StarluxCalendar
TCA,repo_search,TCA;The Composable Architecture,1230791149,ArmenakGaloyan/Chartz,Chartz,"Crypto tracker: SwiftUI + TCA demo app showcasing The Composable Architecture, SwiftNavigation, @DependencyClient, and async/await Effects. Built as a technical reference for clean UDF architecture on iOS.",,0,0,0,0,Swift,2026-05-06T10:21:06Z,2026-05-06T10:21:13Z,https://github.com/ArmenakGaloyan/Chartz
TCA,repo_search,TCA,968503045,TarkWight/BookClub.old,BookClub.old,,"coredata,ios,localization,swift-concurrency,swift6,swiftui,tca,url-session",0,0,0,0,Swift,2025-04-18T07:39:39Z,2025-05-29T06:46:41Z,https://github.com/TarkWight/BookClub.old
TCA,repo_search,TCA;The Composable Architecture,960340072,rcasanovan/DuckFence,DuckFence,"a privacy-focused web browser demo designed to allow users to navigate across different domains and apply protection rules to prevent tracking built with Swift and SwiftUI, leveraging a modular architecture using The Composable Architecture (TCA).","composable-architecture,ios,ios-app,ios-swift,swift,swift6,swiftdata,swiftui,tca,tracker,tracker-radar,xcode16",0,0,0,0,Swift,2025-04-04T09:09:39Z,2025-05-14T12:00:57Z,https://github.com/rcasanovan/DuckFence
TCA,repo_search,TCA;The Composable Architecture,1128523916,devkilyungi/Counter,Counter,"A small SwiftUI counter app built with The Composable Architecture (TCA). It has a single CounterFeature reducer with increment/decrement, a timer driven by continuousClock, and a cat‑fact fetch via an injected FactClient, plus tests using the Testing framework.",,0,0,0,0,Swift,2026-01-05T19:07:46Z,2026-01-09T18:41:39Z,https://github.com/devkilyungi/Counter
TCA,repo_search,TCA,512137676,RyogaBarbie/swift-concurrency-github-clinet,swift-concurrency-github-clinet,[このコードはConcurrencyへの理解度が低い状態で昔書いたコードです]状態管理ライブラリ(ActomatonやTCAなど)を導入せずにベタなSwiftConcurrency(EffectManagerなど)とSwiftUIを使用したgithub client,,0,0,0,0,Swift,2022-07-09T08:48:49Z,2023-05-02T06:52:28Z,https://github.com/RyogaBarbie/swift-concurrency-github-clinet
TCA,readme_search,TCA,1052370610,armin976/noema-ios,noema-ios,Noema iOS app source files,,0,0,0,0,,,,https://github.com/armin976/noema-ios
TCA,readme_search,TCA,1183548800,zerolabsco/hutch,hutch,an ios client for sourcehut,,0,0,0,0,,,,https://github.com/zerolabsco/hutch
TCA,readme_search,TCA,1057337911,julion2/durian,durian,"Vim-keyed, Pkl-driven email client for macOS. Use it from the terminal, in a native app, or both.",,0,0,0,0,,,,https://github.com/julion2/durian
TCA,readme_search,TCA,1124933135,shipshitdev/meterbar.app,meterbar.app,Track your AI coding assistant usage limits from the macOS menu bar,,0,0,0,0,,,,https://github.com/shipshitdev/meterbar.app
TCA,readme_search,TCA,685701175,gohanlon/swift-memberwise-init-macro,swift-memberwise-init-macro,"Swift Macro for memberwise initializers at any access level, with default values and compile-time safety.",,0,0,0,0,,,,https://github.com/gohanlon/swift-memberwise-init-macro
TCA,readme_search,TCA,1046554536,jedisct1/ipcrypt-swift,ipcrypt-swift,Swift implementation of IP address encryption methods (ipcrypt),,0,0,0,0,,,,https://github.com/jedisct1/ipcrypt-swift
TCA,readme_search,TCA,965506711,zxcvbnmzsedr/devhaven,devhaven,,,0,0,0,0,,,,https://github.com/zxcvbnmzsedr/devhaven
TCA,repo_search,The Composable Architecture,348515395,pointfreeco/isowords,isowords,Open source game built in SwiftUI and the Composable Architecture.,"game,ios,swift-composable-architecture,swiftui",2971,250,2971,9,Swift,2021-03-16T22:58:21Z,2026-05-12T04:07:20Z,https://github.com/pointfreeco/isowords
TCA,repo_search,The Composable Architecture,369953979,uwaisalqadri/Giffy,Giffy,"GIF app build with The Composable Architecture, XcodeGen, and Generic Protocol","composable-architecture,coredata,modularization,protocol-oriented-programming,swiftui,swinject,xcodegen",68,5,68,0,Swift,2021-05-23T03:42:51Z,2026-03-19T22:19:46Z,https://github.com/uwaisalqadri/Giffy
TCA,repo_search,The Composable Architecture,360668433,chris-swift-dev/TheComposableArchitecture-Xcode-Template,TheComposableArchitecture-Xcode-Template,🚀 Xcode template for The Composable Architecture (SwiftUI),"composable-architecture,ios,swift,swiftui,xcode-templates",30,7,30,0,Swift,2021-04-22T20:05:42Z,2025-10-02T04:13:19Z,https://github.com/chris-swift-dev/TheComposableArchitecture-Xcode-Template
TCA,repo_search,The Composable Architecture,714459616,bradhowes/AUv3Controls,AUv3Controls,SwiftUI knob and toggle for use with AUv3 components. Uses The Composable Architecture by Point-Free,,17,1,17,0,Swift,2023-11-04T22:51:35Z,2026-03-31T08:21:33Z,https://github.com/bradhowes/AUv3Controls
TCA,repo_search,The Composable Architecture,280691683,MoralAlberto/FillTheGaps,FillTheGaps,iOS App to create events in your calendar with PointFree Swift Composable Architecture,"calendar,events,swift,swift-composable-architecture,swiftui,xcode12",12,0,12,0,Swift,2020-07-18T16:09:34Z,2025-11-14T16:01:55Z,https://github.com/MoralAlberto/FillTheGaps
TCA,repo_search,The Composable Architecture,768855720,jonnyholland/ComposableArchitecturePattern,ComposableArchitecturePattern,The Composable Architecture Pattern is designed to help you make your projects more composable without compromising your freedom with use of other architectures or systems.,"architecture,cap,composability,composable,scalable,scalable-applications,scalable-architecture,sustainability,sustainable-development,sustainable-software,swift,swiftui",7,0,7,0,Swift,2024-03-07T21:27:21Z,2026-05-01T01:33:15Z,https://github.com/jonnyholland/ComposableArchitecturePattern
TCA,repo_search,The Composable Architecture,512283441,hadiidbouk/Vulcan,Vulcan,Vulcan is a video editing macOS application built using SwiftUI and The Composable Architecture.,"macos,movie,movie-maker,swift,swiftui,video,video-editing,video-editor,video-player,video-processing",7,1,7,8,Swift,2022-07-09T20:52:20Z,2026-04-09T18:29:31Z,https://github.com/hadiidbouk/Vulcan
TCA,repo_search,The Composable Architecture,445286826,thetealpickle/superhero-composable-watch-app,superhero-composable-watch-app,[EXPERIMENT] A superhero themed experiment using the swift composable architecture on a SwiftUI/Combine iOS app and Watch extension,"combine,ios,swift-composable-architecture,swiftui,the-composable-architecture,watchos",4,0,4,0,Swift,2022-01-06T19:26:47Z,2023-02-08T12:36:25Z,https://github.com/thetealpickle/superhero-composable-watch-app
TCA,repo_search,The Composable Architecture,708838806,byUmit/BookListApp,BookListApp,Sample book list app developed using The Composable Architecture and swiftUI,,4,1,4,0,Swift,2023-10-23T13:47:15Z,2025-03-10T14:08:18Z,https://github.com/byUmit/BookListApp
TCA,repo_search,The Composable Architecture,290966168,dduan/CoverMaker,CoverMaker,"A small macOS that generates YouTube video thumbnails from metadata, built with SwiftUI and The Composable Architecture",,4,1,4,0,Swift,2020-08-28T06:13:32Z,2025-04-30T14:15:01Z,https://github.com/dduan/CoverMaker
TCA,repo_search,The Composable Architecture,405698810,y-okudera/SwiftUIComposableArchitecture,SwiftUIComposableArchitecture,The Composable Architecture used in SwiftUI.,,2,0,2,0,Swift,2021-09-12T16:48:47Z,2022-03-03T00:22:30Z,https://github.com/y-okudera/SwiftUIComposableArchitecture
TCA,repo_search,The Composable Architecture,688665890,tornikegomareli/Composable2048,Composable2048,"Popular 2048 Game, built with Functional Style, SwiftUI and The Composable Architecture by PointFree.",,1,0,1,0,Swift,2023-09-07T20:52:05Z,2025-02-21T19:28:25Z,https://github.com/tornikegomareli/Composable2048
TCA,repo_search,The Composable Architecture,490578620,sapphireinruby/Mastermind_with_SwiftUI,Mastermind_with_SwiftUI,For exploring SwiftUI and The Composable Architecture for iOS app development.,,1,0,1,0,Swift,2022-05-10T06:59:10Z,2022-05-11T09:24:35Z,https://github.com/sapphireinruby/Mastermind_with_SwiftUI
TCA,repo_search,The Composable Architecture,595647779,swift-man/LaunchingView,LaunchingView,This is a SwiftUI view based on The The Composable Architecture.,,1,0,1,0,Swift,2023-01-31T14:24:41Z,2025-10-17T08:38:26Z,https://github.com/swift-man/LaunchingView
TCA,repo_search,The Composable Architecture,776496887,terlan98/game-of-thrones-wiki,game-of-thrones-wiki,"An app that I built while learning The Composable Architecture for iOS. You can explore Game of Thrones characters, fetch random quotes and create a list of favorite characters.","game-of-thrones,ios,swiftui,the-composable-architecture",1,0,1,0,Swift,2024-03-23T17:11:13Z,2024-06-17T13:00:35Z,https://github.com/terlan98/game-of-thrones-wiki
TCA,repo_search,The Composable Architecture,608552646,meetAhmed/The-Composable-Architecture,The-Composable-Architecture,The Composable Architecture in SwiftUI.,,0,0,0,0,Swift,2023-03-02T08:57:55Z,2023-03-02T08:59:51Z,https://github.com/meetAhmed/The-Composable-Architecture
TCA,repo_search,The Composable Architecture,736407803,mculha/SwiftUI-The-Composable-Architecture,SwiftUI-The-Composable-Architecture,,,0,0,0,0,Swift,2023-12-27T20:27:19Z,2024-02-07T20:27:43Z,https://github.com/mculha/SwiftUI-The-Composable-Architecture
TCA,repo_search,The Composable Architecture,299880700,yoshimin/ComposableArchitectureDemo,ComposableArchitectureDemo,A demo project for The Composable Architecture with SwiftUI,,0,0,0,0,Swift,2020-09-30T10:11:39Z,2020-10-02T04:31:29Z,https://github.com/yoshimin/ComposableArchitectureDemo
TCA,repo_search,ComposableArchitecture;The Composable Architecture,424704109,HiramCM/ComposableArchitecture,ComposableArchitecture,This demo is to demonstrate the composable architecture using SwiftUI and Combine,,0,0,0,0,Swift,2021-11-04T18:46:04Z,2021-11-08T22:17:09Z,https://github.com/HiramCM/ComposableArchitecture
TCA,repo_search,The Composable Architecture,582310176,168-7cm/swift-composable-architecture-sample,swift-composable-architecture-sample,SwiftUI × The Composable Architecture,,0,0,0,0,Swift,2022-12-26T12:18:56Z,2023-01-05T02:58:10Z,https://github.com/168-7cm/swift-composable-architecture-sample
TCA,repo_search,The Composable Architecture,1052296386,PPSpiderman/Brainrot,Brainrot,iOS SwiftUI app using The Composable Architecture,,0,0,0,0,Swift,2025-09-07T19:55:44Z,2025-09-07T19:55:59Z,https://github.com/PPSpiderman/Brainrot
TCA,repo_search,The Composable Architecture,870703321,jozomostarac/weather_and_stories,weather_and_stories,SwiftUI and The Composable Architecture example app,,0,0,0,0,Swift,2024-10-10T14:12:04Z,2024-10-31T13:56:20Z,https://github.com/jozomostarac/weather_and_stories
TCA,repo_search,The Composable Architecture,624796147,pilotns/SetGame,SetGame,SetGame implementation using SwiftUI and The Composable Architecture approach,,0,0,0,0,Swift,2023-04-07T09:23:31Z,2023-04-07T09:38:30Z,https://github.com/pilotns/SetGame
TCA,repo_search,The Composable Architecture,868621089,drewalth/composable-core-location,composable-core-location,A library that bridges Core Location with the Composable Architecture v1.15.0,"composable-architecture,core-location,ios,macos,swift,swiftui",0,0,0,0,Swift,2024-10-06T20:55:27Z,2024-10-11T17:20:40Z,https://github.com/drewalth/composable-core-location
TCA,repo_search,The Composable Architecture,739563581,risinggalaxy/swift-snaps,swift-snaps,A simple (Demo) News made with SwiftUI and the Swift Composable Architecture,,0,0,0,0,Swift,2024-01-05T21:53:42Z,2024-01-05T21:59:32Z,https://github.com/risinggalaxy/swift-snaps
TCA,repo_search,The Composable Architecture,600771530,Thieurom/Landmarks,Landmarks,"A rebuild of Apple's ""Landmarks"" application using the Composable Architecture.","ios,spm,swift,swiftui,the-composable-architecture",0,0,0,0,Swift,2023-02-12T14:56:20Z,2026-04-09T08:51:33Z,https://github.com/Thieurom/Landmarks
TCA,repo_search,The Composable Architecture,978265861,KotaMorikawa/book-ocr-demo,book-ocr-demo,SwiftUIとThe Composable Architectureを使用した書籍OCRアプリケーション,,0,0,0,0,Swift,2025-05-05T18:10:34Z,2025-05-05T18:12:31Z,https://github.com/KotaMorikawa/book-ocr-demo
TCA,repo_search,The Composable Architecture,910613928,sbeitzel/SDTCARFDemo,SDTCARFDemo,"Demo application using SwiftData, SwiftUI, and The Composable Architecture to work on documents, not iCloud.",,0,0,0,0,Swift,2024-12-31T20:20:52Z,2024-12-31T20:26:59Z,https://github.com/sbeitzel/SDTCARFDemo
TCA,repo_search,The Composable Architecture,794405809,rmaniaci/BowlScore,BowlScore,Tracks the score of a single game of bowling using an application written in SwiftUI and The Composable Architecture.,,0,0,0,0,Swift,2024-05-01T04:43:48Z,2024-05-01T04:46:54Z,https://github.com/rmaniaci/BowlScore
TCA,repo_search,The Composable Architecture,288262626,ErikTollefsrud/GoL,GoL,iOS implementation of Conway's Game of Life. This project uses SwiftUI and the Composable Architecture from PointFree.,,0,0,0,0,Swift,2020-08-17T18:58:22Z,2020-08-17T19:27:29Z,https://github.com/ErikTollefsrud/GoL
TCA,repo_search,The Composable Architecture,807944751,takasurazeem/MoviesApp,MoviesApp,Redux implementation on a real project. LinkedIn Learning Course: https://www.linkedin.com/learning/composable-swiftui-architecture-using-redux-2-building-the-app/,,0,0,0,0,Swift,2024-05-30T04:47:07Z,2024-05-30T04:47:13Z,https://github.com/takasurazeem/MoviesApp
TCA,repo_search,The Composable Architecture,509093916,tobitech/ConciseForms,ConciseForms,"Forms and settings screens in applications display lots of editable data at once, but due to how the Composable Architecture is designed this can lead to some boilerplate. We show how to fix this deficiency and make the Composable Architecture as concise as vanilla SwiftUI applications.",,0,0,0,0,Swift,2022-06-30T13:34:19Z,2022-06-30T13:34:26Z,https://github.com/tobitech/ConciseForms
TCA,repo_search,The Composable Architecture,763241427,seagullman/simple-timer,simple-timer,"Simple Timer is an app that will contain multiple different types of timers (count up, count down etc.). This is written using SwiftUI and The Composable Architecture.",,0,0,0,0,Swift,2024-02-25T22:41:51Z,2024-02-25T22:43:59Z,https://github.com/seagullman/simple-timer
TCA,repo_search,The Composable Architecture,1054747428,maheshGubbi/bookfinder-app,bookfinder-app,"📚 BookFinder App – Native Android (Kotlin + Jetpack Compose) and iOS (Swift + SwiftUI) app to search, explore, and save books using the Open Library API. Built with MVVM + Clean Architecture, local database (Room/Core Data), pagination, pull-to-refresh, and animations",,0,0,0,0,Swift,2025-09-11T09:21:19Z,2025-09-12T06:17:49Z,https://github.com/maheshGubbi/bookfinder-app
TCA,repo_search,ComposableArchitecture,402468786,darrarski/swift-composable-presentation,swift-composable-presentation,Navigation helpers for SwiftUI applications built with ComposableArchitecture,"architecture,composable-architecture,ios,navigation,presentation,swift,swiftui",73,4,73,1,Swift,2021-09-02T15:19:44Z,2025-10-23T11:57:23Z,https://github.com/darrarski/swift-composable-presentation
TCA,repo_search,ComposableArchitecture,294535800,darrarski/WallpapersStudio-iOS,WallpapersStudio-iOS,Convert photos into wallpapers - iOS application build with SwiftUI and ComposableArchitecture,"composable-architecture,image-processing,ios-app,swift,wallpaper-app",42,9,42,0,Swift,2020-09-10T22:26:04Z,2024-07-09T01:17:20Z,https://github.com/darrarski/WallpapersStudio-iOS
TCA,repo_search,ComposableArchitecture,348295793,yoshimin/NearbyInteractionDemo,NearbyInteractionDemo,NearbyInteraction Framework  x ComposableArchitecture x SwiftUI,,7,0,7,0,Swift,2021-03-16T09:59:43Z,2025-06-16T14:35:06Z,https://github.com/yoshimin/NearbyInteractionDemo
TCA,repo_search,ComposableArchitecture,540324875,Yurii-ios/SwiftUI-ComposableArchitecture,SwiftUI-ComposableArchitecture,This project describes how to work with Composable architecture using SwiftUI,,2,0,2,0,Swift,2022-09-23T07:20:09Z,2023-02-05T07:41:43Z,https://github.com/Yurii-ios/SwiftUI-ComposableArchitecture
TCA,repo_search,ComposableArchitecture,253558175,leonardo-ferreira07/GitHubRepos-ComposableArchitecture,GitHubRepos-ComposableArchitecture,A small app created with SwiftUI for you to be able to search for GitHub repositories.,,2,0,2,0,Swift,2020-04-06T16:42:21Z,2024-09-10T05:01:44Z,https://github.com/leonardo-ferreira07/GitHubRepos-ComposableArchitecture
TCA,repo_search,ComposableArchitecture,482928310,panviktor/WhereIsWeather,WhereIsWeather,"ComposableArchitecture, MapKit, SwiftUI",,1,0,1,0,Swift,2022-04-18T17:05:39Z,2022-11-10T08:03:44Z,https://github.com/panviktor/WhereIsWeather
TCA,repo_search,ComposableArchitecture,994901318,TolgaTaner/ComposableArchitecture,ComposableArchitecture,A short example of Composable Architecture in SwiftUI.,,0,0,0,0,Swift,2025-06-02T16:53:03Z,2025-09-17T00:47:06Z,https://github.com/TolgaTaner/ComposableArchitecture
TCA,repo_search,ComposableArchitecture,472038433,swziy/artist-hub-swift-ui,artist-hub-swift-ui,iOS app written in SwiftUI & ComposableArchitecture ,,0,0,0,0,Swift,2022-03-20T16:34:37Z,2022-04-09T18:01:58Z,https://github.com/swziy/artist-hub-swift-ui
MV,repo_search,MV,203359838,kudoleh/iOS-Clean-Architecture-MVVM,iOS-Clean-Architecture-MVVM,"Template iOS app using Clean Architecture and MVVM. Includes DIContainer, FlowCoordinator, DTO, Response Caching and one of the views in SwiftUI ","architecture,clean-architecture,ios-swift,mvvm,mvvm-architecture,mvvm-ios,swiftui,viewmodel,viewmodels,xcode",4365,725,4365,10,Swift,2019-08-20T11:11:19Z,2026-05-12T06:34:00Z,https://github.com/kudoleh/iOS-Clean-Architecture-MVVM
MV,repo_search,MV,190473015,kitasuke/SwiftUI-MVVM,SwiftUI-MVVM,Sample iOS project built by SwiftUI + MVVM and Combine framework using GitHub API,,806,78,806,1,Swift,2019-06-05T21:46:32Z,2026-05-11T05:20:41Z,https://github.com/kitasuke/SwiftUI-MVVM
MV,repo_search,MV,282316089,jasonjrr/MVVM.Demo.SwiftUI,MVVM.Demo.SwiftUI,,,649,50,649,0,Swift,2020-07-24T21:06:52Z,2026-05-08T16:08:55Z,https://github.com/jasonjrr/MVVM.Demo.SwiftUI
MV,repo_search,MV,246861001,V8tr/ModernMVVM,ModernMVVM,"A movie iOS app built with the MVVM architecture, Combine and SwiftUI frameworks https://www.vadimbulavin.com/modern-mvvm-ios-app-architecture-with-combine-and-swiftui/.","combine,ios,mvvm,swift,swiftui",473,41,473,7,Swift,2020-03-12T14:53:38Z,2026-04-14T23:01:24Z,https://github.com/V8tr/ModernMVVM
MV,repo_search,MV,368056656,huynguyencong/SwiftUI-MVVM-C,SwiftUI-MVVM-C,"An iOS template project using SwiftUI, Combine and MVVM-C software architecture","combine,coordinator,mvvm,swiftui",200,29,200,1,Swift,2021-05-17T04:40:51Z,2026-05-12T10:05:24Z,https://github.com/huynguyencong/SwiftUI-MVVM-C
MV,repo_search,MV,370168841,SwiftfulThinking/SwiftUI-Crypto-MVVM-CoreData-Combine,SwiftUI-Crypto-MVVM-CoreData-Combine,"Full source code for the SwiftUI Crypto App. The complete tutorial is available for free on my YouTube channel @SwiftfulThinking. The project uses MVVM Architecture, CoreData and Combine. Live cryptocurrency data is downloaded from CoinGecko API.",,153,22,153,1,Swift,2021-05-23T22:22:22Z,2026-04-15T08:17:27Z,https://github.com/SwiftfulThinking/SwiftUI-Crypto-MVVM-CoreData-Combine
MV,repo_search,MV,637045640,kudoleh/iOS-Clean-Architecture-MVVM-Views-In-Code,iOS-Clean-Architecture-MVVM-Views-In-Code,"Template iOS app using Clean Architecture, MVVM and Views written in code. Includes DIContainer, FlowCoordinator, DTO, Response Caching and one of the views in SwiftUI ",,105,10,105,1,Swift,2023-05-06T10:38:44Z,2026-05-12T10:06:20Z,https://github.com/kudoleh/iOS-Clean-Architecture-MVVM-Views-In-Code
MV,repo_search,MV,250414951,MeTazz1/SwiftUI-Template-MVVM,SwiftUI-Template-MVVM,"A ready-to-use SwiftUI MVVM template to use when creating a new project, including Core Data and standard App Configuration",,82,13,82,1,Swift,2020-03-27T01:46:44Z,2025-12-27T05:16:34Z,https://github.com/MeTazz1/SwiftUI-Template-MVVM
MV,repo_search,MV,407038697,VAnsimov/MVI-SwiftUI,MVI-SwiftUI,,,81,7,81,0,Swift,2021-09-16T05:53:22Z,2026-05-04T19:32:11Z,https://github.com/VAnsimov/MVI-SwiftUI
MV,repo_search,MV,541942594,MostafaNafie/swiftui-mvvm-di,swiftui-mvvm-di,A Modular SwiftUI iOS app with MVVM architecture utilizing IoC and DI.,"coordinator-pattern,dependency-injection,ios,modular,modularization,mvvm,search,swift,swiftui,swinject",79,11,79,1,Swift,2022-09-27T06:47:29Z,2026-03-14T11:34:38Z,https://github.com/MostafaNafie/swiftui-mvvm-di
MV,repo_search,MV,345203280,SwiftfulThinking/SwiftUI-Todo-List-MVVM-UserDefaults,SwiftUI-Todo-List-MVVM-UserDefaults,Full source code for the SwiftUI Todo List. The complete tutorial is available for free on my YouTube channel @SwiftfulThinking. The project uses MVVM architecture and UserDefaults to persist data.,,71,13,71,0,Swift,2021-03-06T21:55:07Z,2025-08-19T11:25:13Z,https://github.com/SwiftfulThinking/SwiftUI-Todo-List-MVVM-UserDefaults
MV,repo_search,MV,209666691,giftbott/MVVM-in-SwiftUI,MVVM-in-SwiftUI,MVVM in SwiftUI (WWDC Player),"mvvm,swiftui,swiftuiexample,wwdcplayer",66,8,66,0,Swift,2019-09-19T23:39:27Z,2026-02-25T20:58:28Z,https://github.com/giftbott/MVVM-in-SwiftUI
MV,repo_search,MV,727694094,rushisangani/SwiftMVVMDemo,SwiftMVVMDemo,Swift + MVVM + XCTests + SOLID + SwiftPackage,"async-await,combine,combine-framework,coordinator-pattern,ios-swift,mvvm-architecture,mvvm-ios,solid-principles,swift,swiftpackage,swiftui,swiftui-example,unittest,xctests",65,14,65,0,Swift,2023-12-05T11:38:46Z,2026-04-23T21:27:10Z,https://github.com/rushisangani/SwiftMVVMDemo
MV,repo_search,MV,817589486,nazmulkp/Clean-Architecture-Swiftui-MVVM,Clean-Architecture-Swiftui-MVVM,"SwiftUI sample app using Clean Architecture. Examples of working with local and remote data, dependency injection, unit testing, and more.","clean-architecture,dependency-injection,ios,modularity,mvvm,mvvm-architecture,swift,swiftui",59,10,59,0,Swift,2024-06-20T03:43:08Z,2026-04-25T10:28:55Z,https://github.com/nazmulkp/Clean-Architecture-Swiftui-MVVM
MV,repo_search,MV,258340202,Lascorbe/SwiftUI-MVP-Coordinator,SwiftUI-MVP-Coordinator,Project showing an implementation of MVP + Coordinator in SwiftUI,,58,4,58,0,Swift,2020-04-23T21:56:41Z,2024-10-09T20:40:47Z,https://github.com/Lascorbe/SwiftUI-MVP-Coordinator
MV,repo_search,MV,242413689,denissimon/iOS-MVVM-Clean-Architecture,iOS-MVVM-Clean-Architecture,Example iOS app designed using MVVM-C and Clean Architecture. Uses Swift Concurrency.,"app,architecture,async-await,clean-architecture,clean-code,coordinator,demo-app,interactor,ios,ios-app,mvvm,mvvm-architecture,mvvm-c,sqlite,swift,swift-concurrency,swift6,swiftui,viewmodel,xcode",58,12,58,0,Swift,2020-02-22T21:23:56Z,2026-04-07T09:05:25Z,https://github.com/denissimon/iOS-MVVM-Clean-Architecture
MV,repo_search,MV,767338910,pitt500/OnlineStoreMV,OnlineStoreMV,App that demonstrate the implementation of MV Pattern in SwiftUI,,55,8,55,0,Swift,2024-03-05T05:36:59Z,2026-04-02T08:27:02Z,https://github.com/pitt500/OnlineStoreMV
MV,repo_search,MV,381460066,zafarivaev/swiftui-mvvm-clean,swiftui-mvvm-clean,Sample app showcasing usage of Clean MVVM architecture in SwiftUI and Combine. Written for a Medium tutorial.,"clean-architecture,combine,mvvm,swift,swiftui",48,16,48,0,Swift,2021-06-29T18:24:10Z,2025-07-24T16:11:54Z,https://github.com/zafarivaev/swiftui-mvvm-clean
MV,repo_search,MV,472107584,SwiftfulThinking/SwiftfUI-Map-App-MVVM,SwiftfUI-Map-App-MVVM,Full source code for the SwiftUI Map App. The complete tutorial is available for free on my YouTube channel @SwiftfulThinking. The project uses MVVM architecture and MapKit.,,47,4,47,2,Swift,2022-03-20T21:30:35Z,2026-04-23T07:39:12Z,https://github.com/SwiftfulThinking/SwiftfUI-Map-App-MVVM
MV,repo_search,MV,336081695,simanw/SwiftUI-MVVM-Demo,SwiftUI-MVVM-Demo,SwiftUI + MVVM + Combine,,46,4,46,1,Swift,2021-02-04T21:02:50Z,2026-04-30T01:56:40Z,https://github.com/simanw/SwiftUI-MVVM-Demo
MV,repo_search,MV,672634498,codeforany/Online_Groceries_Shop_App_with_MVVM_in_SwiftUI,Online_Groceries_Shop_App_with_MVVM_in_SwiftUI,,,43,25,43,1,Swift,2023-07-30T18:38:33Z,2026-02-28T06:54:13Z,https://github.com/codeforany/Online_Groceries_Shop_App_with_MVVM_in_SwiftUI
MV,repo_search,MV,492427539,cesmejia/SwiftUI-MVVM-CoreData-Async-Unit-Tests-Template,SwiftUI-MVVM-CoreData-Async-Unit-Tests-Template,"This is the default Xcode SwiftUI Core Data Template updated with: MVVM Architecture, Concurrency (Async/await) and Unit-Tests",,29,0,29,0,Swift,2022-05-15T08:19:03Z,2026-02-23T21:30:32Z,https://github.com/cesmejia/SwiftUI-MVVM-CoreData-Async-Unit-Tests-Template
MV,repo_search,MV,365364973,Ongomobile/Firebase-SwiftUI-MVVM,Firebase-SwiftUI-MVVM,,,28,2,28,0,Swift,2021-05-07T22:16:23Z,2025-09-19T09:42:23Z,https://github.com/Ongomobile/Firebase-SwiftUI-MVVM
MV,repo_search,MV,844787337,cesmejia/SwiftUI-Reactive-Clean-Architecture-MVVM,SwiftUI-Reactive-Clean-Architecture-MVVM,The simplest SwiftUI Reactive Clean Architecture MVVM Example with Composition Root and Coordinator Pattern Navigation with Unit Test,,27,1,27,0,Swift,2024-08-20T01:05:59Z,2026-04-18T18:34:51Z,https://github.com/cesmejia/SwiftUI-Reactive-Clean-Architecture-MVVM
MV,repo_search,MV,330656803,tigi44/CleanArchitectureWithMVVM,CleanArchitectureWithMVVM,"Clean Architecture With MVVM on iOS(using SwiftUI, Combine, SPM)","clean-architecture,combine,ios,mvvm-pattern,swift-package-manager,swiftui",25,8,25,0,Swift,2021-01-18T12:18:50Z,2025-12-21T08:45:39Z,https://github.com/tigi44/CleanArchitectureWithMVVM
MV,repo_search,MV,582007923,xtro/SwiftMVI,SwiftMVI,A lightweight MVI framework for Swift,"clean-architecture,combine,concurrency,concurrent-programming,framework,intent,mvi,mvi-architecture,state,swift,swift-package-manager,swift-packages,swift5,swiftui,unidirectional-data-flow",25,2,25,0,Swift,2022-12-25T09:24:50Z,2024-08-21T23:29:08Z,https://github.com/xtro/SwiftMVI
MV,repo_search,MV,196107450,kylealanhale/swiftui-rxswift-mvp,swiftui-rxswift-mvp,Demo app for connecting RxSwift to SwiftUI,,24,4,24,2,Swift,2019-07-10T01:20:51Z,2024-11-11T16:36:55Z,https://github.com/kylealanhale/swiftui-rxswift-mvp
MV,repo_search,MV,275527045,tirtavium/SwiftUI-Combine-CleanMVVM,SwiftUI-Combine-CleanMVVM,,"architecture,clean,clean-architecture,clean-code,combine,ios,mvvm-architecture,mvvm-pattern,note-app,swift,swiftui,unittest,vip,viper,viper-architecture,xcode",24,5,24,0,Swift,2020-06-28T07:01:25Z,2025-10-13T11:19:03Z,https://github.com/tirtavium/SwiftUI-Combine-CleanMVVM
MV,repo_search,MV,213363519,danielbastidasr/swiftui-mvvm,swiftui-mvvm,SwiftUI demo. Login View -> Tabbar with a list detail view,"mvvm-architecture,swiftui,swiftui-demo,swiftui-lists,swiftui-login,swiftui-mvvm,swiftui-state-management",22,5,22,0,Swift,2019-10-07T11:17:40Z,2025-11-15T09:03:20Z,https://github.com/danielbastidasr/swiftui-mvvm
MV,repo_search,MV,196064780,ryanashcraft/SwiftUI-TodoMVC,SwiftUI-TodoMVC,TodoMVC implemented in SwiftUI,,22,6,22,0,Swift,2019-07-09T18:47:54Z,2025-10-11T23:50:37Z,https://github.com/ryanashcraft/SwiftUI-TodoMVC
MV,repo_search,MV,635427854,TharinduKetipe/MVVMC-SwiftUI,MVVMC-SwiftUI,,,22,4,22,0,Swift,2023-05-02T17:11:04Z,2026-02-20T20:23:08Z,https://github.com/TharinduKetipe/MVVMC-SwiftUI
MV,repo_search,MV,191674033,akifumi/mvvm-with-combine-in-swiftui,mvvm-with-combine-in-swiftui,MVVM with Combine in SwiftUI,,22,3,22,0,Swift,2019-06-13T02:09:09Z,2023-08-22T02:28:07Z,https://github.com/akifumi/mvvm-with-combine-in-swiftui
MV,repo_search,MV,255323189,AnupAmmanavar/Mvi-SwiftUI,Mvi-SwiftUI,Mvi Architecture for SwiftUI Apps. MVI is a unidirectional data flow architecture.,"ios,mobile-architecture,mvi-architecture,swiftui",21,6,21,0,Swift,2020-04-13T12:41:42Z,2025-07-07T08:21:09Z,https://github.com/AnupAmmanavar/Mvi-SwiftUI
MV,repo_search,MV,382924404,tinhpv/clean-architecture-mvvm-swiftui,clean-architecture-mvvm-swiftui,"Implementation for Clean Architecture, MVVM","combine,mvvm,swift,swiftui",19,3,19,0,Swift,2021-07-04T18:41:17Z,2025-08-01T12:13:27Z,https://github.com/tinhpv/clean-architecture-mvvm-swiftui
MV,repo_search,MV,408234292,cipolleschi/MVVM,MVVM,A sample project to use a clean MVVM architecture with SwiftUI,,17,3,17,0,Swift,2021-09-19T20:52:56Z,2025-05-26T05:49:52Z,https://github.com/cipolleschi/MVVM
MV,repo_search,MV,233478210,farooq94/Combine-SwiftUI-MVVM,Combine-SwiftUI-MVVM,Dynamic List using SwiftUI / COMBINE / MVVM ,,17,2,17,0,Swift,2020-01-13T00:05:49Z,2024-12-02T00:51:37Z,https://github.com/farooq94/Combine-SwiftUI-MVVM
MV,repo_search,MV,450980404,camapblue/boilerplate-mvvm-swiftui,boilerplate-mvvm-swiftui,,,16,5,16,1,Swift,2022-01-23T01:51:32Z,2025-11-26T10:28:13Z,https://github.com/camapblue/boilerplate-mvvm-swiftui
MV,repo_search,MV,646125657,huyparody/CleanArchitecture-MVVM-C-SwiftUI,CleanArchitecture-MVVM-C-SwiftUI,Example of Clean Architecture iOS app using Combine and MVVM-C pattern in SwiftUI,"clean-architecture,clean-code,combine,depedency-injection,ios,swift,switfui",16,8,16,0,Swift,2023-05-27T11:17:55Z,2025-09-03T16:58:10Z,https://github.com/huyparody/CleanArchitecture-MVVM-C-SwiftUI
MV,repo_search,MV,752260211,siuzanna/Meditation-App-SwiftUI-MVVM,Meditation-App-SwiftUI-MVVM,"The Meditation App, developed using Swift and SwiftUI, MVVM, provides users with curated collections of meditations and categories. Its detailed views offer a deeper dive into each meditation, allowing users to access session details and listen to radio streams seamlessly.","grid-layout,ios,ios-app,meditation-app,mvvm,mvvm-architecture,radio,swift,swiftui,swiftui-components,swiftui-example,swiftui-learning",16,3,16,0,Swift,2024-02-03T14:08:18Z,2026-01-23T13:57:10Z,https://github.com/siuzanna/Meditation-App-SwiftUI-MVVM
MV,repo_search,MV;Model View;Model-View,958761960,appbeyond-io/ArchPatternWeather-iOS,ArchPatternWeather-iOS,Repository showing simple implementation on MV (Model-View) Pattern and MVVM (Model-View-ViewModel) Pattern in SwiftUI using weather forecast example,,16,1,16,0,Swift,2025-04-01T18:08:49Z,2026-02-26T06:14:50Z,https://github.com/appbeyond-io/ArchPatternWeather-iOS
MV,repo_search,MV,313883359,JohnYezub/NewsFeed_SwiftUI_MVVM,NewsFeed_SwiftUI_MVVM,"Simple SwiftUI app with Widgets and WatchOS. Example(demo), that displays list of US news for today (thanks https://newsapi.org/).","deeplinking,deeplinks,mvvm,mvvm-pattern,newsfeed,swiftui,swiftui-demo,swiftui-example,watchkit,watchos,widgetkit,widgets,xcode12",15,8,15,2,Swift,2020-11-18T09:25:02Z,2025-08-15T03:31:57Z,https://github.com/JohnYezub/NewsFeed_SwiftUI_MVVM
MV,repo_search,MV,839126433,AhmedMenaim/Modular-MoviesList-SwiftUI-MVVM,Modular-MoviesList-SwiftUI-MVVM,"Modular MoviesList App using SwiftUI, combine and MVVM with clean architecture.","caching,clean-architecture,combine,dependency-injection,ios,modularization,mvvm,network-layer,swift,swiftui",15,4,15,3,Swift,2024-08-07T02:56:36Z,2026-02-19T23:13:09Z,https://github.com/AhmedMenaim/Modular-MoviesList-SwiftUI-MVVM
MV,repo_search,MV,838301367,BerkaySancar/ShoppingApp-SwiftUI-MVVM,ShoppingApp-SwiftUI-MVVM,iOS 16+ Shopping App Demo with SwiftUI and MVVM architecture. API by DummyJSON.,"dummyjson,ios,mvvm,restapi,shopping,shopping-app,swiftui",14,3,14,0,Swift,2024-08-05T11:13:00Z,2025-12-11T02:54:51Z,https://github.com/BerkaySancar/ShoppingApp-SwiftUI-MVVM
MV,repo_search,MV,376993024,StewartLynch/SwufitUI-Validation-and-MVVM,SwufitUI-Validation-and-MVVM,Completed project for the video using MVVM and SwiftUI for field validation,,14,3,14,0,Swift,2021-06-15T00:40:40Z,2025-07-19T08:42:53Z,https://github.com/StewartLynch/SwufitUI-Validation-and-MVVM
MV,repo_search,MV,786232605,bahadirseyfi/SwiftUI-KMM-MVVM,SwiftUI-KMM-MVVM,"Simple App, Tech: SwifUI - MVVM - Kotlin Multi Platform - SwiftData | Mapkit, Swift Macros",swifui---mvvm-kotlin-multi-platform-swiftdata,13,0,13,0,Swift,2024-04-13T20:23:50Z,2026-04-09T15:55:02Z,https://github.com/bahadirseyfi/SwiftUI-KMM-MVVM
MV,repo_search,MV,191033888,dcordero/SwiftUI-MVP,SwiftUI-MVP,SwiftUI MVP Playground,,13,2,13,1,Swift,2019-06-09T17:10:10Z,2024-04-23T08:45:26Z,https://github.com/dcordero/SwiftUI-MVP
MV,repo_search,MV,475890158,indently/MVVMPokedex,MVVMPokedex,"Another Pokemon Pokedex written in vanilla SwiftUI, this time with MVVM",,13,3,13,0,Swift,2022-03-30T13:25:09Z,2025-01-03T06:42:50Z,https://github.com/indently/MVVMPokedex
MV,repo_search,MV;Model View;Model-View,1016354511,palKaran/mvi-pattern,mvi-pattern,"Complete SwiftUI MVI (Model-View-Intent) architecture implementation with Counter and Todo app examples. Features unidirectional data flow, predictable state management, and practical SwiftUI integration patterns.",,13,0,13,0,Swift,2025-07-08T22:14:45Z,2026-05-07T17:27:39Z,https://github.com/palKaran/mvi-pattern
MV,repo_search,MV,269092936,billidani7/CaloriesMVVM,CaloriesMVVM,A simple demonstration of MVVM architecture in SwiftUI & Combine,,11,2,11,0,Swift,2020-06-03T13:17:01Z,2025-06-10T12:01:40Z,https://github.com/billidani7/CaloriesMVVM
MV,repo_search,MV,560488213,devmehmetates/MedExp-MVVM,MedExp-MVVM,This application was created to answer the question of how we can implement the MVVM design pattern in a testable way with SwiftUI.,,11,1,11,0,Swift,2022-11-01T15:59:23Z,2026-02-25T01:22:02Z,https://github.com/devmehmetates/MedExp-MVVM
MV,repo_search,MV,296003322,cicerocamargo/swiftui-mvvm,swiftui-mvvm,Exemplos de como implementar MVVM no iOS com SwiftUI + Combine,,10,4,10,0,Swift,2020-09-16T10:45:24Z,2024-07-09T15:17:33Z,https://github.com/cicerocamargo/swiftui-mvvm
MV,repo_search,MV,352613277,cicerocamargo/SwiftUI-MVVM-Coordinator,SwiftUI-MVVM-Coordinator,"A way to implement the Coordinator pattern with SwiftUI + MVVM, decoupling connected Views.",,10,5,10,0,Swift,2021-03-29T11:06:30Z,2024-06-19T00:51:00Z,https://github.com/cicerocamargo/SwiftUI-MVVM-Coordinator
MV,repo_search,MV,276616966,m4rr/iOS-macOS-MVVM-Demo,iOS-macOS-MVVM-Demo,"Example UIKit/SwiftUI Photo Lib app, built using MVVM architecture","catalyst,demo,example,ios,macos,mvvm,networking,swift,swiftui",9,2,9,0,Swift,2020-07-02T10:28:49Z,2024-11-13T14:39:01Z,https://github.com/m4rr/iOS-macOS-MVVM-Demo
MV,repo_search,MV,369256078,alizainprasla/MVVM-Combine-SwiftUI,MVVM-Combine-SwiftUI,"Binance app using SwiftUI, Combine and MVVM Design Pattern","combine,mvvm,swift,swiftui",8,3,8,0,Swift,2021-05-20T15:32:18Z,2025-10-05T00:46:37Z,https://github.com/alizainprasla/MVVM-Combine-SwiftUI
MV,repo_search,MV,440090801,jerryga/SwiftUI-MVVM-Combine,SwiftUI-MVVM-Combine,A demo demonstrates how to use combine and MVVM in the SwiftUI app.,,8,1,8,0,Swift,2021-12-20T08:11:29Z,2025-11-27T09:32:02Z,https://github.com/jerryga/SwiftUI-MVVM-Combine
MV,repo_search,MV;Model View;Model-View,592444879,Onaeem26/CoreDataMVVMSwiftUI,CoreDataMVVMSwiftUI,Implementing CoreData in SwiftUI project using Model View View-Model (MVVM) architecture.,,8,0,8,0,Swift,2023-01-23T18:43:33Z,2025-07-24T17:11:21Z,https://github.com/Onaeem26/CoreDataMVVMSwiftUI
MV,repo_search,MV,559914896,Abdulmoeezz/MVVM_SWIFTUI,MVVM_SWIFTUI,,,7,3,7,0,Swift,2022-10-31T11:16:43Z,2022-11-04T00:00:30Z,https://github.com/Abdulmoeezz/MVVM_SWIFTUI
MV,repo_search,MV,1079954776,matteom/SwiftDataMVVM,SwiftDataMVVM,A sample iOS app in SwiftUI showcasing the MVVM architectural pattern with SwiftData.,"dynamic-property,mvvm,mvvm-architecture,property-wrapper,swift,swiftdata,swiftui,unit-testing",7,0,7,0,Swift,2025-10-20T16:35:48Z,2026-04-29T05:12:35Z,https://github.com/matteom/SwiftDataMVVM
MV,repo_search,MV,825349987,ArunaUd92/MVVM-CleanArchitecture,MVVM-CleanArchitecture,"Template iOS app using Clean Architecture and MVVM. The app is built using SwiftUI and Combine. It includes the following components: UseCase, Repository, Network, and ViewModels, ensuring a modular, maintainable, and testable architecture.","clean-architecture,ios,mvvm,mvvm-architecture,swift,swiftui,viewmodel,xcode",7,1,7,0,Swift,2024-07-07T14:40:42Z,2025-06-29T04:20:56Z,https://github.com/ArunaUd92/MVVM-CleanArchitecture
MV,repo_search,MV,453098653,SimformSolutionsPvtLtd/SwiftUI-Combine-MVVM,SwiftUI-Combine-MVVM,,,6,3,6,1,Swift,2022-01-28T14:31:08Z,2025-04-10T05:10:07Z,https://github.com/SimformSolutionsPvtLtd/SwiftUI-Combine-MVVM
MV,repo_search,MV,250776029,holixfactory/RxSwift-MVVM-SwiftUI-SampleApp,RxSwift-MVVM-SwiftUI-SampleApp,,,6,4,6,0,Swift,2020-03-28T11:21:24Z,2025-05-11T13:55:16Z,https://github.com/holixfactory/RxSwift-MVVM-SwiftUI-SampleApp
MV,repo_search,MV,214985237,KamikazeZirou/SwiftUI-MVVM,SwiftUI-MVVM,,,6,2,6,1,Swift,2019-10-14T08:11:11Z,2023-10-26T11:22:35Z,https://github.com/KamikazeZirou/SwiftUI-MVVM
MV,repo_search,MV,273891642,kiratheone/SwiftUI-MVVM-Combine-FoodRecipes,SwiftUI-MVVM-Combine-FoodRecipes,"A Sample iOS project built using the MVVM design pattern, Combine, dependency injection, and SwiftUI Framework","combine,dependency-injection,ios,mvvm,sw,swiftui",6,1,6,0,Swift,2020-06-21T11:35:35Z,2025-05-22T22:49:02Z,https://github.com/kiratheone/SwiftUI-MVVM-Combine-FoodRecipes
MV,repo_search,MV,304669750,laurensnol/SwiftUI-MVVM-Example,SwiftUI-MVVM-Example,Fully working SwiftUI MVVM project with CoreData and One-To-Many relationship.,"coredata,mvvm,swiftui",6,1,6,0,Swift,2020-10-16T15:39:56Z,2025-01-16T17:38:37Z,https://github.com/laurensnol/SwiftUI-MVVM-Example
MV,repo_search,MV,232935133,dimzfresh/SwiftUI-MVVM-GraphQL,SwiftUI-MVVM-GraphQL,,,6,0,6,0,Swift,2020-01-10T00:49:28Z,2021-10-04T00:42:31Z,https://github.com/dimzfresh/SwiftUI-MVVM-GraphQL
MV,repo_search,MV,384995108,anhnc55/Combine-MVVM,Combine-MVVM,Sample project with Combine + SwiftUI/UIKit and MVVM architecture,,6,0,6,0,Swift,2021-07-11T16:14:58Z,2024-01-24T07:24:52Z,https://github.com/anhnc55/Combine-MVVM
MV,repo_search,MV,536871902,benlmyers/MVVM-SwiftUI,MVVM-SwiftUI,A simple SwiftUI MVVM multiplatform project template.,,5,4,5,0,Swift,2022-09-15T05:06:51Z,2025-01-17T01:27:40Z,https://github.com/benlmyers/MVVM-SwiftUI
MV,repo_search,MV,419301547,PacktPublishing/SwiftUI-Tic-Tac-Toe-Online-Multiplayer-Game-for-iOS-15-MVVM,SwiftUI-Tic-Tac-Toe-Online-Multiplayer-Game-for-iOS-15-MVVM,"SwiftUI Tic Tac Toe Online Multiplayer Game for iOS 15, MVVM, by Packt Publishing",,5,5,5,0,Swift,2021-10-20T11:29:04Z,2024-12-12T09:59:38Z,https://github.com/PacktPublishing/SwiftUI-Tic-Tac-Toe-Online-Multiplayer-Game-for-iOS-15-MVVM
MV,repo_search,MV,536061643,yoshiysh/swiftui_architecture_mvvm,swiftui_architecture_mvvm,,,5,0,5,2,Swift,2022-09-13T09:55:14Z,2023-09-04T15:41:54Z,https://github.com/yoshiysh/swiftui_architecture_mvvm
MV,repo_search,MV,616737468,doyeonjeong/SwiftUI-MVVM-Test,SwiftUI-MVVM-Test,MVVM DataFlow 파악을 위해 만들어 본 작은 예제 프로젝트,,5,1,5,0,Swift,2023-03-21T01:20:55Z,2024-10-11T00:49:43Z,https://github.com/doyeonjeong/SwiftUI-MVVM-Test
MV,repo_search,MV,887146719,heyflavio/SwiftUI-MVVM-C-Best-Practices,SwiftUI-MVVM-C-Best-Practices,,,5,0,5,0,Swift,2024-11-12T08:48:11Z,2026-02-18T11:21:40Z,https://github.com/heyflavio/SwiftUI-MVVM-C-Best-Practices
MV,repo_search,MV,300374852,theirfanshah/CookinSwiftUI-MVVM-tvOS,CookinSwiftUI-MVVM-tvOS,A Recipe App Written in SwiftUI Using TheMealDB APIs,,5,0,5,0,Swift,2020-10-01T18:01:26Z,2025-10-08T12:33:26Z,https://github.com/theirfanshah/CookinSwiftUI-MVVM-tvOS
MV,repo_search,MV,298387476,phetsana/BoardGameList-MVVM-Input-Output,BoardGameList-MVVM-Input-Output,Sample code exploring SwiftUI and Combine using MVVM architecture with inputs/outputs ViewModel,,5,1,5,0,Swift,2020-09-24T20:26:08Z,2025-12-22T02:06:11Z,https://github.com/phetsana/BoardGameList-MVVM-Input-Output
MV,repo_search,MV,819708472,giirugiru/MVVM-Combine-SwiftUI,MVVM-Combine-SwiftUI,,,4,4,4,0,Swift,2024-06-25T03:50:06Z,2024-09-18T18:20:33Z,https://github.com/giirugiru/MVVM-Combine-SwiftUI
MV,repo_search,MV,590193449,r3econ/swiftui-mvvm,swiftui-mvvm,SwiftUI iOS app showcasing MVVM architecture,"ios,mvvm,swift,swiftui",4,0,4,0,Swift,2023-01-17T21:15:42Z,2025-09-10T20:11:39Z,https://github.com/r3econ/swiftui-mvvm
MV,repo_search,MV,230575582,grinder81/SwiftUI-MVVM,SwiftUI-MVVM,,,4,0,4,0,Swift,2019-12-28T07:31:17Z,2023-04-11T05:48:26Z,https://github.com/grinder81/SwiftUI-MVVM
MV,repo_search,MV,197660874,CarlosLadd/KitsuMVVM,KitsuMVVM,Kitsu API with SwiftUI / MVVM,,4,1,4,0,Swift,2019-07-18T21:44:00Z,2020-09-09T15:20:58Z,https://github.com/CarlosLadd/KitsuMVVM
MV,repo_search,MV,869928865,Yoppei/swiftui-mvvm-clean-architecture-todo,swiftui-mvvm-clean-architecture-todo,ToDo - SwiftUI & Clean Architecture,,4,0,4,0,Swift,2024-10-09T06:31:59Z,2025-11-25T05:10:11Z,https://github.com/Yoppei/swiftui-mvvm-clean-architecture-todo
MV,repo_search,MV,422995619,ahmdmhasn/ModernMVVM-Combine-SwiftUI,ModernMVVM-Combine-SwiftUI,Demo implementing Modern MVVM with Combine and SwiftUI,"combine,swift,swiftui",4,0,4,0,Swift,2021-10-30T21:37:07Z,2024-01-22T12:03:12Z,https://github.com/ahmdmhasn/ModernMVVM-Combine-SwiftUI
MV,repo_search,MV,427288391,YounessHassoune/TodoList-MVVM-Swift,TodoList-MVVM-Swift,simple todolist with swiftui using mvvm architecture,"ios,mvvm,swift,swift5,swiftui,xcode",4,0,4,0,Swift,2021-11-12T08:40:29Z,2021-11-16T15:42:51Z,https://github.com/YounessHassoune/TodoList-MVVM-Swift
MV,repo_search,MV;Model View;Model-View,1045482323,kodlian/SwiftMVVM,SwiftMVVM,SwiftMVVM is a lightweight and pragmatic package for building SwiftUI applications using the Model–View–ViewModel (MVVM) architectural pattern.,,4,0,4,0,Swift,2025-08-27T08:40:11Z,2025-09-01T20:01:00Z,https://github.com/kodlian/SwiftMVVM
MV,repo_search,MV,590103042,raulpenya/iOS-DroneApp-Clean-Architecture-MVVM,iOS-DroneApp-Clean-Architecture-MVVM,"Template iOS app using Clean Architecture and MVVM. Includes dependency injection, repository pattern, module architecture, Combine & SwiftUI",,4,1,4,0,Swift,2023-01-17T17:01:08Z,2023-03-01T05:00:54Z,https://github.com/raulpenya/iOS-DroneApp-Clean-Architecture-MVVM
MV,repo_search,MV,752029429,BerkaySancar/CryptoApp-MVVM,CryptoApp-MVVM,Cryptocurrencies information app with Swift UIKit.,"cryptocurrency,firebase,firebaseremoteconfig,generics,mvvm,mvvm-c,rest-api,swift,swiftui,uikit",4,1,4,0,Swift,2024-02-02T21:18:53Z,2024-03-03T07:31:57Z,https://github.com/BerkaySancar/CryptoApp-MVVM
MV,repo_search,MV,541164690,sisoje/mv,mv,SwiftUI MV,,3,0,3,0,Swift,2022-09-25T12:30:49Z,2023-09-11T23:39:46Z,https://github.com/sisoje/mv
MV,repo_search,MV,250531293,mwaqasbhati/Weather-SwiftUI-MVVM,Weather-SwiftUI-MVVM,,,3,1,3,0,Swift,2020-03-27T12:41:34Z,2025-06-21T19:11:45Z,https://github.com/mwaqasbhati/Weather-SwiftUI-MVVM
MV,repo_search,MV;Model View;Model-View,273529185,AnjaliKevadiya/mvvm-swiftui,mvvm-swiftui,Simple project which describes how to use Codable protocol to fetch data from an API using Model-View-ViewModel design pattern in SwiftUI.,,3,0,3,0,Swift,2020-06-19T15:38:32Z,2022-07-02T12:55:17Z,https://github.com/AnjaliKevadiya/mvvm-swiftui
MV,repo_search,MV,619105144,sabihharis/SwiftUI-MVVM,SwiftUI-MVVM,,,3,0,3,0,Swift,2023-03-26T09:33:47Z,2023-04-01T06:20:10Z,https://github.com/sabihharis/SwiftUI-MVVM
MV,repo_search,MV,834800845,lukaszosiennik/swiftui-on-mvvmc,swiftui-on-mvvmc,SwiftUI on MVVM-C,"clean-architecture,clean-code,mvvm,mvvm-c,swiftui",3,1,3,0,Swift,2024-07-28T12:03:10Z,2026-03-08T16:28:42Z,https://github.com/lukaszosiennik/swiftui-on-mvvmc
MV,repo_search,MV,537682862,JK0369/ExMVVM-SwiftUI,ExMVVM-SwiftUI,,,3,1,3,0,Swift,2022-09-17T03:03:28Z,2024-04-18T07:50:42Z,https://github.com/JK0369/ExMVVM-SwiftUI
MV,repo_search,MV,191770767,dev-yong/SwiftUI-Landmark-MVVM,SwiftUI-Landmark-MVVM,SwiftUI example for personal studying. Use MVVM Pattern,"combine,mvvm,study-project,swift,swiftui,swiftui-example",3,0,3,0,Swift,2019-06-13T13:43:20Z,2023-03-01T13:06:22Z,https://github.com/dev-yong/SwiftUI-Landmark-MVVM
MV,repo_search,MV,216965675,gandhimena/SwiftUI-Combine-MVVM-Clean,SwiftUI-Combine-MVVM-Clean,,,3,1,3,0,Swift,2019-10-23T04:09:16Z,2020-02-05T20:54:15Z,https://github.com/gandhimena/SwiftUI-Combine-MVVM-Clean
MV,repo_search,MV,438665617,Kyome22/MVVM-Sample-Combine-SwiftUI,MVVM-Sample-Combine-SwiftUI,CombineとSwiftUIでMVVMのシンプルなサンプルを作ってみたもの,,3,0,3,0,Swift,2021-12-15T14:48:00Z,2022-03-02T14:02:08Z,https://github.com/Kyome22/MVVM-Sample-Combine-SwiftUI
MV,repo_search,MV,633336378,dmytrochumakov/MVVM-Coordinator-Template,MVVM-Coordinator-Template,Xcode template for SwiftUI MVVM+Coordinator architecture,"ios,mvvm-coordinator,swift,swiftui,xcode-template",3,1,3,0,Swift,2023-04-27T09:27:03Z,2025-03-25T13:48:40Z,https://github.com/dmytrochumakov/MVVM-Coordinator-Template
MV,repo_search,MV,544114089,coledennis/RealityKit_SwiftUI_MVVM_Tutorial,RealityKit_SwiftUI_MVVM_Tutorial,,,3,1,3,0,Swift,2022-10-01T17:25:22Z,2025-03-31T03:50:05Z,https://github.com/coledennis/RealityKit_SwiftUI_MVVM_Tutorial
MV,repo_search,MV,484349983,karamage/swiftui-with-mvvm-to-tca-counter,swiftui-with-mvvm-to-tca-counter,Sample code for SwiftUI to migrate from MVVM to 「The Composable Architecture(TCA)」,,3,0,3,0,Swift,2022-04-22T08:09:33Z,2025-11-29T01:35:53Z,https://github.com/karamage/swiftui-with-mvvm-to-tca-counter
MV,repo_search,MV,621381500,K-Lesha/Complete-SwiftUI-MVVMC-pattern-2023-,Complete-SwiftUI-MVVMC-pattern-2023-,,,3,0,3,0,Swift,2023-03-30T14:48:33Z,2023-11-03T15:46:23Z,https://github.com/K-Lesha/Complete-SwiftUI-MVVMC-pattern-2023-
MV,repo_search,MV,768342572,devingrischow/SwiftUI_Firebase_MVVM_Implementation_Demos_2024,SwiftUI_Firebase_MVVM_Implementation_Demos_2024,"An Example App Of How to implement firebase into a project, as well as how to use proper MVVM artitecture. ",,3,0,3,0,Swift,2024-03-06T22:55:34Z,2024-04-26T01:23:49Z,https://github.com/devingrischow/SwiftUI_Firebase_MVVM_Implementation_Demos_2024
MV,repo_search,MV,825807508,drawrs/SwiftUI-TodoApp-SwiftData-MVVM,SwiftUI-TodoApp-SwiftData-MVVM,"Example Todo App with SwiftUI + SwiftData + MVVM. Demoing how to perform Create, Read, Update, Delete and Predicate / Filter.","mvvm,swift,swiftdata,swiftui,todoapp,todolist",3,1,3,0,Swift,2024-07-08T14:35:31Z,2026-02-18T07:42:37Z,https://github.com/drawrs/SwiftUI-TodoApp-SwiftData-MVVM
MV,repo_search,MV,481461401,Alexander-Sobolev/SwiftUI-CryptoApp-MVVM-CoreData-Combine,SwiftUI-CryptoApp-MVVM-CoreData-Combine,Simple CryptoApp using SwiftUI-MVVM-CoreData-Combine,,3,0,3,0,Swift,2022-04-14T04:08:54Z,2023-05-23T09:00:22Z,https://github.com/Alexander-Sobolev/SwiftUI-CryptoApp-MVVM-CoreData-Combine
MV,repo_search,MV,789025377,OpenClassrooms-Student-Center/8363641-Developpez-interface-utilisateur-SwiftUI-MVVM,8363641-Developpez-interface-utilisateur-SwiftUI-MVVM,,,2,3,2,1,Swift,2024-04-19T14:59:29Z,2024-11-11T19:12:17Z,https://github.com/OpenClassrooms-Student-Center/8363641-Developpez-interface-utilisateur-SwiftUI-MVVM
MV,repo_search,MV,948621190,capitan112/NewsApp,NewsApp,News Reader App - SwiftUI with MV Pattern Approach,,2,1,2,0,Swift,2025-03-14T16:53:05Z,2025-03-29T10:50:51Z,https://github.com/capitan112/NewsApp
MV,repo_search,MV,397814715,jonathan02rv/MVVMC-SWIFTUI,MVVMC-SWIFTUI,,,2,0,2,0,Swift,2021-08-19T04:22:52Z,2024-07-10T19:44:43Z,https://github.com/jonathan02rv/MVVMC-SWIFTUI
MV,repo_search,MV,773694338,angelosstaboulis/SwiftUIMVPatternDemo,SwiftUIMVPatternDemo,I made this simple iOS app in SwiftUI as a demo for the MV Pattern,,2,0,2,0,Swift,2024-03-18T08:26:38Z,2024-06-24T07:54:00Z,https://github.com/angelosstaboulis/SwiftUIMVPatternDemo
MV,repo_search,MV,680180448,bsalves/SwiftUI-MVVM,SwiftUI-MVVM,,,2,0,2,0,Swift,2023-08-18T14:34:18Z,2023-10-05T20:23:12Z,https://github.com/bsalves/SwiftUI-MVVM
MV,repo_search,MV,608417124,kekearif/swiftui-mvvm-coordinator,swiftui-mvvm-coordinator,SwiftUI MVVM Coordinator pattern demo,,2,0,2,0,Swift,2023-03-02T01:06:08Z,2025-02-18T21:24:25Z,https://github.com/kekearif/swiftui-mvvm-coordinator
MV,repo_search,MV,712353882,profugocanis/swiftui_mvvm_example,swiftui_mvvm_example,,,2,0,2,0,Swift,2023-10-31T09:56:56Z,2025-09-23T08:28:44Z,https://github.com/profugocanis/swiftui_mvvm_example
MV,repo_search,MV,231740437,laevandus/SwiftUICombineMVVMExample,SwiftUICombineMVVMExample,,,2,0,2,0,Swift,2020-01-04T09:44:22Z,2020-12-12T01:06:59Z,https://github.com/laevandus/SwiftUICombineMVVMExample
MV,repo_search,MV,513380827,codemobiles/swiftui_mvvm_demo,swiftui_mvvm_demo,,,2,0,2,0,Swift,2022-07-13T04:34:34Z,2023-07-30T08:11:12Z,https://github.com/codemobiles/swiftui_mvvm_demo
MV,repo_search,MV;Model View;Model-View,760894691,vavarm/SwiftUI_MVVM,SwiftUI_MVVM,Model-View-ViewModel controller written in Swift with SwiftUI,"mvvm,observer-pattern,swift,swiftui",2,1,2,0,Swift,2024-02-20T21:24:11Z,2024-02-28T12:17:10Z,https://github.com/vavarm/SwiftUI_MVVM
MV,repo_search,MV,590952903,hoseinali/Albums-MVVM-SwiftUI,Albums-MVVM-SwiftUI,Albums is an example project with swiftUI and MVVM that shows a list of images that you can tap to view details. GridItem is also used in this project,,2,1,2,0,Swift,2023-01-19T15:46:05Z,2025-02-09T02:00:52Z,https://github.com/hoseinali/Albums-MVVM-SwiftUI
MV,repo_search,MV,253956487,MeTazz1/SwiftUI-MVVM-Weather,SwiftUI-MVVM-Weather,A clean SwiftUI MVVM Architecture built around the Open Weather Map API. Check it out!,,2,0,2,0,Swift,2020-04-08T01:41:53Z,2022-08-19T13:27:51Z,https://github.com/MeTazz1/SwiftUI-MVVM-Weather
MV,repo_search,MV,772575190,hirenrafaliya/pexels-api-swiftui-mvvm,pexels-api-swiftui-mvvm,iOS app built using SwiftUI & MVVM with Pexels API,"api,ios,mvvm,pexels-api,pexels-clone,swiftui",2,0,2,0,Swift,2024-03-15T13:17:21Z,2024-04-23T06:22:32Z,https://github.com/hirenrafaliya/pexels-api-swiftui-mvvm
MV,repo_search,MV,686680202,gali981101/Crypto-SwiftUI-MVVM,Crypto-SwiftUI-MVVM,"Learn SwiftUI, async await, ObservedObject, Web service and MVVM so on... ",,2,0,2,0,Swift,2023-09-03T15:45:06Z,2023-09-03T15:50:29Z,https://github.com/gali981101/Crypto-SwiftUI-MVVM
MV,repo_search,MV,753754077,ravikanthmarri/SwiftUI_MVVM_Unittests,SwiftUI_MVVM_Unittests,Demo SwiftUI Project with MVVM Design and Unit testing Coverage,"async-await,lazyvgrid,mvvm-architecture,pagination,swift,swiftui,unit-testing",2,0,2,0,Swift,2024-02-06T18:21:23Z,2024-03-04T23:10:21Z,https://github.com/ravikanthmarri/SwiftUI_MVVM_Unittests
MV,repo_search,MV,623855302,BerkaySancar/Games-SwiftUI-MVVM,Games-SwiftUI-MVVM,"SwiftUI, MVVM, CoreData, Async-Await, Pagination","async-await,coredata,json-api,mvvm,networking,swiftui",2,1,2,0,Swift,2023-04-05T08:27:33Z,2025-10-31T05:13:44Z,https://github.com/BerkaySancar/Games-SwiftUI-MVVM
MV,repo_search,MV;Model View;Model-View,599109644,drawRect/SwiftUI-Architectures,SwiftUI-Architectures,"Youtube Link: https://www.youtube.com/watch?v=hHX6Cnw_hu0 | SwiftUI-MVVM(Model-View-ViewModel),MV(Model View),CP(Container-Presenter), Redux","container-pattern,mvvm-architecture,redux,swiftui",2,0,2,0,Swift,2023-02-08T13:27:28Z,2023-06-25T16:50:47Z,https://github.com/drawRect/SwiftUI-Architectures
MV,repo_search,MV,686653614,deanira/note-mvvm,note-mvvm,simple MVVM implementation with SwiftUI framework,,2,0,2,0,Swift,2023-09-03T14:09:13Z,2025-08-18T16:12:56Z,https://github.com/deanira/note-mvvm
MV,repo_search,MV,812658374,anthony1810/SwiftUI-First_Architecture,SwiftUI-First_Architecture,Use this template to create a new SwiftUI project with an innovative Apurin's MV pattern that puts SwiftUI convenience first.,,2,0,2,0,Swift,2024-06-09T14:17:43Z,2024-09-16T03:55:05Z,https://github.com/anthony1810/SwiftUI-First_Architecture
MV,repo_search,MV,781045231,vengateshm/MVVM-ios-SwiftUI-Udemy,MVVM-ios-SwiftUI-Udemy,This project contains source code of MVVM in iOS using SwiftUI course in udemy,,2,0,2,0,Swift,2024-04-02T16:41:59Z,2024-04-15T17:28:34Z,https://github.com/vengateshm/MVVM-ios-SwiftUI-Udemy
MV,repo_search,MV,731138261,BerkaySancar/SampleProject-SwiftUIKit-MVVM,SampleProject-SwiftUIKit-MVVM,"MVVM, MVVM-R, Networking, Error Handling, Alamofire, CocoaPods, Pagination, UserDefaults, Cache API Data, Present Alert, DispatchGroup.","alamofire,error-handling,mvvm,mvvm-r,networking,protocol-oriented-programming,sdwebimage,swift,uikit,userdefaults",2,0,2,0,Swift,2023-12-13T12:45:32Z,2024-10-22T09:31:57Z,https://github.com/BerkaySancar/SampleProject-SwiftUIKit-MVVM
MV,repo_search,MV,1065950412,kundancodelab/SwiftUI-Router-MVVM-Demo,SwiftUI-Router-MVVM-Demo,,,2,0,2,0,Swift,2025-09-28T18:54:20Z,2025-09-29T09:54:33Z,https://github.com/kundancodelab/SwiftUI-Router-MVVM-Demo
MV,repo_search,MV,1118930407,ugurhmz/SwiftUI-Clean-MVVM-Architecture,SwiftUI-Clean-MVVM-Architecture,"High-performance movie discovery app built with iOS 16+ standards. Demonstrates Feature-Based Architecture, Kingfisher caching, and Protocol-Oriented Networking.","alamofire,async-await,clean-architecture,featured-based,ios-development,kingfisher,mvvm,pagination,swiftui",2,0,2,0,Swift,2025-12-18T13:43:31Z,2025-12-23T05:36:10Z,https://github.com/ugurhmz/SwiftUI-Clean-MVVM-Architecture
MV,repo_search,MV,884261933,Mohsporty/TodoList-swiftUI-MVVM,TodoList-swiftUI-MVVM,Todo LIst app with SWIFTUI and MVVM ,,2,0,2,0,Swift,2024-11-06T12:45:25Z,2025-02-01T22:53:22Z,https://github.com/Mohsporty/TodoList-swiftUI-MVVM
MV,repo_search,MV,910067664,bilallmughal/Notes-SwiftUI-MVVM-Coordinator,Notes-SwiftUI-MVVM-Coordinator,Notes App in SwiftUI using MVVM-C,,2,0,2,0,Swift,2024-12-30T12:13:41Z,2025-01-07T15:57:58Z,https://github.com/bilallmughal/Notes-SwiftUI-MVVM-Coordinator
MV,repo_search,MV,810794857,firojandev/SwiftUI-App-With-MVVM,SwiftUI-App-With-MVVM,"A Swift UI app sample structure is with MVVM design pattern with multiple screen navigations, network & database uses",,2,1,2,0,Swift,2024-06-05T11:18:05Z,2024-08-27T17:44:04Z,https://github.com/firojandev/SwiftUI-App-With-MVVM
MV,repo_search,MV,566373477,adilyousufofficial/SwiftUI_MVVM_CoreData_Practice,SwiftUI_MVVM_CoreData_Practice,,,2,0,2,0,Swift,2022-11-15T14:39:38Z,2025-08-28T08:34:00Z,https://github.com/adilyousufofficial/SwiftUI_MVVM_CoreData_Practice
MV,repo_search,MV,666131893,neeravspab/SwiftUI-MVVM-Product-List-API,SwiftUI-MVVM-Product-List-API,,,2,0,2,0,Swift,2023-07-13T19:38:03Z,2024-07-30T21:22:32Z,https://github.com/neeravspab/SwiftUI-MVVM-Product-List-API
MV,repo_search,MV,440220832,Drogonov/LaunchAppMVP-R-SwiftUI,LaunchAppMVP-R-SwiftUI,Launch App builded in UIKit workflow bit with SwiftUI views,,2,0,2,0,Swift,2021-12-20T15:37:37Z,2025-01-03T21:28:08Z,https://github.com/Drogonov/LaunchAppMVP-R-SwiftUI
MV,repo_search,MV,231365376,Machometus/MVVMCombine,MVVMCombine,Better apps. Less code. Get the most out of SwiftUI using MVVMCombine!,,2,0,2,0,Swift,2020-01-02T11:10:52Z,2025-11-21T19:44:23Z,https://github.com/Machometus/MVVMCombine
MV,repo_search,MV,613724266,temich93s/StoreMVVM,StoreMVVM,Swift + SwiftUI + Combine + MVVM + Coordinator + Builder + SOLID + CoreData + URLSession + JSONDecoder + GitFlow,,2,0,2,0,Swift,2023-03-14T06:25:38Z,2024-03-03T21:13:35Z,https://github.com/temich93s/StoreMVVM
MV,repo_search,MV,1140060009,ugurhmz/RickAndMorty-Modular-MVVMC-UIKit-SwiftUI,RickAndMorty-Modular-MVVMC-UIKit-SwiftUI,"A scalable iOS application built with Modular Architecture (SPM), MVVM-C Pattern, and Hybrid UI (UIKit Navigation + SwiftUI Views). Features strict dependency injection, unit testing, and clean architecture.",,2,0,2,0,Swift,2026-01-22T19:19:51Z,2026-02-18T15:15:05Z,https://github.com/ugurhmz/RickAndMorty-Modular-MVVMC-UIKit-SwiftUI
MV,repo_search,MV,1117883297,ugurhmz/SwiftUI-MVVM-Clean-Data-Rick-Morty-Karakter-Listeleme,SwiftUI-MVVM-Clean-Data-Rick-Morty-Karakter-Listeleme,"Rick & Morty API kullanarak karakterlerin listelendiği, pagination ve modern hata yönetimi içeren ana akışı yönetir. SwiftUI ve MVVM mimarisi kullanılarak geliştirilmiştir. Kod okunabilirliğini ve bakımını kolaylaştırmak amacıyla ""View Decomposition"" (Görünüm Parçalama) ve ""Data Transfer Object (DTO)"" desenleri uygulanmıştir.",,2,0,2,0,Swift,2025-12-17T00:38:49Z,2026-02-18T22:07:18Z,https://github.com/ugurhmz/SwiftUI-MVVM-Clean-Data-Rick-Morty-Karakter-Listeleme
MV,repo_search,MV,465224223,indently/MVVM-Sample,MVVM-Sample,A very simple project demonstrating how you can use MVVM in your SwiftUI applications!,,2,0,2,0,Swift,2022-03-02T08:45:04Z,2022-10-07T13:34:19Z,https://github.com/indently/MVVM-Sample
MV,repo_search,MV,576273418,lazar403/MVVM-Calculator,MVVM-Calculator,An MVVM Calculator in SwiftUI. Credits to designer. Url: https://dribbble.com/shots/14709020-Calculator,"architecture,calculator,ios,ios-app,ios-development,ios-device,learning-by-doing,mvvm,mvvm-architecture,native,swift,swiftui,xcode",2,0,2,0,Swift,2022-12-09T12:34:25Z,2023-07-30T09:49:51Z,https://github.com/lazar403/MVVM-Calculator
MV,repo_search,MV,259585765,objcio/S01E202-from-mvc-to-swiftui-from-classes-to-structs,S01E202-from-mvc-to-swiftui-from-classes-to-structs,Sample code for Swift Talk episode 202: From MVC to SwiftUI — From Classes to Structs,,2,0,2,0,Swift,2020-04-28T09:05:20Z,2023-04-14T17:40:33Z,https://github.com/objcio/S01E202-from-mvc-to-swiftui-from-classes-to-structs
MV,repo_search,MV,836831874,kunalyelne/Currency-Converter-MVVM---iOS,Currency-Converter-MVVM---iOS,"A Currency Converter app developed using SwiftUI and MVVM Design Pattern. Includes Alamofire, Swinject Dependency Injection as well.",,2,0,2,0,Swift,2024-08-01T16:42:19Z,2024-09-28T22:58:21Z,https://github.com/kunalyelne/Currency-Converter-MVVM---iOS
MV,repo_search,MV,478541883,developer-academy-unina/Tutorial-CoreData-with-MVVM,Tutorial-CoreData-with-MVVM,Tutorial CoreData with MVVM,"ios,mvvm,swift,swiftui,tutorial",2,0,2,0,Swift,2022-04-06T12:05:30Z,2023-07-24T15:35:45Z,https://github.com/developer-academy-unina/Tutorial-CoreData-with-MVVM
MV,repo_search,MV,849439367,prachipb09/MVC-vs-MVVM,MVC-vs-MVVM,This project defines the difference between MVC and MVVM,"design-patterns,design-systems,ios,ios-app,ios-demo,ios-swift,mvc,mvc-architecture,mvvm,mvvm-architecture,swift,swiftui,uikit",2,1,2,0,Swift,2024-08-29T15:42:18Z,2025-03-02T10:42:05Z,https://github.com/prachipb09/MVC-vs-MVVM
MV,repo_search,MV,494164275,devpass-tech/challenge-mvvm-chucknorris,challenge-mvvm-chucknorris,Base project for Devpass' Dev Sprints,"hacktoberfest,ios,mvvm,swiftui",1,4,1,0,Swift,2022-05-19T17:17:09Z,2022-10-10T14:02:48Z,https://github.com/devpass-tech/challenge-mvvm-chucknorris
MV,repo_search,MV,701374280,techHunting-Pegasus/swiftuiMvvm,swiftuiMvvm,,,1,0,1,0,Swift,2023-10-06T14:01:20Z,2024-04-08T14:56:40Z,https://github.com/techHunting-Pegasus/swiftuiMvvm
MV,repo_search,MV,639268939,teendream/SwiftuiMVVM,SwiftuiMVVM,MVVM architecture with setting management system. ,,1,0,1,0,Swift,2023-05-11T05:57:00Z,2023-05-11T06:32:02Z,https://github.com/teendream/SwiftuiMVVM
MV,repo_search,MV,524732330,AbduqaxxorSaidjonov/SwiftuiMVVM,SwiftuiMVVM,,,1,0,1,0,Swift,2022-08-14T17:08:57Z,2022-09-01T18:41:17Z,https://github.com/AbduqaxxorSaidjonov/SwiftuiMVVM
MV,repo_search,MV,621666049,danieldura/trantor-library-swiftUI,trantor-library-swiftUI,Book Store IOS Swift App with MV architecture ,"async-await,ios16,mv-architecture,swift-ui",1,0,1,0,Swift,2023-03-31T06:10:28Z,2024-07-30T16:26:56Z,https://github.com/danieldura/trantor-library-swiftUI
MV,repo_search,MV,1196142765,Moeedkahn/swiftui-calculator,swiftui-calculator,A modern iOS calculator built with SwiftUI and the MV pattern,,1,0,1,0,Swift,2026-03-30T12:14:40Z,2026-04-12T12:00:12Z,https://github.com/Moeedkahn/swiftui-calculator
MV,repo_search,MV,1009259093,angelosstampoulisgithub/SwiftUIMVPatternDemo,SwiftUIMVPatternDemo,I made this simple iOS app as a demo for the MV Pattern,,1,0,1,0,Swift,2025-06-26T20:50:50Z,2025-06-27T05:15:32Z,https://github.com/angelosstampoulisgithub/SwiftUIMVPatternDemo
MV,repo_search,MV;Model View;Model-View,588968815,i1d9/mvvm-swiftui,mvvm-swiftui,A project demonstrating how to use the Model View View-Model software architecture using SwiftUI,,1,0,1,0,Swift,2023-01-14T16:33:51Z,2023-01-14T20:23:24Z,https://github.com/i1d9/mvvm-swiftui
MV,repo_search,MV,764733786,danu6677/swiftui_mvvm,swiftui_mvvm,This is a project that outlines how to use MVVM using swift UI,,1,0,1,0,Swift,2024-02-28T16:05:23Z,2024-12-31T17:09:38Z,https://github.com/danu6677/swiftui_mvvm
MV,repo_search,MV,545035415,Abdeltwab/swiftui-mvvm,swiftui-mvvm,swiftui + mvvm + DI + IoC swiftinject ,,1,0,1,0,Swift,2022-10-03T17:09:22Z,2025-05-27T16:41:52Z,https://github.com/Abdeltwab/swiftui-mvvm
MV,repo_search,MV,303239400,rphlfc/MVVMSwiftUI,MVVMSwiftUI,Exemplo do padrão MVVM com SwiftUI,,1,0,1,0,Swift,2020-10-12T00:34:16Z,2022-06-26T15:56:17Z,https://github.com/rphlfc/MVVMSwiftUI
MV,repo_search,MV,767013573,chunta/SwiftUI-MV-Router,SwiftUI-MV-Router,,,1,0,1,0,Swift,2024-03-04T14:51:00Z,2024-07-01T19:13:57Z,https://github.com/chunta/SwiftUI-MV-Router
MV,repo_search,MV,478879991,aresxin/swiftui-mvvm-combine,swiftui-mvvm-combine,swiftui mvvm combine,,1,0,1,0,Swift,2022-04-07T07:47:22Z,2023-05-31T08:03:14Z,https://github.com/aresxin/swiftui-mvvm-combine
MV,repo_search,MV,908685467,0gonge/MVVMPractice,MVVMPractice,SwiftUI+MVVM+CleanArchitecture practice,,1,0,1,0,Swift,2024-12-26T17:31:55Z,2025-01-18T07:58:29Z,https://github.com/0gonge/MVVMPractice
MV,repo_search,MV,456313143,faithinker/SwiftUI-MVVM,SwiftUI-MVVM,"SwiftUI, Networking, MVVM",,1,0,1,0,Swift,2022-02-07T00:48:08Z,2022-09-21T12:34:44Z,https://github.com/faithinker/SwiftUI-MVVM
MV,repo_search,MV,277333926,adi145/SwiftUI-MVVM,SwiftUI-MVVM,,,1,0,1,0,Swift,2020-07-05T15:49:54Z,2020-08-05T14:21:37Z,https://github.com/adi145/SwiftUI-MVVM
MV,repo_search,MV,228718255,lionhylra/SwiftUI-MVVM,SwiftUI-MVVM,This is a practice project that experiments of SwiftUI and Combine to implement a MVVM architecture.,,1,0,1,0,Swift,2019-12-17T23:19:18Z,2023-06-07T14:25:39Z,https://github.com/lionhylra/SwiftUI-MVVM
MV,repo_search,MV,770904419,deviatorrocks/MVVM-SwiftUI,MVVM-SwiftUI,,,1,0,1,0,Swift,2024-03-12T11:16:11Z,2024-03-13T01:33:22Z,https://github.com/deviatorrocks/MVVM-SwiftUI
MV,repo_search,MV,595585859,Shraddha028/SwiftUI-MVVM,SwiftUI-MVVM,,,1,1,1,0,Swift,2023-01-31T11:48:28Z,2023-01-31T11:49:34Z,https://github.com/Shraddha028/SwiftUI-MVVM
MV,repo_search,MV,597170192,RenatoCardosoDias/SwiftUI_MVVM,SwiftUI_MVVM,Projeto de estudo ,,1,0,1,0,Swift,2023-02-03T19:30:39Z,2023-08-13T14:13:15Z,https://github.com/RenatoCardosoDias/SwiftUI_MVVM
MV,repo_search,MV,526081403,AbduqaxxorSaidjonov/SwiftUIContactMVVM,SwiftUIContactMVVM,,,1,0,1,0,Swift,2022-08-18T06:16:57Z,2022-09-01T18:41:15Z,https://github.com/AbduqaxxorSaidjonov/SwiftUIContactMVVM
MV,repo_search,MV,473620957,Shivi2807/SwiftUI-MVVM,SwiftUI-MVVM,This project illustrates the use of MVVM architectural design pattern along with SwiftUI. This app displays the list of Appetizers in a tableview by making an API call.,,1,0,1,0,Swift,2022-03-24T13:36:10Z,2022-04-13T11:59:58Z,https://github.com/Shivi2807/SwiftUI-MVVM
MV,repo_search,MV,412102277,grinder81/swiftui-mvvm-example,swiftui-mvvm-example,Example project to explain SwiftUI and MVVM with single source of truth,,1,0,1,0,Swift,2021-09-30T14:40:52Z,2022-01-12T17:05:25Z,https://github.com/grinder81/swiftui-mvvm-example
MV,repo_search,MV,878063360,kumareshsaran/MVVM-SwiftUI,MVVM-SwiftUI,,,1,1,1,0,Swift,2024-10-24T18:01:43Z,2025-09-12T10:29:34Z,https://github.com/kumareshsaran/MVVM-SwiftUI
MV,repo_search,MV,294100356,Rakshith-Nandish/SwiftUI_Mvvm,SwiftUI_Mvvm,,,1,1,1,0,Swift,2020-09-09T12:02:59Z,2021-03-13T16:03:11Z,https://github.com/Rakshith-Nandish/SwiftUI_Mvvm
MV,repo_search,MV,282860014,hesham92/MVVM-SWIFTUI-COMBINE,MVVM-SWIFTUI-COMBINE,,,1,0,1,0,Swift,2020-07-27T10:07:25Z,2020-09-06T08:14:52Z,https://github.com/hesham92/MVVM-SWIFTUI-COMBINE
MV,repo_search,MV,269119923,zxcv7143/MVVM-SwiftUI,MVVM-SwiftUI,Typical SwiftUI project with MVVM pattern,,1,0,1,0,Swift,2020-06-03T15:07:54Z,2020-06-30T08:42:12Z,https://github.com/zxcv7143/MVVM-SwiftUI
MV,repo_search,MV,1193230791,codewithsanthoshofficial/SwiftUI_MVVM,SwiftUI_MVVM,,,0,0,0,0,Swift,2026-03-27T02:18:02Z,2026-04-08T07:00:18Z,https://github.com/codewithsanthoshofficial/SwiftUI_MVVM
MV,repo_search,MV,344758369,chamathjeevan/SwiftUI-MVP,SwiftUI-MVP,"This is sample ios project for a technical demostration. The Technical stack includes SwiftUI, MVP Architecture and GraphQL ",,1,0,1,0,Swift,2021-03-05T09:24:01Z,2021-03-11T02:41:44Z,https://github.com/chamathjeevan/SwiftUI-MVP
MV,repo_search,MV,321518615,swift-templates/SwiftUI-MVVM,SwiftUI-MVVM,SwiftUI MVVM template project,,1,0,1,0,Swift,2020-12-15T01:26:20Z,2024-05-14T00:00:24Z,https://github.com/swift-templates/SwiftUI-MVVM
MV,repo_search,MV,767814732,Hasan-Parves/MVVM_SwiftUI,MVVM_SwiftUI,A Demo MVVM Code base to start an iOS project.,,1,0,1,0,Swift,2024-03-06T00:06:21Z,2024-03-17T09:27:15Z,https://github.com/Hasan-Parves/MVVM_SwiftUI
MV,repo_search,MV,713255240,havilog/SwiftUI_MVVM,SwiftUI_MVVM,,,1,0,1,0,Swift,2023-11-02T06:33:33Z,2024-01-14T12:52:51Z,https://github.com/havilog/SwiftUI_MVVM
MV,repo_search,MV,212099166,kylealanhale/swiftui-combine-mvp,swiftui-combine-mvp,Demo app for using SwiftUI and end-to-end Combine,,1,1,1,0,Swift,2019-10-01T13:10:23Z,2022-05-09T06:06:41Z,https://github.com/kylealanhale/swiftui-combine-mvp
MV,repo_search,MV,306925045,y-okudera/SwiftUICleanMVVM,SwiftUICleanMVVM,SwiftUI・Combine frameworkを使用したサンプルアプリ,,1,0,1,0,Swift,2020-10-24T16:29:36Z,2020-10-28T17:30:55Z,https://github.com/y-okudera/SwiftUICleanMVVM
MV,repo_search,MV,1130843385,zubair0831/swiftui-mapapp-mvvm,swiftui-mapapp-mvvm,SwiftUI Map app built using MVVM architecture,,1,0,1,0,Swift,2026-01-09T05:06:41Z,2026-01-09T05:34:35Z,https://github.com/zubair0831/swiftui-mapapp-mvvm
MV,repo_search,MV,626895164,bogdan-razvan/swiftui-mvvm-demo,swiftui-mvvm-demo,Demo project for showcasing SwiftUI with MVVM architecture,"mvvm,swiftui",1,0,1,0,Swift,2023-04-12T11:26:45Z,2024-10-31T04:18:15Z,https://github.com/bogdan-razvan/swiftui-mvvm-demo
MV,repo_search,MV,457070449,dmagnovasconcelos/first_swiftui_mvvm,first_swiftui_mvvm,Introduction to SwiftUI + MVVM,,1,0,1,0,Swift,2022-02-08T19:15:37Z,2022-07-27T18:48:40Z,https://github.com/dmagnovasconcelos/first_swiftui_mvvm
MV,repo_search,MV,456419626,tiagomartinho/Booking-MVVM,Booking-MVVM,Simple SwiftUI MVVM Example,,1,0,1,0,Swift,2022-02-07T08:32:39Z,2024-05-29T11:23:06Z,https://github.com/tiagomartinho/Booking-MVVM
MV,repo_search,MV,819093964,lpzcahuillan/NotasMVVM,NotasMVVM,Note App with swiftUI & MVVM,,1,0,1,0,Swift,2024-06-23T18:58:39Z,2024-06-27T05:26:48Z,https://github.com/lpzcahuillan/NotasMVVM
MV,repo_search,MV,1200598129,sudebsm/MVVM-C,MVVM-C,MVVM-C SwiftUI iOS 17,,1,0,1,0,Swift,2026-04-03T15:50:23Z,2026-04-03T18:42:12Z,https://github.com/sudebsm/MVVM-C
MV,repo_search,MV,800733670,iruleonu/IRShowcaseMVP,IRShowcaseMVP,SwiftUI+Combine MVP/MVVM/VIP,,1,0,1,0,Swift,2024-05-14T22:29:33Z,2026-02-23T16:07:33Z,https://github.com/iruleonu/IRShowcaseMVP
MV,repo_search,MV,929602916,Berkay-Aykose/Task-Management-MVVM-ToDoApp,Task-Management-MVVM-ToDoApp,"MVVM, SwiftUI, Firebase",,1,1,1,0,Swift,2025-02-08T23:30:37Z,2025-03-31T14:47:25Z,https://github.com/Berkay-Aykose/Task-Management-MVVM-ToDoApp
MV,repo_search,MV,1061715583,sourov2008/SwiftUI-MVVM-Clean,SwiftUI-MVVM-Clean,"Example iOS app built with SwiftUI and Clean Architecture (MVVM). Focused on separation of concerns, dependency injection, and scalability, testability for real world production projects.","clean-architecture,modularization,mvvm-architecture,oop-principles,scalability,solid-principles,swift,swiftui,testability",1,1,1,0,Swift,2025-09-22T09:36:22Z,2026-01-31T09:29:37Z,https://github.com/sourov2008/SwiftUI-MVVM-Clean
MV,repo_search,MV,828887783,Snitrxm/MVVM-Pattern-SwiftUI,MVVM-Pattern-SwiftUI,,,1,0,1,0,Swift,2024-07-15T10:25:12Z,2024-07-15T10:25:27Z,https://github.com/Snitrxm/MVVM-Pattern-SwiftUI
MV,repo_search,MV,654298808,adriancro8888/SwiftUI-Combine-MVP,SwiftUI-Combine-MVP,,,1,0,1,0,Swift,2023-06-15T20:25:29Z,2023-06-15T21:13:09Z,https://github.com/adriancro8888/SwiftUI-Combine-MVP
MV,repo_search,MV,622477145,mercury0517/swiftUI-mvvm-sample,swiftUI-mvvm-sample,,,1,0,1,0,Swift,2023-04-02T08:24:59Z,2023-11-18T16:06:11Z,https://github.com/mercury0517/swiftUI-mvvm-sample
MV,repo_search,MV,337938842,edritech93/MVVM-ios-swiftUI,MVVM-ios-swiftUI,,,1,0,1,0,Swift,2021-02-11T05:31:02Z,2023-07-21T08:22:00Z,https://github.com/edritech93/MVVM-ios-swiftUI
MV,repo_search,MV,934368824,fatihkenarda/SwiftUI-MVVM-Sample,SwiftUI-MVVM-Sample,,,1,0,1,0,Swift,2025-02-17T18:00:35Z,2025-02-27T14:35:51Z,https://github.com/fatihkenarda/SwiftUI-MVVM-Sample
MV,repo_search,MV,252502835,AlexGerma/Practice_mvvm_swiftUI,Practice_mvvm_swiftUI,"Personal app with structure MVVM, using the library Alamofire with the peticion ",,1,0,1,0,Swift,2020-04-02T16:03:43Z,2020-09-22T02:37:22Z,https://github.com/AlexGerma/Practice_mvvm_swiftUI
MV,repo_search,MV,611268853,dubkovictor/SwiftUI-UIKit-MVVMC,SwiftUI-UIKit-MVVMC,,,1,0,1,0,Swift,2023-03-08T13:31:16Z,2023-05-02T16:06:27Z,https://github.com/dubkovictor/SwiftUI-UIKit-MVVMC
MV,repo_search,MV,250905669,utsmannn/swiftui-simple-paging-mvvm,swiftui-simple-paging-mvvm,,,1,0,1,0,Swift,2020-03-28T22:24:49Z,2020-04-04T02:02:37Z,https://github.com/utsmannn/swiftui-simple-paging-mvvm
MV,repo_search,MV,465636139,omrobbie/SwiftUI-MVVM-AKQuiz,SwiftUI-MVVM-AKQuiz,A very short course or tutorial about using MVVM in SwiftUI. You can see the course here: https://www.udemy.com/course/swiftui-quizapp-with-mvvm,"ios,mvvm,online-course,swift,swiftui,udemy",1,0,1,0,Swift,2022-03-03T08:42:54Z,2024-11-17T09:59:11Z,https://github.com/omrobbie/SwiftUI-MVVM-AKQuiz
MV,repo_search,MV,451236089,maxches99/SwiftUI-MVVM-C,SwiftUI-MVVM-C,,,1,0,1,0,Swift,2022-01-23T21:31:10Z,2022-02-01T10:35:54Z,https://github.com/maxches99/SwiftUI-MVVM-C
MV,repo_search,MV,656221488,rotrindade/Follow_SwiftUI_MVVM,Follow_SwiftUI_MVVM,This is a SwiftUI study project on MVVM architecture.,,1,0,1,0,Swift,2023-06-20T13:51:27Z,2025-02-24T05:33:32Z,https://github.com/rotrindade/Follow_SwiftUI_MVVM
MV,repo_search,MV,613561006,karlosDev416/news-app-mvvm-swiftui,news-app-mvvm-swiftui,"Simple SwiftUI News app using MVVM architecture, to get started with these topics: async/await, actors, and concurrency.",,1,0,1,0,Swift,2023-03-13T20:13:52Z,2023-10-13T21:22:43Z,https://github.com/karlosDev416/news-app-mvvm-swiftui
MV,repo_search,MV,200536252,dtroupe18/SwiftUI-MVVM-Combine,SwiftUI-MVVM-Combine,,"combine,ios13,swiftui,swiftui-combineviews,swiftui-example",1,0,1,0,Swift,2019-08-04T20:03:08Z,2020-04-15T12:35:59Z,https://github.com/dtroupe18/SwiftUI-MVVM-Combine
MV,repo_search,MV,945622666,ILLUSIONack/SwiftUI-MVVMC-Template,SwiftUI-MVVMC-Template,,,1,0,1,0,Swift,2025-03-09T20:55:32Z,2025-03-18T08:46:53Z,https://github.com/ILLUSIONack/SwiftUI-MVVMC-Template
MV,repo_search,MV,473665030,Kyome22/SwiftUI-MVVM-Samples,SwiftUI-MVVM-Samples,,,1,0,1,0,Swift,2022-03-24T15:29:23Z,2025-11-26T07:26:13Z,https://github.com/Kyome22/SwiftUI-MVVM-Samples
MV,repo_search,MV,1137634190,joeljoviios/SwiftUI-MVVM-Networking,SwiftUI-MVVM-Networking,"A modern iOS sample application built with SwiftUI that demonstrates clean MVVM architecture, protocol-oriented networking, and structured concurrency (async/await). This project consumes a public REST API and focuses on scalable, testable, and production-ready patterns used in real-world iOS applications.",,1,0,1,0,Swift,2026-01-19T16:16:59Z,2026-01-21T16:29:09Z,https://github.com/joeljoviios/SwiftUI-MVVM-Networking
MV,repo_search,MV,800373523,onsapplicationstudio/SwiftUI_MVVM_Moya,SwiftUI_MVVM_Moya,This example illustrates how to use MVVM and Moya.,,1,0,1,0,Swift,2024-05-14T07:58:36Z,2024-05-17T13:23:14Z,https://github.com/onsapplicationstudio/SwiftUI_MVVM_Moya
MV,repo_search,MV,422060899,DavinY/SwiftUI-MVVM-News,SwiftUI-MVVM-News,,,1,0,1,0,Swift,2021-10-28T04:12:41Z,2022-06-03T05:40:37Z,https://github.com/DavinY/SwiftUI-MVVM-News
MV,repo_search,MV,1212941245,jechandia/MVVM-Example-SwiftUI,MVVM-Example-SwiftUI,"SwiftUI with MVVM, Networking, DI, navigation and tests",,1,0,1,0,Swift,2026-04-16T22:14:13Z,2026-04-16T22:23:19Z,https://github.com/jechandia/MVVM-Example-SwiftUI
MV,repo_search,MV,563469821,will-sdk/SwiftUI-MVVM-Combine,SwiftUI-MVVM-Combine,,,1,0,1,0,Swift,2022-11-08T17:19:23Z,2024-04-11T05:55:59Z,https://github.com/will-sdk/SwiftUI-MVVM-Combine
MV,repo_search,MV,454046219,glowcap/SwiftUICoreData_MVVM,SwiftUICoreData_MVVM,SwiftUI & CoreData with MVVM Architecture,,1,0,1,0,Swift,2022-01-31T14:50:36Z,2024-03-19T17:37:13Z,https://github.com/glowcap/SwiftUICoreData_MVVM
MV,repo_search,MV,359203818,yohamza/todo-firestore-mvvm-swiftui,todo-firestore-mvvm-swiftui,,,1,0,1,0,Swift,2021-04-18T16:59:17Z,2021-05-10T21:40:31Z,https://github.com/yohamza/todo-firestore-mvvm-swiftui
MV,repo_search,MV,690576665,thaxz/CoreData-MVVM,CoreData-MVVM, MVVM CoreData implementation using SwiftUI,,1,0,1,0,Swift,2023-09-12T13:12:38Z,2024-08-30T14:54:20Z,https://github.com/thaxz/CoreData-MVVM
MV,repo_search,MV,812873030,DixPatel009/SwiftUI-MVVM-ListView,SwiftUI-MVVM-ListView,,,1,0,1,0,Swift,2024-06-10T04:13:56Z,2024-06-13T09:45:19Z,https://github.com/DixPatel009/SwiftUI-MVVM-ListView
MV,repo_search,MV,766655008,IgnacioGalliano/ios-MVVM-SwiftUI-Marvel,ios-MVVM-SwiftUI-Marvel,,,1,0,1,0,Swift,2024-03-03T21:04:25Z,2024-03-19T13:55:30Z,https://github.com/IgnacioGalliano/ios-MVVM-SwiftUI-Marvel
MV,repo_search,MV,512149161,mattiaa95/Country_List_MVVM_SwiftUI,Country_List_MVVM_SwiftUI,"Country List in SwiftUI with MVVM architecture. no pods, no Swift Package","ios,mvvm,swift,swift5,swiftui",1,1,1,0,Swift,2022-07-09T09:47:59Z,2022-07-12T09:14:28Z,https://github.com/mattiaa95/Country_List_MVVM_SwiftUI
MV,repo_search,MV,529506192,devckrishna/TodoAPP-SwiftUI-MVVM,TodoAPP-SwiftUI-MVVM,,,1,0,1,0,Swift,2022-08-27T06:46:03Z,2024-02-23T18:26:19Z,https://github.com/devckrishna/TodoAPP-SwiftUI-MVVM
MV,repo_search,MV,527859661,crane-hiromu/SwiftUI-MVVM-HostingController,SwiftUI-MVVM-HostingController,It's a sample code for SwiftUI with UIHostingController,,1,0,1,0,Swift,2022-08-23T06:23:37Z,2024-03-08T18:10:22Z,https://github.com/crane-hiromu/SwiftUI-MVVM-HostingController
MV,repo_search,MV,287932928,malavsoni/SwiftUI-MVVM-by-Malav,SwiftUI-MVVM-by-Malav,,,1,0,1,0,Swift,2020-08-16T11:45:48Z,2024-12-13T05:35:45Z,https://github.com/malavsoni/SwiftUI-MVVM-by-Malav
MV,repo_search,MV,1143985983,CSR-Rath/SwiftUI-MVVM-Project-Structure,SwiftUI-MVVM-Project-Structure,,,1,0,1,0,Swift,2026-01-28T06:44:36Z,2026-03-27T08:43:12Z,https://github.com/CSR-Rath/SwiftUI-MVVM-Project-Structure
MV,repo_search,MV,449908741,g-enius/KMM-SwiftUI-Combine-MVVMC,KMM-SwiftUI-Combine-MVVMC,A takeaway demo for Kotlin Multiplatform with SwiftUI and Combine in MVVMC architecture ,,1,0,1,0,Swift,2022-01-20T01:08:20Z,2023-03-13T23:04:19Z,https://github.com/g-enius/KMM-SwiftUI-Combine-MVVMC
MV,repo_search,MV,1162551431,niteshparihariOS/ios-swiftui-mvvm-task-manager,ios-swiftui-mvvm-task-manager,"A simple Task Manager iOS application built using SwiftUI that demonstrates modern iOS development practices such as MVVM architecture, async/await networking, pull‑to‑refresh, and sheet‑based editing.",,1,0,1,0,Swift,2026-02-20T12:01:00Z,2026-03-06T08:32:26Z,https://github.com/niteshparihariOS/ios-swiftui-mvvm-task-manager
MV,repo_search,MV,901746197,alin19xx/SwiftUI-MVVM-Clean-Architecture,SwiftUI-MVVM-Clean-Architecture,Application built with SwiftUI and following MVVM architecture combined with Clean Architecture principles.,"clean-architecture,mvvm,swiftui,testing",1,0,1,0,Swift,2024-12-11T08:36:15Z,2024-12-15T17:34:24Z,https://github.com/alin19xx/SwiftUI-MVVM-Clean-Architecture
MV,repo_search,MV,304558897,Bui-Ly/SwiftUI-Todo-List-MVVM,SwiftUI-Todo-List-MVVM,,,1,0,1,0,Swift,2020-10-16T07:57:09Z,2021-03-29T23:48:38Z,https://github.com/Bui-Ly/SwiftUI-Todo-List-MVVM
MV,repo_search,MV,778639477,karlosDev416/SwiftUI-MapApp-MVVM,SwiftUI-MapApp-MVVM,"Beginner-friendly SwiftUI project that displays real-world locations like the Colosseum and Eiffel Tower on a map with an elegant UI. Aims to deepen understanding of MVVM architecture and enhance skills in SwiftUI frames, alignments, animations, and transitions.",,1,0,1,0,Swift,2024-03-28T05:22:08Z,2024-04-17T02:32:59Z,https://github.com/karlosDev416/SwiftUI-MapApp-MVVM
MV,repo_search,MV,533059382,AbrWin/NoteApp_SwiftUi_MVVM,NoteApp_SwiftUi_MVVM,"NoteApp created with SwiftUi, MVVM, CoreData","coredata-swift,mvvm-architecture,swift,swiftui",1,0,1,0,Swift,2022-09-05T21:03:19Z,2023-03-17T03:00:12Z,https://github.com/AbrWin/NoteApp_SwiftUi_MVVM
MV,repo_search,MV,515415102,alvesluc/Starting-with-SwiftUI-MVVM,Starting-with-SwiftUI-MVVM,,,1,0,1,0,Swift,2022-07-19T03:01:40Z,2023-10-06T12:08:00Z,https://github.com/alvesluc/Starting-with-SwiftUI-MVVM
MV,repo_search,MV,535770994,AbrWin/SessionUser_SwiftUi_MVVM,SessionUser_SwiftUi_MVVM,Project created with MVVM as software architecture. Sign up and getting users from an Api.,,1,0,1,0,Swift,2022-09-12T17:10:36Z,2023-03-17T03:00:11Z,https://github.com/AbrWin/SessionUser_SwiftUi_MVVM
MV,repo_search,MV;Model View;Model-View,752729284,arjundamodaran1992/SwiftUI-MVVM-ListView,SwiftUI-MVVM-ListView,creation of a Simple ListView and Detail View using SwiftUI and the Model-View-ViewModel (MVVM) architecture,,1,0,1,0,Swift,2024-02-04T16:41:18Z,2024-02-10T16:01:35Z,https://github.com/arjundamodaran1992/SwiftUI-MVVM-ListView
MV,repo_search,MV,439988905,Drogonov/LaunchAppMVVM-SwiftUI,LaunchAppMVVM-SwiftUI,Launch App builded in standart SwiftUI workflow,,1,0,1,0,Swift,2021-12-19T23:16:12Z,2024-10-18T17:08:37Z,https://github.com/Drogonov/LaunchAppMVVM-SwiftUI
MV,repo_search,MV,981579793,abdulmanum/Mvvm-Crud-with-SwiftUI,Mvvm-Crud-with-SwiftUI,Here we do the CRUD with Swift UI using MVVM Pattern with the Apis,,1,0,1,0,Swift,2025-05-11T12:37:52Z,2026-05-05T22:35:04Z,https://github.com/abdulmanum/Mvvm-Crud-with-SwiftUI
MV,repo_search,MV,710866562,Techwood00/TodoApp-SwiftUI-MVVM,TodoApp-SwiftUI-MVVM,,,1,0,1,0,Swift,2023-10-27T15:50:29Z,2024-02-23T18:26:30Z,https://github.com/Techwood00/TodoApp-SwiftUI-MVVM
MV,repo_search,MV,1047246387,RogiDarlie/ShoppingApp-SwiftUI-MVVM,ShoppingApp-SwiftUI-MVVM,,,1,0,1,0,Swift,2025-08-30T02:21:49Z,2025-09-04T00:06:21Z,https://github.com/RogiDarlie/ShoppingApp-SwiftUI-MVVM
MV,repo_search,MV,826009986,WajihBenabdessalem/MVVM-C_SwiftUI_Combine,MVVM-C_SwiftUI_Combine,MVVM-C_SwiftUI_Combine example,,1,0,1,0,Swift,2024-07-09T00:06:44Z,2024-09-05T11:47:16Z,https://github.com/WajihBenabdessalem/MVVM-C_SwiftUI_Combine
MV,repo_search,MV,392992785,mohamed-habib-jaberi/SwiftUI_MVVM_TestProject,SwiftUI_MVVM_TestProject,,,1,0,1,0,Swift,2021-08-05T10:02:27Z,2022-09-26T18:10:34Z,https://github.com/mohamed-habib-jaberi/SwiftUI_MVVM_TestProject
MV,repo_search,MV,1132396088,mohamedmaiz/swiftui-mvvm-clean_architecture-di,swiftui-mvvm-clean_architecture-di,,,1,0,1,0,Swift,2026-01-11T22:01:50Z,2026-01-14T15:44:03Z,https://github.com/mohamedmaiz/swiftui-mvvm-clean_architecture-di
MV,repo_search,MV,470718494,mikel-lab/SwiftUI_MVVM_API_Marvel,SwiftUI_MVVM_API_Marvel,,,1,0,1,0,Swift,2022-03-16T19:08:43Z,2024-03-31T16:41:12Z,https://github.com/mikel-lab/SwiftUI_MVVM_API_Marvel
MV,repo_search,MV,554147610,beriresen/News-MVVM-Alamofire-SwiftUI,News-MVVM-Alamofire-SwiftUI,,,1,0,1,0,Swift,2022-10-19T10:27:21Z,2023-07-07T13:29:57Z,https://github.com/beriresen/News-MVVM-Alamofire-SwiftUI
MV,repo_search,MV,699042668,bedirhnturhn/NewsApp_SwiftUI_MVVM,NewsApp_SwiftUI_MVVM,,,1,0,1,0,Swift,2023-10-01T18:44:32Z,2024-03-28T12:38:32Z,https://github.com/bedirhnturhn/NewsApp_SwiftUI_MVVM
MV,repo_search,MV,325545876,dinkar1708/iOS-SwiftUI-Clean-Architecture-MVVM,iOS-SwiftUI-Clean-Architecture-MVVM,SwiftUI iOS mvvm design,,1,0,1,0,Swift,2020-12-30T12:31:28Z,2024-03-09T16:32:40Z,https://github.com/dinkar1708/iOS-SwiftUI-Clean-Architecture-MVVM
MV,repo_search,MV,715105781,evenstaian/iOS-ContactsViewer-MVVMC-SwiftUI,iOS-ContactsViewer-MVVMC-SwiftUI,iOS - ContactsViewer - MVVMC - SwiftUI,,1,0,1,0,Swift,2023-11-06T13:44:52Z,2025-02-20T19:14:14Z,https://github.com/evenstaian/iOS-ContactsViewer-MVVMC-SwiftUI
MV,repo_search,MV,320695653,egudino484/SimpleMVVMRestSwiftUI,SimpleMVVMRestSwiftUI,Ejemplo Simple de MVVM con SwiftUI,,1,0,1,0,Swift,2020-12-11T22:15:22Z,2022-04-13T19:37:05Z,https://github.com/egudino484/SimpleMVVMRestSwiftUI
MV,repo_search,MV,640933171,tmasat/MVVM-SwiftUI-ToDoList,MVVM-SwiftUI-ToDoList,ToDoList application with MVVM pattern with SwiftUI,,1,0,1,0,Swift,2023-05-15T12:34:05Z,2023-05-28T20:47:22Z,https://github.com/tmasat/MVVM-SwiftUI-ToDoList
MV,repo_search,MV,882859239,Elcieren/RandomJokeApp_SwiftUI_MVVM,RandomJokeApp_SwiftUI_MVVM,,,1,0,1,0,Swift,2024-11-03T23:36:04Z,2024-11-08T22:02:33Z,https://github.com/Elcieren/RandomJokeApp_SwiftUI_MVVM
MV,repo_search,MV,614169058,arthurshes/SwiftMvvm,SwiftMvvm,My swiftui app on mvvm architecture using CoreData,,1,0,1,0,Swift,2023-03-15T03:06:18Z,2023-04-10T14:47:21Z,https://github.com/arthurshes/SwiftMvvm
MV,repo_search,MV,636894972,wellitonaraujo/ToDoList-SwiftUI-MVVM,ToDoList-SwiftUI-MVVM,,,1,0,1,0,Swift,2023-05-05T23:03:48Z,2023-05-22T11:59:44Z,https://github.com/wellitonaraujo/ToDoList-SwiftUI-MVVM
MV,repo_search,MV,1033919587,Ajaykumar1d/SwiftUI-Chart-App-MVVM-Sample,SwiftUI-Chart-App-MVVM-Sample,A chart-based SwiftUI dashboard built with Clean MVVM and Combine. All charts rendered using native SwiftUI (no external libraries).,,1,0,1,0,Swift,2025-08-07T14:50:51Z,2025-09-03T00:26:18Z,https://github.com/Ajaykumar1d/SwiftUI-Chart-App-MVVM-Sample
MV,repo_search,MV,713754804,Ashish-Langhe/SwiftUI_With_Combine_and_MVVM,SwiftUI_With_Combine_and_MVVM,"""Elevating SwiftUI and Combine 🚀: A Pristine MVVM Showcase for Consuming RESTful APIs, Decoding Data, and Presenting Excellence""","combine,combine-framework,mvvm,mvvm-architecture,swiftui,swiftui-example",1,1,1,0,Swift,2023-11-03T07:06:38Z,2024-02-05T12:15:46Z,https://github.com/Ashish-Langhe/SwiftUI_With_Combine_and_MVVM
MV,repo_search,MV,514161175,MityaKimchanskii/MVVM_OpenWeatherAPI_SwiftUI,MVVM_OpenWeatherAPI_SwiftUI,,,1,0,1,0,Swift,2022-07-15T06:33:31Z,2022-12-27T07:18:12Z,https://github.com/MityaKimchanskii/MVVM_OpenWeatherAPI_SwiftUI
MV,repo_search,MV,544332187,Berkay-Kuzu/JokesApp-SwiftUI-Alamofire-MVVM,JokesApp-SwiftUI-Alamofire-MVVM,,,1,0,1,0,Swift,2022-10-02T07:51:30Z,2023-06-20T13:48:10Z,https://github.com/Berkay-Kuzu/JokesApp-SwiftUI-Alamofire-MVVM
MV,repo_search,MV,785614877,LarryBrian/SwiftUI_MVVM_Cash_Register_App,SwiftUI_MVVM_Cash_Register_App,"Small App created from past coding challenge. Includes MVVM, SwiftUI, and Unit Tests (>95% coverage)",,1,0,1,0,Swift,2024-04-12T08:49:25Z,2024-04-12T22:13:52Z,https://github.com/LarryBrian/SwiftUI_MVVM_Cash_Register_App
MV,repo_search,MV,514519769,MityaKimchanskii/CoffeOrdersL_MVVM_SwiftUI,CoffeOrdersL_MVVM_SwiftUI,,,1,0,1,0,Swift,2022-07-16T08:18:26Z,2022-12-27T07:18:10Z,https://github.com/MityaKimchanskii/CoffeOrdersL_MVVM_SwiftUI
MV,repo_search,MV,535414165,dbgarcia/mvvm-clean-architecture-swiftui-tv-shows,mvvm-clean-architecture-swiftui-tv-shows,Demo MVVM + Clean Architecture with SwiftUI,"clean-architecture,mvvm-architecture,swiftui",1,0,1,0,Swift,2022-09-11T20:12:05Z,2022-11-30T15:00:11Z,https://github.com/dbgarcia/mvvm-clean-architecture-swiftui-tv-shows
MV,repo_search,MV,447700061,vishalbhogal/swiftui-mvvm-RxSwift-room-Service,swiftui-mvvm-RxSwift-room-Service,Mr.Room Service SwiftUI App designed in MVVM Architecture with RxSwift framework to fetch JSON data to keep track of items sent into the rooms on room guest's request.,"json-api,mvvm,mvvm-architecture,mvvm-pattern,rxswift,swift,swiftui",1,1,1,1,Swift,2022-01-13T17:58:18Z,2024-08-13T11:59:39Z,https://github.com/vishalbhogal/swiftui-mvvm-RxSwift-room-Service
MV,repo_search,MV,757709760,sajib-ghosh-iOS/Demo_Clean_MVVM_Combine_SwiftUI,Demo_Clean_MVVM_Combine_SwiftUI,An iOS app which fetches product list from public api. This project is built using Clean architecture with MVVM. SwiftUI and Combine framework have been used.,,1,0,1,0,Swift,2024-02-14T20:19:05Z,2024-12-15T19:37:21Z,https://github.com/sajib-ghosh-iOS/Demo_Clean_MVVM_Combine_SwiftUI
MV,repo_search,MV,1154718703,codewithsanthoshofficial/NewAPI_SwiftUI_APICall_MVVM,NewAPI_SwiftUI_APICall_MVVM,,,1,0,1,0,Swift,2026-02-10T17:46:37Z,2026-03-09T11:20:50Z,https://github.com/codewithsanthoshofficial/NewAPI_SwiftUI_APICall_MVVM
MV,repo_search,MV,1120466333,OSTAPMARCHENKO/ios-swiftui-clean-MVVM-C-boilerplate,ios-swiftui-clean-MVVM-C-boilerplate,"A standardized iOS project foundation designed to separate business logic from UI, enabling high testability and modularity",,1,0,1,0,Swift,2025-12-21T09:24:02Z,2026-03-05T16:59:03Z,https://github.com/OSTAPMARCHENKO/ios-swiftui-clean-MVVM-C-boilerplate
MV,repo_search,MV,530787915,pnalvarez/PokeAPI-SwiftUI-Combine-MVVM,PokeAPI-SwiftUI-Combine-MVVM,,,1,0,1,0,Swift,2022-08-30T18:48:38Z,2023-02-27T22:42:19Z,https://github.com/pnalvarez/PokeAPI-SwiftUI-Combine-MVVM
MV,repo_search,MV,436163651,iosdeveloper480/TheMovieApp-SwiftUI-MVVM,TheMovieApp-SwiftUI-MVVM,,,1,0,1,0,Swift,2021-12-08T08:00:39Z,2022-06-02T13:46:08Z,https://github.com/iosdeveloper480/TheMovieApp-SwiftUI-MVVM
MV,repo_search,MV,365547135,raghavendramikkilineni/iOS-SwiftUI-MVVM-Architecture,iOS-SwiftUI-MVVM-Architecture,,,1,0,1,0,Swift,2021-05-08T15:22:20Z,2021-05-14T15:03:35Z,https://github.com/raghavendramikkilineni/iOS-SwiftUI-MVVM-Architecture
MV,repo_search,MV,654300228,adriancro8888/WordsTrainer-SwiftUI-MVVM-Realm,WordsTrainer-SwiftUI-MVVM-Realm,,,1,0,1,0,Swift,2023-06-15T20:30:13Z,2023-06-15T21:13:09Z,https://github.com/adriancro8888/WordsTrainer-SwiftUI-MVVM-Realm
MV,repo_search,MV,544390312,Berkay-Kuzu/Network-Interchangeable-Project-SwiftUI-MVVM,Network-Interchangeable-Project-SwiftUI-MVVM,,,1,0,1,0,Swift,2022-10-02T11:04:17Z,2023-06-20T13:48:07Z,https://github.com/Berkay-Kuzu/Network-Interchangeable-Project-SwiftUI-MVVM
MV,repo_search,MV,378094446,nerimenebt/WhatsApp-Animation-MVVM-SwiftUI,WhatsApp-Animation-MVVM-SwiftUI,,,1,0,1,0,Swift,2021-06-18T09:06:42Z,2022-11-22T13:43:31Z,https://github.com/nerimenebt/WhatsApp-Animation-MVVM-SwiftUI
MV,repo_search,MV,958498369,jackycsie/S3_MVP,S3_MVP,A SwiftUI application for managing AWS S3 buckets,,1,0,1,0,Swift,2025-04-01T09:46:20Z,2025-08-03T06:34:37Z,https://github.com/jackycsie/S3_MVP
MV,repo_search,MV,1092654111,enzoenrico/Starter_MVVMC,Starter_MVVMC,Start repo for working with MVVM + Coordinators with SwiftUI,,2,0,2,0,Swift,2025-11-09T03:15:18Z,2026-04-09T22:41:19Z,https://github.com/enzoenrico/Starter_MVVMC
MV,repo_search,MV,1154745370,codewithsanthoshofficial/News_SwiftUI_Combine_ApiCall_MVVM,News_SwiftUI_Combine_ApiCall_MVVM,,,1,0,1,0,Swift,2026-02-10T18:22:10Z,2026-03-09T11:20:59Z,https://github.com/codewithsanthoshofficial/News_SwiftUI_Combine_ApiCall_MVVM
MV,repo_search,MV,769472074,beakyangsu/iOS_ShoppingApp_SwiftUI_MVVM,iOS_ShoppingApp_SwiftUI_MVVM,,,1,0,1,1,Swift,2024-03-09T07:01:47Z,2024-03-20T17:30:23Z,https://github.com/beakyangsu/iOS_ShoppingApp_SwiftUI_MVVM
MV,repo_search,MV,518162262,emrahkar/Raccoongram-SwiftUI-MVVM-Firebase-Git-Github-,Raccoongram-SwiftUI-MVVM-Firebase-Git-Github-,,,1,0,1,0,Swift,2022-07-26T17:47:39Z,2022-07-27T17:42:32Z,https://github.com/emrahkar/Raccoongram-SwiftUI-MVVM-Firebase-Git-Github-
MV,repo_search,MV,935422275,tunaarikaya/Goal-Tracker-swiftUI-Realm-Database-MVVM,Goal-Tracker-swiftUI-Realm-Database-MVVM,"a useful goal tracker,habit tracker ,to-do tracker app using realm for database and develop with MVVM architecture",,1,0,1,0,Swift,2025-02-19T12:21:41Z,2025-08-28T10:51:44Z,https://github.com/tunaarikaya/Goal-Tracker-swiftUI-Realm-Database-MVVM
MV,repo_search,MV,391324276,mkemalgokce/SwiftUI-MVVM-LoginPage-wFirebase,SwiftUI-MVVM-LoginPage-wFirebase,,,1,0,1,0,Swift,2021-07-31T10:30:20Z,2023-02-03T00:23:55Z,https://github.com/mkemalgokce/SwiftUI-MVVM-LoginPage-wFirebase
MV,repo_search,MV,1158350114,abhikar-12/ToDo-List-App-SwiftUI-MVVM,ToDo-List-App-SwiftUI-MVVM,"A To-Do List app built using SwiftUI and MVVM architecture. Features include adding tasks via sheet, deleting with swipe gesture, navigation to detail view, and state management using @StateObject, @ObservedObject, and @Published.","ios,ios-development,mvvm-architecture,swift,swiftui,todo-app",1,0,1,0,Swift,2026-02-15T08:00:17Z,2026-02-18T15:36:59Z,https://github.com/abhikar-12/ToDo-List-App-SwiftUI-MVVM
MV,repo_search,MV,362725089,YamamotoDesu/HelloMVVM,HelloMVVM,MVVMデザインパターン学習,"mvvm,swiftui",1,1,1,0,Swift,2021-04-29T07:16:49Z,2024-07-06T01:42:19Z,https://github.com/YamamotoDesu/HelloMVVM
MV,repo_search,MV,265776518,wanharaderta/Todolist-mvvm,Todolist-mvvm,"A Simple Todo app developed using SwiftUI, MVVM and Core Data","coredata,mvvm,swift,swifui",1,0,1,1,Swift,2020-05-21T06:51:36Z,2020-07-01T10:04:43Z,https://github.com/wanharaderta/Todolist-mvvm
MV,repo_search,MV,903459317,mushthak/TDDSwiftDataMVVM,TDDSwiftDataMVVM,TDD approach for utilizing SwiftData with MVVM pattern in SwiftUI,"clean-architecture,mvvm,solid-principles,swiftdata,swiftui,tdd",1,0,1,0,Swift,2024-12-14T16:57:40Z,2026-03-13T10:17:02Z,https://github.com/mushthak/TDDSwiftDataMVVM
MV,repo_search,MV,283848028,Standwerth/Standwerth-SwiftUI-Core-Data-Relationships-with-MVVM,Standwerth-SwiftUI-Core-Data-Relationships-with-MVVM,,,1,0,1,0,Swift,2020-07-30T18:24:03Z,2020-11-26T08:54:16Z,https://github.com/Standwerth/Standwerth-SwiftUI-Core-Data-Relationships-with-MVVM
MV,repo_search,MV,790318287,zwedoublegg/TheMouve-iOS-MVP,TheMouve-iOS-MVP,The Mouve iOS MVP built in SwiftUI - Firebase - MVVM,,1,0,1,0,,2024-04-22T16:59:31Z,2024-04-22T16:59:46Z,https://github.com/zwedoublegg/TheMouve-iOS-MVP
MV,repo_search,MV,191895756,konroj/Combine-MVVM-Sample,Combine-MVVM-Sample,This is a sample project using new Combine and SwiftUI frameworks.,,1,1,1,0,Swift,2019-06-14T07:22:23Z,2023-11-21T04:36:02Z,https://github.com/konroj/Combine-MVVM-Sample
MV,repo_search,MV,543655353,leovido/mvvm-pokedex-async,mvvm-pokedex-async,Pokedex in MVVM and Swift 5.7 using SwiftUI and async/await,,1,0,1,0,Swift,2022-09-30T15:02:18Z,2023-01-31T20:30:42Z,https://github.com/leovido/mvvm-pokedex-async
MV,repo_search,MV,812133253,jjcode22/LuxeCab-iOS-SwiftUI-MVVM-MapKit,LuxeCab-iOS-SwiftUI-MVVM-MapKit,A cab booking app like Uber or Ola in SwiftUI using MapKit,,1,0,1,0,Swift,2024-06-08T03:44:52Z,2024-06-18T06:38:39Z,https://github.com/jjcode22/LuxeCab-iOS-SwiftUI-MVVM-MapKit
MV,repo_search,MV,337827716,ddddeano/SwiftUI-2.0-Core-Data-Connection---CRUD-Operations---MVVM-Pattern---SwiftUI-2.0-Tutorials,SwiftUI-2.0-Core-Data-Connection---CRUD-Operations---MVVM-Pattern---SwiftUI-2.0-Tutorials,Kavsoft SwiftUI 2.0 Core Data Connection - CRUD Operations - MVVM Pattern - SwiftUI 2.0 Tutorials,,1,1,1,0,Swift,2021-02-10T19:14:25Z,2022-03-27T14:49:40Z,https://github.com/ddddeano/SwiftUI-2.0-Core-Data-Connection---CRUD-Operations---MVVM-Pattern---SwiftUI-2.0-Tutorials
MV,repo_search,MV,890254275,SofianeKhedim/MovieApp---SwiftUI---MVVM---TheMovieDbApi,MovieApp---SwiftUI---MVVM---TheMovieDbApi,,,1,0,1,0,Swift,2024-11-18T09:01:47Z,2025-07-01T14:12:43Z,https://github.com/SofianeKhedim/MovieApp---SwiftUI---MVVM---TheMovieDbApi
MV,repo_search,MV,1020767555,dan-tt/swift-clean-architecture-mvvm,swift-clean-architecture-mvvm,"A modern iOS application built with SwiftUI and Swift Package Manager, featuring Clean Architecture principles with a feature-based presentation layer, tabbed interface, and comprehensive examples of SwiftUI capabilities.",,1,0,1,0,Swift,2025-07-16T11:12:17Z,2025-10-09T21:54:59Z,https://github.com/dan-tt/swift-clean-architecture-mvvm
MV,repo_search,MV,969124680,rajani-dev7/Modular-E-Commerce-App-SwiftUI-Combine-MVVM-Clean-Architecture-,Modular-E-Commerce-App-SwiftUI-Combine-MVVM-Clean-Architecture-,,,1,0,1,0,Swift,2025-04-19T12:50:57Z,2025-04-24T19:15:13Z,https://github.com/rajani-dev7/Modular-E-Commerce-App-SwiftUI-Combine-MVVM-Clean-Architecture-
MV,repo_search,MV,1199236002,Moeedkahn/ios-weather-app,ios-weather-app,"A dynamic iOS weather app built with SwiftUI using MV Pattern, CoreLocation, and Open-Meteo API",,1,0,1,0,Swift,2026-04-02T06:52:47Z,2026-04-12T12:00:13Z,https://github.com/Moeedkahn/ios-weather-app
MV,repo_search,MV,255278968,objcio/S01E199-from-mvc-to-swiftui-lazy-observable-objects,S01E199-from-mvc-to-swiftui-lazy-observable-objects,Sample code for Swift Talk episode 199: From MVC to SwiftUI — Lazy Observable Objects,,1,1,1,0,Swift,2020-04-13T09:06:07Z,2020-04-13T09:31:29Z,https://github.com/objcio/S01E199-from-mvc-to-swiftui-lazy-observable-objects
MV,repo_search,MV,257539753,objcio/S01E200-from-mvc-to-swiftui-refactoring-model-apis,S01E200-from-mvc-to-swiftui-refactoring-model-apis,Sample code for Swift Talk episode 200: From MVC to SwiftUI — Refactoring Model APIs,,1,1,1,0,Swift,2020-04-21T09:06:54Z,2021-09-08T11:53:58Z,https://github.com/objcio/S01E200-from-mvc-to-swiftui-refactoring-model-apis
MV,repo_search,MV,1086197885,NandParikh/CombineMVVMSwiftUI,CombineMVVMSwiftUI,This project will show the use of Combine framework in SwiftUI with search Github user feature.,,1,0,1,0,Swift,2025-10-30T04:47:59Z,2025-10-30T13:29:52Z,https://github.com/NandParikh/CombineMVVMSwiftUI
MV,repo_search,MV,870298775,amanjonson22/PoC-MVC,PoC-MVC,A Proof of Concept of the MVC architecture on SwiftUI made for the Apple Developer Academy,,1,0,1,0,Swift,2024-10-09T19:37:05Z,2025-01-02T00:37:35Z,https://github.com/amanjonson22/PoC-MVC
MV,repo_search,MV,259557314,objcio/S01E201-from-mvc-to-swiftui-refactoring-model-apis-part-2,S01E201-from-mvc-to-swiftui-refactoring-model-apis-part-2,Sample code for Swift Talk episode 201: From MVC to SwiftUI — Refactoring Model APIs (Part 2),,1,0,1,0,Swift,2020-04-28T06:58:49Z,2021-09-08T11:54:00Z,https://github.com/objcio/S01E201-from-mvc-to-swiftui-refactoring-model-apis-part-2
MV,repo_search,MV,562985668,noxo/IosSimpleMvvm,IosSimpleMvvm,Simple IOS MVVM exercise using latest buzzword tech,"combine,ios,mvvm,restful-api,swiftui",1,0,1,0,Swift,2022-11-07T17:07:16Z,2023-07-18T14:05:28Z,https://github.com/noxo/IosSimpleMvvm
MV,repo_search,MV,364653089,thaisrfernandes/MVVM_TodoList,MVVM_TodoList,iOS app basics using MVVM architecture,"animations,environment-variables,swift,swiftui,user-defaults",1,0,1,0,Swift,2021-05-05T17:16:49Z,2021-05-07T03:28:23Z,https://github.com/thaisrfernandes/MVVM_TodoList
MV,repo_search,MV,1226379227,Chetan81289/TaskFlow-MVVM-Combine,TaskFlow-MVVM-Combine,"A production-grade task manager built to demonstrate modern iOS development. This project uses SwiftUI, Combine, and Core Data in a rigorously tested MVVM architecture",,1,0,1,0,Swift,2026-05-01T10:17:26Z,2026-05-01T10:50:31Z,https://github.com/Chetan81289/TaskFlow-MVVM-Combine
MV,repo_search,MV,1177792491,learna2zai/mvvm-coordinator-ios,mvvm-coordinator-ios,Sample applications with mvvm + coordinator pattern.,"coordinator-pattern,dependency-injection,ios,mvvm-architecture,solid-principles,swift-package-manager,swiftui",1,0,1,0,Swift,2026-03-10T11:28:36Z,2026-04-02T07:02:06Z,https://github.com/learna2zai/mvvm-coordinator-ios
MV,repo_search,MV,982782424,jdzi3ci0l/RickAndMortyApp-MVVMC,RickAndMortyApp-MVVMC,"A small SwiftUI project built as a solution to a recruitment task, leveraging async/await concurrency model, MVVM-C architecture and Swift Testing framework.",,1,0,1,0,Swift,2025-05-13T11:57:55Z,2026-05-02T17:09:06Z,https://github.com/jdzi3ci0l/RickAndMortyApp-MVVMC
MV,repo_search,MV,548310886,FelixSFD/F1MV_RaceControlNotifier,F1MV_RaceControlNotifier,"Simple tool to let your Mac read race-control-messages from ""MultiViewer for F1"" ( https://multiviewer.app ) aloud using Siri's voice.","ios,macos,multiviewer,multiviewer-for-f1,siri,swiftui",1,0,1,4,Swift,2022-10-09T10:00:36Z,2023-06-04T12:38:50Z,https://github.com/FelixSFD/F1MV_RaceControlNotifier
MV,repo_search,MV,757376490,vsoronia/MVVM_Project,MVVM_Project,"iOS app with Swift, SwiftUI. Alamofire for networking and followed the MVVM architecture. Features include a toolbar, side menu with feeds for posts, users, and TODOs. Implemented user details screen with delete functionality and integrated API calls for posts, comments, and TODOs. Unit tested a screen using XCTest. Minimum iOS version: 17. ",,1,0,1,0,Swift,2024-02-14T11:20:15Z,2024-08-23T21:08:02Z,https://github.com/vsoronia/MVVM_Project
MV,repo_search,MV,774893157,RustagiSwayam/Hotel-Booking-MVVM,Hotel-Booking-MVVM,"Powered by SwiftUI and MVVM, we offer a seamless user experience with a curated database of accommodations. Soon, we'll integrate REST APIs for real-time updates, ensuring an ever-expanding inventory. With advanced search filters and secure transactions, booking your next adventure has never been easier!",,1,0,1,0,Swift,2024-03-20T11:44:09Z,2024-03-22T17:02:54Z,https://github.com/RustagiSwayam/Hotel-Booking-MVVM
MV,repo_search,MV,911300349,Faycel2015/MoodTrackerMVP,MoodTrackerMVP,"Mood Tracker MVP is a simple and intuitive iOS app built with SwiftUI that helps users track their daily moods. Users can select an emoji to represent their mood, add a note, and save their entries. The app also provides a history of mood entries, a chart to visualize mood trends, and the ability to delete entries.",,1,0,1,0,Swift,2025-01-02T17:37:28Z,2025-01-08T02:33:01Z,https://github.com/Faycel2015/MoodTrackerMVP
MV,repo_search,MV,640773764,MobileApps-Cascadia/Beginning-SwiftUI-Chapter-MVVM,Beginning-SwiftUI-Chapter-MVVM,,,0,4,0,1,Swift,2023-05-15T05:19:15Z,2023-05-17T06:06:01Z,https://github.com/MobileApps-Cascadia/Beginning-SwiftUI-Chapter-MVVM
MV,repo_search,MV,643385414,MobileApps-Cascadia/Beginning-SwiftUI-Chapter-MVVM-Intro,Beginning-SwiftUI-Chapter-MVVM-Intro,,,0,4,0,3,Swift,2023-05-21T01:45:19Z,2023-05-21T01:48:40Z,https://github.com/MobileApps-Cascadia/Beginning-SwiftUI-Chapter-MVVM-Intro
MV,repo_search,MV,226256459,andrewmarmion/swiftui-mvvm-template,swiftui-mvvm-template,"Template MVVM app architecture, with coordinators and global manager objects",,0,2,0,0,,2019-12-06T05:56:44Z,2021-03-20T04:58:15Z,https://github.com/andrewmarmion/swiftui-mvvm-template
MV,repo_search,MV,326003788,paulja/FilmInspector,FilmInspector,"Sample SwiftUI, MV-VM and Combine app for OMDB movie searches.","combine,ios,mvvm,swift,swiftui",0,2,0,0,Swift,2021-01-01T15:22:45Z,2021-10-15T20:40:12Z,https://github.com/paulja/FilmInspector
MV,repo_search,MV,941938013,superkookai/MVExample,MVExample,SwiftUI MV Pattern,,0,0,0,0,Swift,2025-03-03T09:58:52Z,2025-03-03T09:59:17Z,https://github.com/superkookai/MVExample
MV,repo_search,MV,716360253,rbhbokka/MV-excercise,MV-excercise,SwiftUI excercize implementing MV pattern,,0,0,0,0,Swift,2023-11-09T01:09:49Z,2023-11-09T01:13:29Z,https://github.com/rbhbokka/MV-excercise
MV,repo_search,MV,411727526,Saprans63/SwiftuiMVVM,SwiftuiMVVM,,,0,0,0,0,Swift,2021-09-29T15:23:30Z,2021-09-29T15:24:15Z,https://github.com/Saprans63/SwiftuiMVVM
MV,repo_search,MV,517442262,Adel-Aref/SWiftuiMVVM,SWiftuiMVVM,,,0,0,0,0,Swift,2022-07-24T21:37:05Z,2022-07-24T21:37:35Z,https://github.com/Adel-Aref/SWiftuiMVVM
MV,repo_search,MV,916654991,rafaelnmelo/coffeeOrders,coffeeOrders,App em SwiftUI utilizando arquitetura MV,,0,0,0,0,Swift,2025-01-14T14:20:36Z,2025-02-25T17:41:21Z,https://github.com/rafaelnmelo/coffeeOrders
MV,repo_search,MV,1105854042,catbinhle/MVVMSwiftUI,MVVMSwiftUI,MVVM SwiftUI,,0,0,0,0,Swift,2025-11-28T08:58:13Z,2025-11-28T09:01:22Z,https://github.com/catbinhle/MVVMSwiftUI
MV,repo_search,MV,327962135,farazhaider88/SwiftuiMVVMStockApp,SwiftuiMVVMStockApp,,,0,0,0,0,Swift,2021-01-08T16:57:41Z,2021-01-15T17:28:54Z,https://github.com/farazhaider88/SwiftuiMVVMStockApp
MV,repo_search,MV,637337191,Imran4424/SwiftUI-MV,SwiftUI-MV,,,0,0,0,0,Swift,2023-05-07T08:39:47Z,2023-05-07T08:43:03Z,https://github.com/Imran4424/SwiftUI-MV
MV,repo_search,MV,966048225,AnilkumarRabhasa/MVVMApiCallSWIFTUI,MVVMApiCallSWIFTUI,,,0,0,0,0,Swift,2025-04-14T10:18:57Z,2025-04-14T10:25:44Z,https://github.com/AnilkumarRabhasa/MVVMApiCallSWIFTUI
MV,repo_search,MV,831583536,shippingpark/MVC,MVC,UIKit / SwiftUI ,,0,0,0,0,Swift,2024-07-21T02:12:30Z,2024-08-16T07:03:45Z,https://github.com/shippingpark/MVC
MV,repo_search,MV,856140195,corralesruizi/MVVMDemo,MVVMDemo,SwiftUI MVVM ,,0,0,0,0,Swift,2024-09-12T04:04:44Z,2024-09-13T19:43:19Z,https://github.com/corralesruizi/MVVMDemo
MV,repo_search,MV,321662697,Ashwini1Sapre/SwiftUiAlmofireMVVMDemo,SwiftUiAlmofireMVVMDemo,SwiftUI,,0,0,0,0,Swift,2020-12-15T12:34:46Z,2020-12-15T12:36:07Z,https://github.com/Ashwini1Sapre/SwiftUiAlmofireMVVMDemo
MV,repo_search,MV,729870522,madazaharia/MV-State-Pattern-in-SwiftUI,MV-State-Pattern-in-SwiftUI,MV State Pattern - A Better Way of Building SwiftUI Apps,,0,0,0,0,Swift,2023-12-10T16:00:51Z,2023-12-10T16:03:04Z,https://github.com/madazaharia/MV-State-Pattern-in-SwiftUI
MV,repo_search,MV,698895936,manasdevslopes/MVDesignPattern_SwiftUI,MVDesignPattern_SwiftUI,,,0,0,0,0,Swift,2023-10-01T10:06:42Z,2023-10-01T10:08:13Z,https://github.com/manasdevslopes/MVDesignPattern_SwiftUI
MV,repo_search,MV,1095325885,janahari/SwiftUI-MVVMSampleUsers,SwiftUI-MVVMSampleUsers,,,0,0,0,0,Swift,2025-11-12T22:41:09Z,2025-12-02T03:58:22Z,https://github.com/janahari/SwiftUI-MVVMSampleUsers
MV,repo_search,MV,612862541,ShoheiTakino/SwiftUI-MVPByPokemon,SwiftUI-MVPByPokemon,,,0,0,0,0,Swift,2023-03-12T07:43:32Z,2023-03-12T07:43:39Z,https://github.com/ShoheiTakino/SwiftUI-MVPByPokemon
MV,repo_search,MV,521233923,RozhinaNadya/MVVMSwiftUIDemo,MVVMSwiftUIDemo,First touch with SwiftUI + MVVM,,0,0,0,0,Swift,2022-08-04T11:10:25Z,2022-08-04T11:11:16Z,https://github.com/RozhinaNadya/MVVMSwiftUIDemo
MV,repo_search,MV,851153114,wlxo0401/MVI-SwiftUI,MVI-SwiftUI,MVI-SwiftUI,,0,0,0,0,Swift,2024-09-02T14:21:24Z,2024-09-02T14:32:23Z,https://github.com/wlxo0401/MVI-SwiftUI
MV,repo_search,MV,402289894,Rezki-Pratama/swiftui-mvvm,swiftui-mvvm,,,0,0,0,0,Swift,2021-09-02T04:32:41Z,2022-05-09T08:32:21Z,https://github.com/Rezki-Pratama/swiftui-mvvm
MV,repo_search,MV,656533157,inandisuman/swiftui-mvvm,swiftui-mvvm,,,0,0,0,0,Swift,2023-06-21T06:25:55Z,2023-06-21T06:26:04Z,https://github.com/inandisuman/swiftui-mvvm
MV,repo_search,MV,849140816,monisharaj77/SwiftUI-MVVM,SwiftUI-MVVM,SwiftUI-MVVM,,0,0,0,0,Swift,2024-08-29T03:48:48Z,2024-08-29T03:49:37Z,https://github.com/monisharaj77/SwiftUI-MVVM
MV,repo_search,MV,205711802,dduardo/SwiftUI-MVVM,SwiftUI-MVVM,SwiftUI-MVVM,,0,0,0,0,Swift,2019-09-01T17:46:41Z,2019-09-01T20:17:02Z,https://github.com/dduardo/SwiftUI-MVVM
MV,repo_search,MV,941938488,superkookai/MVVMExample,MVVMExample,SwiftUI with MVVM,,0,0,0,0,Swift,2025-03-03T09:59:50Z,2025-03-03T10:00:16Z,https://github.com/superkookai/MVVMExample
MV,repo_search,MV,744762579,ViralLathiya/swiftui_mvvm,swiftui_mvvm,,,0,0,0,0,Swift,2024-01-18T00:32:12Z,2024-01-18T00:37:45Z,https://github.com/ViralLathiya/swiftui_mvvm
MV,repo_search,MV,557155518,wasii/swiftui-mvvm,swiftui-mvvm,,,0,0,0,0,Swift,2022-10-25T07:13:01Z,2022-10-25T07:13:57Z,https://github.com/wasii/swiftui-mvvm
MV,repo_search,MV,445752809,tana90/swiftui-mvvm,swiftui-mvvm,,,0,0,0,0,Swift,2022-01-08T07:23:19Z,2022-01-08T07:23:46Z,https://github.com/tana90/swiftui-mvvm
MV,repo_search,MV,1109260784,dafariski77/mvvm-swiftui,mvvm-swiftui,,,0,0,0,0,Swift,2025-12-03T15:00:58Z,2025-12-03T15:01:11Z,https://github.com/dafariski77/mvvm-swiftui
MV,repo_search,MV,645215981,darshanpachaleinfochips/MVVM_SWIFTUI,MVVM_SWIFTUI,,,0,0,0,0,Swift,2023-05-25T07:09:03Z,2023-05-25T11:42:27Z,https://github.com/darshanpachaleinfochips/MVVM_SWIFTUI
MV,repo_search,MV,849652646,trainingmode/mvvm-swiftui,mvvm-swiftui,"Barebones example of a fully componetized UI in SwiftUI, following MVVM patterns.",,0,0,0,0,Swift,2024-08-30T01:48:04Z,2024-08-30T01:59:58Z,https://github.com/trainingmode/mvvm-swiftui
MV,repo_search,MV,1117982030,Possibility-Solutions-Private-Limited/SwiftUI-MVVM,SwiftUI-MVVM,SwiftUI-MVVM,,0,0,0,0,Swift,2025-12-17T05:07:47Z,2026-01-16T17:32:59Z,https://github.com/Possibility-Solutions-Private-Limited/SwiftUI-MVVM
MV,repo_search,MV,417138458,kamiken0215/mvvm-swiftui,mvvm-swiftui,,,0,0,0,0,Swift,2021-10-14T13:19:55Z,2021-10-14T13:20:00Z,https://github.com/kamiken0215/mvvm-swiftui
MV,repo_search,MV;Model View;Model-View,743697857,juyan/swiftui-mvvmi,swiftui-mvvmi,Model-View-ViewModel-Interactor Architecture designed for SwiftUI. Scale your SwiftUI app into the next level,,0,0,0,0,Swift,2024-01-15T19:43:38Z,2024-01-15T19:44:54Z,https://github.com/juyan/swiftui-mvvmi
MV,repo_search,MV,372452233,samiparken/swiftui-mvvm,swiftui-mvvm,,,0,0,0,0,Swift,2021-05-31T09:29:22Z,2021-05-31T11:07:12Z,https://github.com/samiparken/swiftui-mvvm
MV,repo_search,MV,492962656,rhieda/mvvm-swiftui,mvvm-swiftui,Sample project to learn some concepts of swift-ui MVVM,,0,0,0,0,Swift,2022-05-16T18:55:26Z,2022-05-16T19:07:49Z,https://github.com/rhieda/mvvm-swiftui
MV,repo_search,MV,699540077,marianobattaglia/swiftui-mvvm,swiftui-mvvm,,,0,0,0,0,Swift,2023-10-02T20:46:40Z,2023-10-02T20:48:27Z,https://github.com/marianobattaglia/swiftui-mvvm
MV,repo_search,MV,1004771977,9818595165/MVVM-SWIFTUI,MVVM-SWIFTUI,,,0,0,0,0,Swift,2025-06-19T06:47:23Z,2025-06-19T14:11:02Z,https://github.com/9818595165/MVVM-SWIFTUI
MV,repo_search,MV,514629118,Rick4444/SWIFTUI_MVVM,SWIFTUI_MVVM,,,0,0,0,0,Swift,2022-07-16T16:24:31Z,2022-07-16T16:27:58Z,https://github.com/Rick4444/SWIFTUI_MVVM
MV,repo_search,MV,219869414,xevser/swiftui-mvvm,swiftui-mvvm,Example of MVVM pattern using SwiftUI and Combine,,0,0,0,0,,2019-11-05T23:21:35Z,2023-08-23T05:39:13Z,https://github.com/xevser/swiftui-mvvm
MV,repo_search,MV,450522762,rssujay/swiftui-mvvm,swiftui-mvvm,,,0,0,0,0,Swift,2022-01-21T14:29:36Z,2022-01-21T14:57:26Z,https://github.com/rssujay/swiftui-mvvm
MV,repo_search,MV,288195824,alanskimp80/mvvmWeatherApp,mvvmWeatherApp,Simple Weather App with SwiftUI,,0,0,0,0,Swift,2020-08-17T14:02:52Z,2020-08-17T14:04:17Z,https://github.com/alanskimp80/mvvmWeatherApp
MV,repo_search,MV,699626793,amorimcode/mvvc-swiftui,mvvc-swiftui,,,0,0,0,0,Swift,2023-10-03T02:24:59Z,2023-10-03T02:27:58Z,https://github.com/amorimcode/mvvc-swiftui
MV,repo_search,MV,585891950,mmttt89/MvvmSwiftTodo,MvvmSwiftTodo,a todo app with swiftUI ,,0,0,0,0,Swift,2023-01-06T11:13:50Z,2023-01-06T11:21:10Z,https://github.com/mmttt89/MvvmSwiftTodo
MV,repo_search,MV,653191276,marcoalonso/PokedexMVVM,PokedexMVVM,Made with SwiftUI,,0,0,0,0,Swift,2023-06-13T15:14:33Z,2023-06-13T15:16:03Z,https://github.com/marcoalonso/PokedexMVVM
MV,repo_search,MV,740010231,erwinagpasa/PeopleMVVM,PeopleMVVM,Leaning SwiftUi MVVM,,0,0,0,0,Swift,2024-01-07T08:35:15Z,2024-01-07T08:35:52Z,https://github.com/erwinagpasa/PeopleMVVM
MV,repo_search,MV,685690002,talnirapps/Countries-SwiftUI-MV,Countries-SwiftUI-MV,"SwiftUI sample app using MV Architecture. Examples of working with async await, networking, dependency injection, unit testing, and more.",,0,0,0,0,Swift,2023-08-31T19:36:10Z,2023-08-31T19:38:28Z,https://github.com/talnirapps/Countries-SwiftUI-MV
MV,repo_search,MV,725442006,Chintanneosoft/SwiftUI-MVVMCombineDemo-main,SwiftUI-MVVMCombineDemo-main,,,0,0,0,0,Swift,2023-11-30T06:33:00Z,2023-11-30T06:33:06Z,https://github.com/Chintanneosoft/SwiftUI-MVVMCombineDemo-main
MV,repo_search,MV,245504720,skadithasan19/MVVMSwiftUI,MVVMSwiftUI,API Integration using datataskpublisher and SwiftUI,,0,0,0,0,Swift,2020-03-06T19:51:53Z,2020-06-16T17:49:54Z,https://github.com/skadithasan19/MVVMSwiftUI
MV,repo_search,MV,1162776664,chintanrajgor/SwiftUI-MVVMCombineDemo-main,SwiftUI-MVVMCombineDemo-main,,,0,0,0,0,Swift,2026-02-20T17:22:07Z,2026-02-20T17:29:02Z,https://github.com/chintanrajgor/SwiftUI-MVVMCombineDemo-main
MV,repo_search,MV,397923537,Yang-Xijie/MVVM,MVVM,MVVM demo. [Swift+SwiftUI],,0,0,0,0,Swift,2021-08-19T11:43:46Z,2022-01-07T09:47:16Z,https://github.com/Yang-Xijie/MVVM
MV,repo_search,MV,229848489,aksl007/mvvm,mvvm,iOS mvvm with SwiftUI,,0,0,0,0,Swift,2019-12-24T01:31:58Z,2019-12-24T07:06:10Z,https://github.com/aksl007/mvvm
MV,repo_search,MV,876173688,pendant-k/SwiftUI-MV-Example,SwiftUI-MV-Example,,,0,0,0,0,Swift,2024-10-21T14:17:45Z,2024-10-22T07:54:17Z,https://github.com/pendant-k/SwiftUI-MV-Example
MV,repo_search,MV,485865082,Madserker/ReactiveMVVM-Template,ReactiveMVVM-Template,SwiftUI + Combine + MVVM,,0,0,0,0,Swift,2022-04-26T16:28:29Z,2022-04-27T11:28:28Z,https://github.com/Madserker/ReactiveMVVM-Template
MV,repo_search,MV,389899140,yamamz/MVVM-SwiftUI,MVVM-SwiftUI,MVVM SwiftUI implementation,,0,0,0,0,Swift,2021-07-27T08:06:14Z,2021-07-27T08:06:23Z,https://github.com/yamamz/MVVM-SwiftUI
MV,repo_search,MV,464716245,saugatrai33/SwiftUI-MVVM,SwiftUI-MVVM,SwiftUI with MVVM,,0,0,0,0,Swift,2022-03-01T02:28:38Z,2022-03-01T02:28:46Z,https://github.com/saugatrai33/SwiftUI-MVVM
MV,repo_search,MV,213031226,bs2009/SwiftUI_MVVM,SwiftUI_MVVM,,,0,0,0,0,Swift,2019-10-05T16:18:27Z,2019-10-05T16:57:44Z,https://github.com/bs2009/SwiftUI_MVVM
MV,repo_search,MV,376954975,akgulem/swiftui-mvvm-spm,swiftui-mvvm-spm,,,0,1,0,0,Swift,2021-06-14T21:00:27Z,2021-06-14T21:02:04Z,https://github.com/akgulem/swiftui-mvvm-spm
MV,repo_search,MV,705472151,pragati-rawa7/mvvm-swiftui-newsapp,mvvm-swiftui-newsapp,"Created a Repo using MVVM, Swift UI, Unit and UI Testing ",,0,0,0,0,Swift,2023-10-16T04:32:37Z,2023-10-16T05:46:10Z,https://github.com/pragati-rawa7/mvvm-swiftui-newsapp
MV,repo_search,MV,659686295,MLRohit/SwiftUICombineMVVM,SwiftUICombineMVVM,,,0,0,0,0,Swift,2023-06-28T10:47:50Z,2023-06-28T10:57:42Z,https://github.com/MLRohit/SwiftUICombineMVVM
MV,repo_search,MV,663579858,Ramoju/SwiftUI-MVVM,SwiftUI-MVVM,Appetizers,,0,0,0,0,Swift,2023-07-07T16:15:30Z,2023-07-07T16:15:37Z,https://github.com/Ramoju/SwiftUI-MVVM
MV,repo_search,MV,655127186,tanakadaichi1989/SwiftUI_MVVM,SwiftUI_MVVM,SwiftUI と MVVM を題材に、メンテナンス・機能を拡張しやすいコードの書き方を考える,"ios,mvvm,swift,swiftui",0,0,0,0,Swift,2023-06-18T01:21:33Z,2023-06-30T06:21:22Z,https://github.com/tanakadaichi1989/SwiftUI_MVVM
MV,repo_search,MV,777299771,chinhubb/pokedex-mvvm-swiftui,pokedex-mvvm-swiftui,,,0,0,0,0,Swift,2024-03-25T15:34:53Z,2024-03-25T15:39:23Z,https://github.com/chinhubb/pokedex-mvvm-swiftui
MV,repo_search,MV,487617178,exzos28/cryptoapp-swiftui-mvvm,cryptoapp-swiftui-mvvm,,,0,0,0,0,Swift,2022-05-01T18:52:44Z,2022-05-01T18:53:19Z,https://github.com/exzos28/cryptoapp-swiftui-mvvm
MV,repo_search,MV,989396154,robvs/SwiftUI-MVVM,SwiftUI-MVVM,Sample project that demonstrates a highly structured but flexible MVVM implementation for SwiftUI.,,0,0,0,0,Swift,2025-05-24T02:40:52Z,2025-08-03T17:17:48Z,https://github.com/robvs/SwiftUI-MVVM
MV,repo_search,MV,525610658,UEHG260899/mvvm-in-swiftui,mvvm-in-swiftui,,,0,0,0,0,Swift,2022-08-17T02:25:14Z,2022-08-17T02:25:26Z,https://github.com/UEHG260899/mvvm-in-swiftui
MV,repo_search,MV,1034599971,rbaronio-Up/swiftui-mvvm-clean,swiftui-mvvm-clean,,,0,0,0,0,Swift,2025-08-08T16:51:23Z,2025-08-08T16:51:28Z,https://github.com/rbaronio-Up/swiftui-mvvm-clean
MV,repo_search,MV,1203026427,gtiplea/MVI-SwiftUI,MVI-SwiftUI,,,0,0,0,0,Swift,2026-04-06T16:41:47Z,2026-04-10T09:01:14Z,https://github.com/gtiplea/MVI-SwiftUI
MV,repo_search,MV,205688997,Zulqurnain24/SwiftUI_MVVM,SwiftUI_MVVM,This simple api display and detail mapView application demonstrates the power and conciseness of SwiftUI MVVM,,0,0,0,0,Swift,2019-09-01T14:35:57Z,2019-09-01T14:38:35Z,https://github.com/Zulqurnain24/SwiftUI_MVVM
MV,repo_search,MV,313921753,PetreVane/SwiftUI-MVVM,SwiftUI-MVVM,An example of a swiftUI app which uses the MVVM design pattern,,0,0,0,0,Swift,2020-11-18T12:03:29Z,2023-08-18T03:13:29Z,https://github.com/PetreVane/SwiftUI-MVVM
MV,repo_search,MV,354013686,Vorobyovulx/mvvm-combine-swiftui,mvvm-combine-swiftui,,,0,0,0,0,Swift,2021-04-02T12:31:59Z,2021-04-02T12:33:29Z,https://github.com/Vorobyovulx/mvvm-combine-swiftui
MV,repo_search,MV,594887538,lessia2020/MVVM-SwiftUI,MVVM-SwiftUI,,,0,0,0,0,Swift,2023-01-29T23:17:49Z,2023-01-29T23:18:19Z,https://github.com/lessia2020/MVVM-SwiftUI
MV,repo_search,MV,1032427501,ijaysingh/SwiftUI_MVVM,SwiftUI_MVVM,,,0,0,0,0,Swift,2025-08-05T09:40:33Z,2025-08-05T09:43:30Z,https://github.com/ijaysingh/SwiftUI_MVVM
MV,repo_search,MV,686674559,alperozturk96/MVVMExample_SwiftUI,MVVMExample_SwiftUI,MVVM architecture implemented in a SwiftUI,,0,0,0,0,Swift,2023-09-03T15:24:52Z,2023-09-03T15:26:03Z,https://github.com/alperozturk96/MVVMExample_SwiftUI
MV,repo_search,MV,432711809,Matheus-Sousa-Matos/SwiftUI-MVVM,SwiftUI-MVVM,Learning SwiftUI and experiment others applications. ,,0,0,0,0,Swift,2021-11-28T12:53:24Z,2022-04-26T17:27:47Z,https://github.com/Matheus-Sousa-Matos/SwiftUI-MVVM
MV,repo_search,MV,348540503,fluffy919/MVVM-SwiftUI,MVVM-SwiftUI,,,0,0,0,0,Swift,2021-03-17T01:14:47Z,2021-03-17T18:25:52Z,https://github.com/fluffy919/MVVM-SwiftUI
MV,repo_search,MV,1078611392,Segyun/SwiftUI-MVI,SwiftUI-MVI,,,1,0,1,0,Swift,2025-10-18T03:34:45Z,2026-04-05T03:31:27Z,https://github.com/Segyun/SwiftUI-MVI
MV,repo_search,MV,425817522,SajjadMalik0008/SwiftUI-MVVM,SwiftUI-MVVM,,,0,0,0,0,Swift,2021-11-08T11:51:58Z,2021-11-08T11:55:31Z,https://github.com/SajjadMalik0008/SwiftUI-MVVM
MV,repo_search,MV,482007472,abbas-25/swiftui_twitter_mvvm,swiftui_twitter_mvvm,A twitter clone built with Apple's latest SwiftUI following the MVVM pattern. The project uses Cloud Firestore to serve as the backend.,,0,0,0,0,Swift,2022-04-15T15:48:04Z,2022-04-15T15:51:50Z,https://github.com/abbas-25/swiftui_twitter_mvvm
MV,repo_search,MV,493031720,tiagogomez/SwiftUI-MVVMApp,SwiftUI-MVVMApp,MovieDatabaseApp using SwiftUI and MVVM,,0,0,0,0,Swift,2022-05-16T23:38:49Z,2022-05-16T23:42:20Z,https://github.com/tiagogomez/SwiftUI-MVVMApp
MV,repo_search,MV,823213811,trungnam/swiftui-mvvm-coordinator,swiftui-mvvm-coordinator,,,0,0,0,0,Swift,2024-07-02T15:43:07Z,2024-07-21T11:37:49Z,https://github.com/trungnam/swiftui-mvvm-coordinator
MV,repo_search,MV,830429062,jiunshinn/SwiftUIMap-MVVM,SwiftUIMap-MVVM,,,0,0,0,0,Swift,2024-07-18T08:56:43Z,2024-07-18T09:49:15Z,https://github.com/jiunshinn/SwiftUIMap-MVVM
MV,repo_search,MV,295200885,CapeFurSeal/SwiftUI-MVVM,SwiftUI-MVVM,,,0,0,0,0,Swift,2020-09-13T17:21:14Z,2020-09-13T17:21:24Z,https://github.com/CapeFurSeal/SwiftUI-MVVM
MV,repo_search,MV,552243459,LovePick/SwiftUI-MVVMExample,SwiftUI-MVVMExample,,,0,0,0,0,Swift,2022-10-16T06:12:46Z,2022-10-16T06:54:16Z,https://github.com/LovePick/SwiftUI-MVVMExample
MV,repo_search,MV,711526532,irfanrev/Pokedex-swiftui-mvvm,Pokedex-swiftui-mvvm,,,0,0,0,0,Swift,2023-10-29T14:41:26Z,2023-10-29T15:22:29Z,https://github.com/irfanrev/Pokedex-swiftui-mvvm
MV,repo_search,MV,1084734598,tz-thantzin/SwiftUI_MVVM,SwiftUI_MVVM,,,0,0,0,0,Swift,2025-10-28T04:54:07Z,2025-10-28T16:51:56Z,https://github.com/tz-thantzin/SwiftUI_MVVM
MV,repo_search,MV,484582815,LuannLuna/SwiftUI-MVVM,SwiftUI-MVVM,"This repo is for my study in SwiftUI + MVVM Parttern, here I'll put some projects that I will create during the study time.",,0,0,0,0,Swift,2022-04-22T22:00:03Z,2022-05-02T23:52:18Z,https://github.com/LuannLuna/SwiftUI-MVVM
MV,repo_search,MV,1051608573,imsaba16/SwiftUI-MVI,SwiftUI-MVI,,,0,0,0,0,Swift,2025-09-06T11:00:39Z,2026-04-01T08:24:39Z,https://github.com/imsaba16/SwiftUI-MVI
MV,repo_search,MV,225757647,jagothjdey/MVVM-SwiftUI,MVVM-SwiftUI,,,0,0,0,0,Swift,2019-12-04T02:05:57Z,2019-12-04T02:07:35Z,https://github.com/jagothjdey/MVVM-SwiftUI
MV,repo_search,MV,765143430,vlaskos/swiftUI-MVVMC,swiftUI-MVVMC,,,0,0,0,0,Swift,2024-02-29T11:10:19Z,2024-02-29T11:18:02Z,https://github.com/vlaskos/swiftUI-MVVMC
MV,repo_search,MV,664062581,usaman9040/mvvm-c-swiftui,mvvm-c-swiftui, MVVM-C in SwiftUI iOS App,,0,0,0,0,Swift,2023-07-08T20:16:05Z,2023-07-08T20:21:02Z,https://github.com/usaman9040/mvvm-c-swiftui
MV,repo_search,MV,568561947,Patrick-Mims/SwiftUI-MVVM,SwiftUI-MVVM,,,0,0,0,0,Swift,2022-11-20T22:37:54Z,2022-11-20T22:38:03Z,https://github.com/Patrick-Mims/SwiftUI-MVVM
MV,repo_search,MV,614771728,RobinNunkesser/swift-swiftui-mvu,swift-swiftui-mvu,,,0,0,0,0,Swift,2023-03-16T09:37:12Z,2023-03-16T10:02:12Z,https://github.com/RobinNunkesser/swift-swiftui-mvu
MV,repo_search,MV,641689548,louis2688/SwiftUI-MVVM,SwiftUI-MVVM,,,0,0,0,0,Swift,2023-05-17T01:03:28Z,2023-05-17T01:03:35Z,https://github.com/louis2688/SwiftUI-MVVM
MV,repo_search,MV,373548601,msusare/SwiftUI-MVVMSample,SwiftUI-MVVMSample,This Example has SwiftUI sample application with API details fetch and show in List.,,0,0,0,0,Swift,2021-06-03T15:06:08Z,2021-06-03T15:08:49Z,https://github.com/msusare/SwiftUI-MVVMSample
MV,repo_search,MV,365264467,zawmoehtike/banking-swiftui-mvvm,banking-swiftui-mvvm,Dev by Mohammad Azam,,0,0,0,0,Swift,2021-05-07T14:44:34Z,2021-05-07T14:46:16Z,https://github.com/zawmoehtike/banking-swiftui-mvvm
MV,repo_search,MV,619024784,lakshith-403/SwiftUI-MVVM,SwiftUI-MVVM,MVVM sample application written in SwiftUI,,0,0,0,0,Swift,2023-03-26T03:09:08Z,2023-03-26T03:12:34Z,https://github.com/lakshith-403/SwiftUI-MVVM
MV,repo_search,MV,789974638,duyenntm262/SwiftUIDemoMVVMCombine,SwiftUIDemoMVVMCombine,,,0,0,0,0,Swift,2024-04-22T03:00:02Z,2024-04-24T02:23:36Z,https://github.com/duyenntm262/SwiftUIDemoMVVMCombine
MV,repo_search,MV,370495711,brunofelix7/SwiftUI-MVVM,SwiftUI-MVVM,,,0,0,0,0,Swift,2021-05-24T22:03:52Z,2021-05-24T22:05:14Z,https://github.com/brunofelix7/SwiftUI-MVVM
MV,repo_search,MV,1151175539,swayambhu2010/SwiftUI-MVVM,SwiftUI-MVVM,SwiftUI Concept with MVVM Clean Architecture,,0,0,0,0,Swift,2026-02-06T06:20:45Z,2026-02-10T16:27:28Z,https://github.com/swayambhu2010/SwiftUI-MVVM
MV,repo_search,MV,990108784,akashraj21/swiftui-calculator-mvvm,swiftui-calculator-mvvm,"A modern SwiftUI calculator app built with MVVM architecture. Supports basic arithmetic, decimals, and percentage operations with a clean, responsive UI.",,0,0,0,0,Swift,2025-05-25T14:21:21Z,2025-05-25T14:26:42Z,https://github.com/akashraj21/swiftui-calculator-mvvm
MV,repo_search,MV,398948733,softdev0430/SwiftUI-MVVM,SwiftUI-MVVM,,,0,0,0,0,Swift,2021-08-23T02:17:32Z,2021-08-23T02:19:17Z,https://github.com/softdev0430/SwiftUI-MVVM
MV,repo_search,MV,363117299,yellow-cap/sign-mvvm-swiftui,sign-mvvm-swiftui,,,0,0,0,0,Swift,2021-04-30T11:18:41Z,2021-05-17T09:47:12Z,https://github.com/yellow-cap/sign-mvvm-swiftui
MV,repo_search,MV,594098148,pablogeek/SwiftUICombineMVVMExample,SwiftUICombineMVVMExample,,,0,0,0,0,Swift,2023-01-27T15:42:41Z,2023-01-27T15:44:01Z,https://github.com/pablogeek/SwiftUICombineMVVMExample
MV,repo_search,MV,1131080937,kashyaprrathod/Mvvm-SwiftUi,Mvvm-SwiftUi,This is my first mvvm created with swift ui,,0,0,0,0,Swift,2026-01-09T12:53:25Z,2026-01-09T13:13:39Z,https://github.com/kashyaprrathod/Mvvm-SwiftUi
MV,repo_search,MV,1095743183,SangWook16074/SwiftUICounterMVVMExample,SwiftUICounterMVVMExample,,,0,0,0,0,Swift,2025-11-13T13:11:47Z,2025-11-13T13:11:53Z,https://github.com/SangWook16074/SwiftUICounterMVVMExample
MV,repo_search,MV,911675497,DajosPatryk/SwiftUI_MVVM,SwiftUI_MVVM,A small SwiftUI app showcasing MVVM architecture.,,0,0,0,0,Swift,2025-01-03T15:24:12Z,2025-01-03T15:24:28Z,https://github.com/DajosPatryk/SwiftUI_MVVM
MV,repo_search,MV,987844037,ihsanakbay/SwiftUIBaseMVVMArch,SwiftUIBaseMVVMArch,,,0,0,0,0,Swift,2025-05-21T17:07:55Z,2025-05-21T17:25:42Z,https://github.com/ihsanakbay/SwiftUIBaseMVVMArch
MV,repo_search,MV,353462104,maitreebain/SwiftUI-MVVM,SwiftUI-MVVM,,,0,0,0,0,Swift,2021-03-31T19:04:41Z,2021-07-29T00:11:32Z,https://github.com/maitreebain/SwiftUI-MVVM
MV,repo_search,MV,450908955,AhmedAshrafFayeq/SwiftUI-MVVM,SwiftUI-MVVM,,,0,0,0,0,Swift,2022-01-22T18:58:32Z,2022-01-23T13:45:52Z,https://github.com/AhmedAshrafFayeq/SwiftUI-MVVM
MV,repo_search,MV,476393955,tatsuyamoriguchi/SwiftUI-MVVM,SwiftUI-MVVM,,,0,0,0,0,Swift,2022-03-31T16:42:31Z,2022-03-31T16:42:36Z,https://github.com/tatsuyamoriguchi/SwiftUI-MVVM
MV,repo_search,MV,365263624,zawmoehtike/movie-swiftui-mvvm,movie-swiftui-mvvm,Movie App developed by Mohammad Azam,,0,0,0,0,Swift,2021-05-07T14:41:35Z,2021-05-07T14:42:05Z,https://github.com/zawmoehtike/movie-swiftui-mvvm
MV,repo_search,MV,256742855,Biss1/SwiftUI-MVVM,SwiftUI-MVVM,,"combine,ios,mvvm,mvvm-sample,swift,swiftui",0,0,0,0,Swift,2020-04-18T12:01:43Z,2020-09-26T13:00:46Z,https://github.com/Biss1/SwiftUI-MVVM
MV,repo_search,MV,487423495,pedroluis02/mvvm-project-swiftui,mvvm-project-swiftui,SwiftUi app with MVVM Pattern,,0,0,0,0,Swift,2022-05-01T02:03:07Z,2022-05-01T02:09:35Z,https://github.com/pedroluis02/mvvm-project-swiftui
MV,repo_search,MV,787742877,sachin51962222/SwiftUI-MVVM,SwiftUI-MVVM,,,0,0,0,0,Swift,2024-04-17T05:15:26Z,2024-04-17T05:23:21Z,https://github.com/sachin51962222/SwiftUI-MVVM
MV,repo_search,MV,867610935,NiveRajen/MVVM-SwiftUI,MVVM-SwiftUI,,,0,0,0,0,Swift,2024-10-04T11:46:04Z,2024-10-04T15:58:33Z,https://github.com/NiveRajen/MVVM-SwiftUI
MV,repo_search,MV,489971772,kyustudyo/GCD---MVVM-_-Swiftui,GCD---MVVM-_-Swiftui,,,0,0,0,0,Swift,2022-05-08T14:48:57Z,2022-05-08T14:49:02Z,https://github.com/kyustudyo/GCD---MVVM-_-Swiftui
MV,repo_search,MV,481957783,pillbox91/MVVM-SwiftUI,MVVM-SwiftUI,,,0,0,0,0,Swift,2022-04-15T12:53:49Z,2022-04-15T12:53:54Z,https://github.com/pillbox91/MVVM-SwiftUI
MV,repo_search,MV,510064705,vinhqn/MVVM-SwiftUI,MVVM-SwiftUI,,,0,0,0,0,Swift,2022-07-03T15:40:02Z,2022-07-03T15:40:06Z,https://github.com/vinhqn/MVVM-SwiftUI
MV,repo_search,MV,498820735,AriestaAgung/unsplash-swiftui-mvvm,unsplash-swiftui-mvvm,,,0,1,0,0,Swift,2022-06-01T16:47:47Z,2022-06-01T16:47:56Z,https://github.com/AriestaAgung/unsplash-swiftui-mvvm
MV,repo_search,MV,468433434,NigayAO/MVVM-SwiftUI,MVVM-SwiftUI,,,0,0,0,0,Swift,2022-03-10T16:54:34Z,2022-03-10T16:54:40Z,https://github.com/NigayAO/MVVM-SwiftUI
MV,repo_search,MV,763382223,gargadeSneha/MVC_SwiftUI,MVC_SwiftUI,,,0,0,0,0,Swift,2024-02-26T07:29:56Z,2024-02-26T07:31:14Z,https://github.com/gargadeSneha/MVC_SwiftUI
MV,repo_search,MV,663985895,AleManni/SwiftUI-MVI,SwiftUI-MVI,"Proof of concept for a protocol oriented MVI implementation, SwiftUI friendly.",,0,0,0,0,Swift,2023-07-08T15:56:54Z,2023-07-08T16:01:49Z,https://github.com/AleManni/SwiftUI-MVI
MV,repo_search,MV,365433599,ro4013377/MVVM_SwiftUI,MVVM_SwiftUI,Basic Example of MVVM in SwiftUI,,0,0,0,0,Swift,2021-05-08T06:08:35Z,2021-05-08T06:13:48Z,https://github.com/ro4013377/MVVM_SwiftUI
MV,repo_search,MV,450940233,J-ARTS/SwiftUI-MVVMI,SwiftUI-MVVMI,,,0,0,0,0,Swift,2022-01-22T21:29:47Z,2022-01-22T21:32:24Z,https://github.com/J-ARTS/SwiftUI-MVVMI
MV,repo_search,MV,457563376,nwatabou/SwiftUI-MVC,SwiftUI-MVC,,,0,0,0,0,Swift,2022-02-09T23:31:31Z,2022-02-10T15:36:25Z,https://github.com/nwatabou/SwiftUI-MVC
MV,repo_search,MV,234280561,anshul18895/SwiftUI-MVVM,SwiftUI-MVVM,,,0,0,0,0,Swift,2020-01-16T09:15:39Z,2020-01-27T08:49:38Z,https://github.com/anshul18895/SwiftUI-MVVM
MV,repo_search,MV,1124372359,Rehamsa3d/SwiftUI-MVVM,SwiftUI-MVVM,A simple SwiftUI + MVVM app that fetches users from a remote API and displays them in a list.,,0,0,0,0,Swift,2025-12-28T22:48:38Z,2025-12-29T19:01:37Z,https://github.com/Rehamsa3d/SwiftUI-MVVM
MV,repo_search,MV,589964846,selilcp/jsonplaceholder_mvvm_swiftui,jsonplaceholder_mvvm_swiftui,,,0,0,0,0,Swift,2023-01-17T11:02:29Z,2023-01-17T11:04:01Z,https://github.com/selilcp/jsonplaceholder_mvvm_swiftui
MV,repo_search,MV,949277757,timeCCJ/SwiftUI-MVVM,SwiftUI-MVVM,,,0,0,0,0,Swift,2025-03-16T04:32:19Z,2025-03-16T05:51:12Z,https://github.com/timeCCJ/SwiftUI-MVVM
MV,repo_search,MV,834285018,ManelR/ios-swiftui-mvvmc,ios-swiftui-mvvmc,A RickAndMorty app using SwiftUI and MVVM-C for learning proposals,,0,0,0,0,Swift,2024-07-26T21:03:54Z,2024-09-03T16:39:33Z,https://github.com/ManelR/ios-swiftui-mvvmc
MV,repo_search,MV,818790322,redryerye/SwiftUI-MVVM,SwiftUI-MVVM,Sample iOS project built with SwiftUI + MVVM and Observation framework using GitHub API,"ios,mvvm,observation,swift,swiftui",0,0,0,0,Swift,2024-06-22T21:54:58Z,2024-06-25T21:17:48Z,https://github.com/redryerye/SwiftUI-MVVM
MV,repo_search,MV,396507944,ericktmr/weather-mvvm-swiftuiapp,weather-mvvm-swiftuiapp,,,0,0,0,0,Swift,2021-08-15T21:52:35Z,2021-08-15T22:17:11Z,https://github.com/ericktmr/weather-mvvm-swiftuiapp
MV,repo_search,MV,401159891,cengiztoru/SwiftUiMVVM,SwiftUiMVVM,,,0,0,0,0,Swift,2021-08-29T23:04:25Z,2021-09-07T19:41:39Z,https://github.com/cengiztoru/SwiftUiMVVM
MV,repo_search,MV,901674336,sachin19jan/SwiftUI-MVVM,SwiftUI-MVVM,Clean Architecture ,,0,0,0,0,Swift,2024-12-11T05:24:45Z,2024-12-11T05:38:13Z,https://github.com/sachin19jan/SwiftUI-MVVM
MV,repo_search,MV,211788742,PrashantGaikwad-iOS/MVVM-SwiftUI,MVVM-SwiftUI,"Learned how to use MVVM in SwiftUI using @ObservableObject, @Published, @ObservedObject.",,0,0,0,0,Swift,2019-09-30T06:16:56Z,2019-11-14T06:34:06Z,https://github.com/PrashantGaikwad-iOS/MVVM-SwiftUI
MV,repo_search,MV,428537988,paigeshin/SwiftUI_MVVM,SwiftUI_MVVM,,,0,0,0,0,Swift,2021-11-16T06:08:59Z,2021-11-16T06:09:31Z,https://github.com/paigeshin/SwiftUI_MVVM
MV,repo_search,MV,418943007,RezaNum1/MVVM_SwiftUI,MVVM_SwiftUI,,,0,0,0,0,Swift,2021-10-19T13:45:45Z,2021-10-21T06:11:14Z,https://github.com/RezaNum1/MVVM_SwiftUI
MV,repo_search,MV,418591387,ArseniLaputska/MVVM-SwiftUI,MVVM-SwiftUI,,,0,0,0,0,Swift,2021-10-18T16:55:28Z,2021-11-09T20:42:46Z,https://github.com/ArseniLaputska/MVVM-SwiftUI
MV,repo_search,MV,268885225,Exey/SwiftUI_MVVMS,SwiftUI_MVVMS,Example,,0,0,0,0,Swift,2020-06-02T19:02:23Z,2020-06-02T19:36:46Z,https://github.com/Exey/SwiftUI_MVVMS
MV,repo_search,MV,721044728,ProAjit/SwiftUI-MVVM,SwiftUI-MVVM,MVVM Demo with SwiftUI,,0,0,0,0,Swift,2023-11-20T08:46:14Z,2023-11-20T09:06:26Z,https://github.com/ProAjit/SwiftUI-MVVM
MV,repo_search,MV,504089830,emilien-io/swiftui-mvvm-test,swiftui-mvvm-test,In this project we use SwiftUI properties wrappers to reflect a textfield's value in a separated view using a basic MVVM design pattern.,"mvvm,swift,swiftui",0,0,0,0,Swift,2022-06-16T09:18:15Z,2022-08-17T11:19:58Z,https://github.com/emilien-io/swiftui-mvvm-test
MV,repo_search,MV,552256357,LovePick/SwiftUI-MVExample,SwiftUI-MVExample,,,0,0,0,0,Swift,2022-10-16T06:55:34Z,2022-10-16T07:40:40Z,https://github.com/LovePick/SwiftUI-MVExample
MV,repo_search,MV,766874206,AzerCoder/SwiftUI_MVVM,SwiftUI_MVVM,SwiftUI MVVM  // Unit Testing // Ui Testing,,0,0,0,0,Swift,2024-03-04T09:40:56Z,2024-03-04T09:41:02Z,https://github.com/AzerCoder/SwiftUI_MVVM
MV,repo_search,MV,682898504,cedanmisquith/SwiftUI-MVVM,SwiftUI-MVVM,This repository shows you how to structure a simple SwiftUI project in MVVM Architecture ,,0,0,0,0,Swift,2023-08-25T06:08:44Z,2023-08-25T06:11:05Z,https://github.com/cedanmisquith/SwiftUI-MVVM
MV,repo_search,MV,529406979,aluco100/MVI-SwiftUI,MVI-SwiftUI,,,0,0,0,0,Swift,2022-08-26T21:16:05Z,2022-08-26T21:18:04Z,https://github.com/aluco100/MVI-SwiftUI
MV,repo_search,MV,565510226,Mixko50/simple-mvvm-swiftui,simple-mvvm-swiftui,Simple MVVM in SwiftUI,"swift,swiftui",0,0,0,0,Swift,2022-11-13T16:29:53Z,2023-01-10T21:02:07Z,https://github.com/Mixko50/simple-mvvm-swiftui
MV,repo_search,MV,741922828,dinocata/SwiftUI-MVVM,SwiftUI-MVVM,,,0,0,0,0,Swift,2024-01-11T11:47:04Z,2025-02-24T08:48:59Z,https://github.com/dinocata/SwiftUI-MVVM
MV,repo_search,MV,658769803,JeikZim/todo_swiftui_mvi,todo_swiftui_mvi,,,0,0,0,0,Swift,2023-06-26T13:04:49Z,2023-06-26T13:04:57Z,https://github.com/JeikZim/todo_swiftui_mvi
MV,repo_search,MV,671627160,mborges18/login-swiftui-mvvm,login-swiftui-mvvm,,,0,0,0,0,Swift,2023-07-27T18:55:16Z,2024-04-17T13:24:08Z,https://github.com/mborges18/login-swiftui-mvvm
MV,repo_search,MV,447642860,eduardofinotti/swiftui-MVVM-example,swiftui-MVVM-example,,,0,0,0,0,Swift,2022-01-13T15:05:23Z,2022-01-13T16:00:39Z,https://github.com/eduardofinotti/swiftui-MVVM-example
MV,repo_search,MV,494498513,AlessandroLima/swiftUIAndMvvm,swiftUIAndMvvm,,,0,0,0,0,Swift,2022-05-20T14:35:21Z,2022-06-22T13:38:07Z,https://github.com/AlessandroLima/swiftUIAndMvvm
MV,repo_search,MV,272491022,fsalata/SwiftUI-MVVM,SwiftUI-MVVM,,,0,0,0,0,Swift,2020-06-15T16:34:52Z,2020-06-15T17:32:45Z,https://github.com/fsalata/SwiftUI-MVVM
MV,repo_search,MV,527476587,victsomie/SwiftUI-MVVM,SwiftUI-MVVM,Swift UI MVVM implementition,,0,0,0,0,Swift,2022-08-22T08:31:13Z,2022-08-22T09:25:22Z,https://github.com/victsomie/SwiftUI-MVVM
MV,repo_search,MV,510103305,MehmetNuriAkyol/SwiftUI-MVVM,SwiftUI-MVVM,SwiftUI MVVM Sample App,,0,0,0,0,Swift,2022-07-03T18:23:35Z,2022-07-03T18:24:44Z,https://github.com/MehmetNuriAkyol/SwiftUI-MVVM
MV,repo_search,MV,678819301,jackychoi26/SwiftUI-MVVM,SwiftUI-MVVM,,,0,0,0,0,Swift,2023-08-15T13:04:49Z,2023-08-15T13:29:37Z,https://github.com/jackychoi26/SwiftUI-MVVM
MV,repo_search,MV,566205782,tonujewel/SwiftUiMvvm,SwiftUiMvvm,,,0,0,0,0,Swift,2022-11-15T07:21:44Z,2022-11-15T07:21:51Z,https://github.com/tonujewel/SwiftUiMvvm
MV,repo_search,MV,559572699,giovannidispoto/SwiftUI-MVVM,SwiftUI-MVVM,,,0,0,0,0,Swift,2022-10-30T14:36:42Z,2022-10-30T14:45:52Z,https://github.com/giovannidispoto/SwiftUI-MVVM
MV,repo_search,MV,251331692,Rouix/SwiftUI_MVVM,SwiftUI_MVVM,,,0,0,0,0,Swift,2020-03-30T14:33:48Z,2020-04-13T11:19:49Z,https://github.com/Rouix/SwiftUI_MVVM
MV,repo_search,MV,357206579,Ashwini1Sapre/SwiftUI_MVVM,SwiftUI_MVVM,,,0,0,0,0,Swift,2021-04-12T13:34:59Z,2021-04-12T13:35:06Z,https://github.com/Ashwini1Sapre/SwiftUI_MVVM
MV,repo_search,MV,734383003,jamalahamad/MVVM_SwiftUI,MVVM_SwiftUI,,,0,0,0,0,Swift,2023-12-21T14:43:28Z,2023-12-21T14:43:37Z,https://github.com/jamalahamad/MVVM_SwiftUI
MV,repo_search,MV,644555500,igor1309/SwiftUI-MVVM,SwiftUI-MVVM,A sceleton of SwiftUI MVVM,,0,0,0,0,Swift,2023-05-23T19:08:53Z,2023-05-23T19:11:37Z,https://github.com/igor1309/SwiftUI-MVVM
MV,repo_search,MV,408970270,moquiutijunio/SwiftUI-MVVM,SwiftUI-MVVM,Estudando SwiftUI com MVVM,,0,0,0,0,Swift,2021-09-21T20:50:08Z,2021-12-01T13:48:53Z,https://github.com/moquiutijunio/SwiftUI-MVVM
MV,repo_search,MV,280324043,titaniper/ios-mvvm-swiftui,ios-mvvm-swiftui,https://cs193p.sites.stanford.edu/,,0,0,0,0,Swift,2020-07-17T04:14:26Z,2020-09-15T02:13:16Z,https://github.com/titaniper/ios-mvvm-swiftui
MV,repo_search,MV,328816676,NohEunTae/SwiftUICombineMVVMSample,SwiftUICombineMVVMSample,,,0,0,0,0,Swift,2021-01-11T23:22:03Z,2021-09-19T14:59:40Z,https://github.com/NohEunTae/SwiftUICombineMVVMSample
MV,repo_search,MV,1102600705,zerlik/SwiftUI_MVVM,SwiftUI_MVVM,,,0,0,0,0,Swift,2025-11-23T18:45:25Z,2025-11-23T18:50:06Z,https://github.com/zerlik/SwiftUI_MVVM
MV,repo_search,MV,849434010,gouthamdevaraju/SwiftUI-MVVM,SwiftUI-MVVM,This is an example MVVM design pattern project using SwiftUI framework,,0,0,0,0,Swift,2024-08-29T15:30:51Z,2024-09-02T08:24:16Z,https://github.com/gouthamdevaraju/SwiftUI-MVVM
MV,repo_search,MV,906714110,KirillHomy/SwiftUiMVVM,SwiftUiMVVM,,,0,0,0,0,Swift,2024-12-21T17:29:35Z,2024-12-21T18:40:17Z,https://github.com/KirillHomy/SwiftUiMVVM
MV,repo_search,MV,663076870,gautam-menon/SwiftUI-MVVM,SwiftUI-MVVM,,,0,0,0,0,Swift,2023-07-06T13:57:14Z,2023-07-06T14:09:47Z,https://github.com/gautam-menon/SwiftUI-MVVM
MV,repo_search,MV,743725134,Ramihb/swiftui_mvvm_template,swiftui_mvvm_template,,,0,0,0,0,Swift,2024-01-15T21:11:09Z,2024-01-15T21:19:38Z,https://github.com/Ramihb/swiftui_mvvm_template
MV,repo_search,MV,602918782,AKitty88/MVVM_SwiftUI,MVVM_SwiftUI,,,0,0,0,0,Swift,2023-02-17T08:17:32Z,2023-02-17T08:23:18Z,https://github.com/AKitty88/MVVM_SwiftUI
MV,repo_search,MV,692615828,kanheren/SwiftUI_MVVM,SwiftUI_MVVM,SwiftUI with MVVM architecture,,0,0,0,0,Swift,2023-09-17T03:19:20Z,2023-09-17T03:20:34Z,https://github.com/kanheren/SwiftUI_MVVM
MV,repo_search,MV,803692200,edritech93/example-mvvm-swiftui,example-mvvm-swiftui,,,0,0,0,0,Swift,2024-05-21T07:57:30Z,2024-05-21T08:51:33Z,https://github.com/edritech93/example-mvvm-swiftui
MV,repo_search,MV,965287399,sudhakar-vajrala/MVVM-SwiftUI,MVVM-SwiftUI,,,0,0,0,0,Swift,2025-04-12T20:29:35Z,2025-04-12T20:57:14Z,https://github.com/sudhakar-vajrala/MVVM-SwiftUI
MV,repo_search,MV,420727496,mvolkmann/SwiftUI-MVVM,SwiftUI-MVVM,,,0,0,0,0,Swift,2021-10-24T15:52:06Z,2021-10-24T15:57:51Z,https://github.com/mvolkmann/SwiftUI-MVVM
MV,repo_search,MV,449342849,DiegoQuimbo/SwiftUI-MVVM,SwiftUI-MVVM,,,0,0,0,0,Swift,2022-01-18T15:36:37Z,2022-01-18T15:38:35Z,https://github.com/DiegoQuimbo/SwiftUI-MVVM
MV,repo_search,MV,392982790,dutchman-bd/SwiftUI-MVVM,SwiftUI-MVVM,,,0,0,0,0,Swift,2021-08-05T09:28:04Z,2021-08-05T18:52:54Z,https://github.com/dutchman-bd/SwiftUI-MVVM
MV,repo_search,MV,506206087,mzahidimran/MVVM-SwiftUI,MVVM-SwiftUI,,,0,0,0,0,Swift,2022-06-22T10:50:10Z,2022-06-22T10:51:47Z,https://github.com/mzahidimran/MVVM-SwiftUI
MV,repo_search,MV,725481628,surendra-mahawar/MVVM-SwiftUI,MVVM-SwiftUI,Basic SwiftUI Project based on MVVM Architecture,,0,0,0,0,Swift,2023-11-30T08:32:14Z,2023-11-30T08:32:22Z,https://github.com/surendra-mahawar/MVVM-SwiftUI
MV,repo_search,MV,789358011,selilcp/Course_MVVM_swiftui,Course_MVVM_swiftui,,,0,0,0,0,Swift,2024-04-20T10:15:15Z,2024-04-20T17:56:37Z,https://github.com/selilcp/Course_MVVM_swiftui
MV,repo_search,MV,453252848,AlphaDVLPR/MVVM-SwiftUI,MVVM-SwiftUI,This is a project for me to familiarize myself with SwiftUI and using MVVM design pattern,,0,0,0,0,Swift,2022-01-29T00:02:52Z,2022-01-29T00:10:32Z,https://github.com/AlphaDVLPR/MVVM-SwiftUI
MV,repo_search,MV,743151461,kambizvb6/MVVM-in-Swiftui,MVVM-in-Swiftui,data models with mvvm in swiftui,,0,0,0,0,Swift,2024-01-14T13:46:41Z,2024-01-14T13:47:22Z,https://github.com/kambizvb6/MVVM-in-Swiftui
MV,repo_search,MV,479445535,wasii/todolist-mvvm-swiftui,todolist-mvvm-swiftui,,,0,0,0,0,Swift,2022-04-08T15:33:18Z,2023-09-22T05:39:02Z,https://github.com/wasii/todolist-mvvm-swiftui
MV,repo_search,MV,863461748,aanndd2024/SwiftUI-MVVM,SwiftUI-MVVM,,,0,0,0,0,Swift,2024-09-26T10:36:32Z,2024-09-26T14:14:53Z,https://github.com/aanndd2024/SwiftUI-MVVM
MV,repo_search,MV,295516978,AmousQiu/MVVM_SwiftUI,MVVM_SwiftUI,,,0,0,0,0,Swift,2020-09-14T19:24:06Z,2020-09-14T19:36:31Z,https://github.com/AmousQiu/MVVM_SwiftUI
MV,repo_search,MV,416089458,kerridge/SwiftUI-MVVM,SwiftUI-MVVM,An MVVM implementation using SwiftUI and Combine publishers to achieve a reactive View,,0,0,0,0,Swift,2021-10-11T21:17:22Z,2021-10-26T05:16:55Z,https://github.com/kerridge/SwiftUI-MVVM
MV,repo_search,MV,1056730831,Divinity360/yelp-mvvm-swiftui,yelp-mvvm-swiftui,,,0,0,0,0,Swift,2025-09-14T17:31:59Z,2025-09-14T17:32:26Z,https://github.com/Divinity360/yelp-mvvm-swiftui
MV,repo_search,MV,637115433,Imran4424/SwiftUI-MVVM,SwiftUI-MVVM,,,0,0,0,0,Swift,2023-05-06T14:56:10Z,2023-05-06T15:55:50Z,https://github.com/Imran4424/SwiftUI-MVVM
MV,repo_search,MV,1230022283,avaneeshkawasthi/SwiftUI-MVVM,SwiftUI-MVVM,"A demo iOS app built with SwiftUI using MVVM architecture. It demonstrates clean code practices, clear separation of concerns, and scalable UI design. Includes state management, API integration, and reusable components for building maintainable and testable applications.",,0,0,0,0,Swift,2026-05-05T15:48:21Z,2026-05-06T03:21:07Z,https://github.com/avaneeshkawasthi/SwiftUI-MVVM
MV,repo_search,MV,622880153,mrkazansky/swiftui-mvvm-c,swiftui-mvvm-c,,,0,0,0,0,Swift,2023-04-03T08:51:16Z,2023-04-28T16:01:05Z,https://github.com/mrkazansky/swiftui-mvvm-c
MV,repo_search,MV,1045817407,Vhora01/MVVM_SwiftUI,MVVM_SwiftUI,,,0,0,0,0,Swift,2025-08-27T18:52:18Z,2025-08-27T18:52:24Z,https://github.com/Vhora01/MVVM_SwiftUI
MV,repo_search,MV,630477390,heonha/mvvmc-swiftui-reference,mvvmc-swiftui-reference,SwiftUI MVVM-C를 위한 Coordinator 구현 관련 자료,,0,0,0,0,Swift,2023-04-20T13:17:02Z,2023-10-03T15:08:46Z,https://github.com/heonha/mvvmc-swiftui-reference
MV,repo_search,MV,646347253,shiv-it-engineer/SwiftUI-MVVM,SwiftUI-MVVM,,,0,0,0,0,Swift,2023-05-28T05:06:24Z,2023-05-28T05:06:30Z,https://github.com/shiv-it-engineer/SwiftUI-MVVM
MV,repo_search,MV,381011540,marvinmahilum/SwiftUI-MVVMWeather,SwiftUI-MVVMWeather,SwiftUI - 17. MVVM Weather,,0,0,0,0,Swift,2021-06-28T11:45:38Z,2021-06-28T11:45:45Z,https://github.com/marvinmahilum/SwiftUI-MVVMWeather
MV,repo_search,MV,387237311,sans-connaissance/SwiftUI-MVVM,SwiftUI-MVVM,MVVM refactor excercise,,0,0,0,0,Swift,2021-07-18T17:54:29Z,2021-07-18T20:31:39Z,https://github.com/sans-connaissance/SwiftUI-MVVM
MV,repo_search,MV,520735643,dhaval12593/SwiftUI_MVVM,SwiftUI_MVVM,A basic swiftui app which uses MVVM to show a static list of stocks,,0,0,0,0,Swift,2022-08-03T04:20:26Z,2022-08-03T04:23:07Z,https://github.com/dhaval12593/SwiftUI_MVVM
MV,repo_search,MV,476768548,yashlangaliya/SwiftUI-MVVM,SwiftUI-MVVM,Swift UI using MVVM Archicture,,0,0,0,0,Swift,2022-04-01T15:11:30Z,2022-04-01T15:11:36Z,https://github.com/yashlangaliya/SwiftUI-MVVM
MV,repo_search,MV,1135707260,kashyaprrathod/SwiftUi-MVI,SwiftUi-MVI,,,0,0,0,0,Swift,2026-01-16T13:31:20Z,2026-01-16T13:36:51Z,https://github.com/kashyaprrathod/SwiftUi-MVI
MV,repo_search,MV,203763980,charleyfromage/template-mvvmc-swiftui,template-mvvmc-swiftui,,,0,0,0,0,Swift,2019-08-22T09:45:08Z,2019-12-20T16:40:37Z,https://github.com/charleyfromage/template-mvvmc-swiftui
MV,repo_search,MV,312249225,JohnYezub/SwiftUI_mvvm,SwiftUI_mvvm,Simple SwiftUI App demonstrates lists of US news (thanks https://newsapi.org/). Webkit for detailed news view and WidgetKit for top articles,"ios14,mvvm,observedobject,swift,swift5,swiftui,webkit,widgetkit,widgets,xcode,xcode12",0,0,0,0,Swift,2020-11-12T10:57:45Z,2020-11-17T09:55:13Z,https://github.com/JohnYezub/SwiftUI_mvvm
MV,repo_search,MV,700897565,WTDDSSOFT/MapSwiftuiMVVM,MapSwiftuiMVVM,Implement MVVM with swiftui,,0,0,0,0,Swift,2023-10-05T14:05:02Z,2023-10-05T14:11:05Z,https://github.com/WTDDSSOFT/MapSwiftuiMVVM
MV,repo_search,MV,442306526,B0Y3R/SwiftUI-MVVM,SwiftUI-MVVM,practice app where i refactored to MVVM ,,0,0,0,0,Swift,2021-12-28T00:28:02Z,2021-12-28T00:28:59Z,https://github.com/B0Y3R/SwiftUI-MVVM
MV,repo_search,MV,346258638,nick6969/SwiftUI-MVVM,SwiftUI-MVVM,iOS@Taipei 2021/03/09 Demo Project,,0,0,0,0,Swift,2021-03-10T06:42:33Z,2021-03-10T06:43:17Z,https://github.com/nick6969/SwiftUI-MVVM
MV,repo_search,MV,1018213729,BCWoodard/SwiftUI-MVVM,SwiftUI-MVVM,,,0,0,0,0,Swift,2025-07-11T20:08:02Z,2025-07-11T20:10:07Z,https://github.com/BCWoodard/SwiftUI-MVVM
MV,repo_search,MV,816926404,jasminyduarte/MVVM-SwiftUI,MVVM-SwiftUI,Projeto simples abordando sobre arquitetura MVVM com SwiftUI consumindo API da Marvel.,,0,0,0,0,Swift,2024-06-18T16:59:55Z,2024-06-18T18:41:53Z,https://github.com/jasminyduarte/MVVM-SwiftUI
MV,repo_search,MV,794896596,Leo-95swift/SwiftUIPlayerMVVM,SwiftUIPlayerMVVM,,,0,0,0,1,Swift,2024-05-02T07:12:39Z,2024-05-02T07:34:52Z,https://github.com/Leo-95swift/SwiftUIPlayerMVVM
MV,repo_search,MV,437204169,ryutenu/MVVM-SwiftUI,MVVM-SwiftUI,,,0,0,0,0,Swift,2021-12-11T06:15:46Z,2021-12-25T13:57:46Z,https://github.com/ryutenu/MVVM-SwiftUI
MV,repo_search,MV,282547700,ttdp2/SwiftUI-MVVM,SwiftUI-MVVM,,,0,0,0,0,Swift,2020-07-26T00:26:52Z,2020-08-11T07:44:30Z,https://github.com/ttdp2/SwiftUI-MVVM
MV,repo_search,MV,549925370,MrE-Fog/SwiftUI-MVVM,SwiftUI-MVVM,,,0,0,0,0,Swift,2022-10-12T00:21:33Z,2022-10-12T00:21:42Z,https://github.com/MrE-Fog/SwiftUI-MVVM
MV,repo_search,MV,654770902,EricGolovin/swiftui-mvvmc-example,swiftui-mvvmc-example,One of many examples of MVVM+C architectures in SwiftUI.,,0,0,0,0,Swift,2023-06-16T23:16:09Z,2023-06-16T23:20:43Z,https://github.com/EricGolovin/swiftui-mvvmc-example
MV,repo_search,MV,695090487,socialmohansingh/SwiftUI-MVVMC,SwiftUI-MVVMC,,,0,0,0,0,Swift,2023-09-22T10:32:18Z,2023-09-22T10:34:39Z,https://github.com/socialmohansingh/SwiftUI-MVVMC
MV,repo_search,MV,381061282,zolotalice/SwiftUI_MVVM,SwiftUI_MVVM,,,0,0,0,0,Swift,2021-06-28T14:32:07Z,2021-06-28T14:33:00Z,https://github.com/zolotalice/SwiftUI_MVVM
MV,repo_search,MV,440187161,smit9612/SwiftUI-MVVMC,SwiftUI-MVVMC,,,0,0,0,0,Swift,2021-12-20T13:51:41Z,2021-12-20T13:52:32Z,https://github.com/smit9612/SwiftUI-MVVMC
MV,repo_search,MV,1011768485,GorMartirosyan/SwiftUI-MVVM,SwiftUI-MVVM,A SwiftUI + Combine template for building modular apps with custom MVVM architecture and unidirectional data flow.,"architecture,combine,demo-app,ios,ios-app,mvvm,state-management,swiftui,template,unidirectional-data-flow",0,0,0,0,Swift,2025-07-01T10:06:22Z,2025-07-20T19:17:31Z,https://github.com/GorMartirosyan/SwiftUI-MVVM
MV,repo_search,MV,729460082,adityaghp/todolist-mvvm-swiftui,todolist-mvvm-swiftui,,,0,0,0,0,Swift,2023-12-09T09:53:43Z,2023-12-09T09:59:25Z,https://github.com/adityaghp/todolist-mvvm-swiftui
MV,repo_search,MV,732280044,UISameer/MVVM-SwiftUI,MVVM-SwiftUI,SwiftUI MVVM API Call Demo,,0,0,0,0,Swift,2023-12-16T06:25:38Z,2023-12-16T08:18:27Z,https://github.com/UISameer/MVVM-SwiftUI
MV,repo_search,MV,274884270,asisadh/mvvm-swiftui-stanford,mvvm-swiftui-stanford,,,0,0,0,0,Swift,2020-06-25T10:07:03Z,2020-06-28T03:35:00Z,https://github.com/asisadh/mvvm-swiftui-stanford
MV,repo_search,MV,545644287,alexmorral/swiftui-mvvm-base,swiftui-mvvm-base,A SwiftUI MVVM base project using SWAPI,,0,0,0,0,Swift,2022-10-04T18:29:32Z,2022-10-04T18:32:23Z,https://github.com/alexmorral/swiftui-mvvm-base
MV,repo_search,MV,606464405,fran-obarrio/swiftUI-MVVM,swiftUI-MVVM,,,0,0,0,0,Swift,2023-02-25T15:19:04Z,2023-02-25T15:57:42Z,https://github.com/fran-obarrio/swiftUI-MVVM
MV,repo_search,MV,700782356,leminhcse/MVVM_SwiftUI,MVVM_SwiftUI,Loading data from sever and display it on List in SwiftUI using MVVM pattern,,0,0,0,0,Swift,2023-10-05T09:32:21Z,2023-10-05T09:35:35Z,https://github.com/leminhcse/MVVM_SwiftUI
MV,repo_search,MV,764445339,Dhavalbhimani007/SwiftUI-MVVM,SwiftUI-MVVM,,,0,0,0,0,Swift,2024-02-28T04:49:46Z,2024-03-01T03:56:10Z,https://github.com/Dhavalbhimani007/SwiftUI-MVVM
MV,repo_search,MV,763960332,antmorzam/ios-mvvm-swiftui,ios-mvvm-swiftui,,,0,0,0,0,Swift,2024-02-27T08:23:03Z,2024-03-04T13:08:34Z,https://github.com/antmorzam/ios-mvvm-swiftui
MV,repo_search,MV,487388407,exzos28/todolist-swiftui-mvvm,todolist-swiftui-mvvm,,,0,0,0,0,Swift,2022-04-30T21:49:12Z,2022-04-30T21:59:02Z,https://github.com/exzos28/todolist-swiftui-mvvm
MV,repo_search,MV,912907581,Fabersp/MVVM-SwiftUI-Template,MVVM-SwiftUI-Template,MVVM SwiftUI Template,,0,0,0,0,Swift,2025-01-06T16:30:38Z,2025-01-06T17:31:21Z,https://github.com/Fabersp/MVVM-SwiftUI-Template
MV,repo_search,MV,1003330924,petezajot/MVVM_template,MVVM_template,Template for MVVM swiftUI,,0,0,0,0,Swift,2025-06-17T01:46:14Z,2026-04-09T02:53:22Z,https://github.com/petezajot/MVVM_template
MV,repo_search,MV,292664719,pmurphyjam/SwiftUI-Template-MVVM,SwiftUI-Template-MVVM,SwiftUI-Template-MVVM,,0,0,0,0,Swift,2020-09-03T19:44:31Z,2020-09-03T19:44:36Z,https://github.com/pmurphyjam/SwiftUI-Template-MVVM
MV,repo_search,MV,721536118,GiauHuynhWiki/SwiftUI_MVVM_Prototype,SwiftUI_MVVM_Prototype,SwiftUI_MVVM_Prototype,,0,0,0,0,Swift,2023-11-21T09:10:35Z,2025-03-25T06:34:22Z,https://github.com/GiauHuynhWiki/SwiftUI_MVVM_Prototype
MV,repo_search,MV,1228246471,CoderPritam2014/LS-SwiftUI-MVVM,LS-SwiftUI-MVVM,LS-SwiftUI-MVVM,,0,0,0,0,Swift,2026-05-03T19:34:51Z,2026-05-03T20:52:28Z,https://github.com/CoderPritam2014/LS-SwiftUI-MVVM
MV,repo_search,MV,830149920,akaraoluk/MVVM-Coordinator,MVVM-Coordinator,MVVM-Coordinator-SwiftUI-Combine,,0,0,0,0,Swift,2024-07-17T17:34:46Z,2024-07-17T17:36:34Z,https://github.com/akaraoluk/MVVM-Coordinator
MV,repo_search,MV,369979533,vimask/MVVM-SwiftUI-Demo,MVVM-SwiftUI-Demo,MVVM SwiftUI Demo,,0,0,0,0,Swift,2021-05-23T06:37:46Z,2023-03-17T12:38:36Z,https://github.com/vimask/MVVM-SwiftUI-Demo
MV,repo_search,MV,534859393,mikekondo/MiniApp-SwiftUI-MVVMCalcApp,MiniApp-SwiftUI-MVVMCalcApp,SwiftUI × MVVMの計算機アプリ,"mvvm-architecture,swiftui",0,0,0,0,Swift,2022-09-10T01:38:34Z,2022-10-05T02:02:09Z,https://github.com/mikekondo/MiniApp-SwiftUI-MVVMCalcApp
MV,repo_search,MV,591215651,mikekondo/MiniApp-SwiftUI-MVVMTodoApp,MiniApp-SwiftUI-MVVMTodoApp,,,0,0,0,0,Swift,2023-01-20T07:46:19Z,2023-01-20T07:47:04Z,https://github.com/mikekondo/MiniApp-SwiftUI-MVVMTodoApp
MV,repo_search,MV,1042524069,sidshekar/swiftUI_MVVM_vs_MV_azam,swiftUI_MVVM_vs_MV_azam,,,0,0,0,0,Swift,2025-08-22T06:42:35Z,2025-08-22T22:00:52Z,https://github.com/sidshekar/swiftUI_MVVM_vs_MV_azam
MV,repo_search,MV,521842884,IanKulin/MVVMLight,MVVMLight,Simple SwiftUI MVVM demo app,,0,0,0,0,Swift,2022-08-06T04:09:13Z,2022-08-06T04:14:48Z,https://github.com/IanKulin/MVVMLight
MV,repo_search,MV,779235692,MohamedAmineGannoun/MvvmSwiftUI,MvvmSwiftUI,"Simple API Call using SwiftUI , MVVM , Combine",,0,0,0,0,Swift,2024-03-29T10:57:19Z,2024-03-29T10:57:24Z,https://github.com/MohamedAmineGannoun/MvvmSwiftUI
MV,repo_search,MV,700150373,chhan-sophearith/SwiftUI-MVVM-iOS,SwiftUI-MVVM-iOS,SwiftUI-MVVM-iOS,,0,0,0,1,Swift,2023-10-04T03:33:10Z,2024-07-08T10:27:51Z,https://github.com/chhan-sophearith/SwiftUI-MVVM-iOS
MV,repo_search,MV,459418564,vncsnts/GithubUserList-MVVM-Coredata,GithubUserList-MVVM-Coredata,SwiftUI + MVVM + Coredata,,0,0,0,0,Swift,2022-02-15T03:50:51Z,2022-02-15T03:52:04Z,https://github.com/vncsnts/GithubUserList-MVVM-Coredata
MV,repo_search,MV,894428076,allmycalifornia/NewsApp-SwiftUI-MVVM,NewsApp-SwiftUI-MVVM,SwiftUI / MVVM / Firebase,,0,0,0,0,Swift,2024-11-26T10:41:54Z,2024-11-27T09:33:36Z,https://github.com/allmycalifornia/NewsApp-SwiftUI-MVVM
MV,repo_search,MV,207902900,jrobertogcing/swiftUI-MVVM-Test1,swiftUI-MVVM-Test1,SwiftUI MVVM Test1,,0,0,0,0,Swift,2019-09-11T20:40:53Z,2019-09-11T20:50:17Z,https://github.com/jrobertogcing/swiftUI-MVVM-Test1
MV,repo_search,MV,925863654,ahmetbostanciklioglu/MVVM_in_inSwiftUI,MVVM_in_inSwiftUI,MVVM in SwiftUI,,0,1,0,0,Swift,2025-02-01T23:20:15Z,2025-02-01T23:20:51Z,https://github.com/ahmetbostanciklioglu/MVVM_in_inSwiftUI
MV,repo_search,MV,402719848,y2kpaulh/LogInMVVM,LogInMVVM,SwiftUI Combine MVVM Example,,0,0,0,0,Swift,2021-09-03T09:44:12Z,2022-03-12T12:17:46Z,https://github.com/y2kpaulh/LogInMVVM
MV,repo_search,MV,572179389,Farhad2015/MVVMWithSwift,MVVMWithSwift,Practical mvvm architecture with swiftui for ios project ,,0,0,0,0,Swift,2022-11-29T18:08:55Z,2022-11-30T15:29:24Z,https://github.com/Farhad2015/MVVMWithSwift
MV,repo_search,MV,283690065,ihoorados/MVVMSwiftUI-GitRepository-,MVVMSwiftUI-GitRepository-,Quick preview of GitHub account with SwiftUI,,0,0,0,0,Swift,2020-07-30T06:37:25Z,2021-03-04T18:07:26Z,https://github.com/ihoorados/MVVMSwiftUI-GitRepository-
MV,repo_search,MV,816389240,joseluissanchezporrogodoy/MVVM_Coordinator,MVVM_Coordinator,"Test MVVM and Coordinator, SwiftUI",,0,0,0,0,Swift,2024-06-17T16:41:31Z,2024-06-17T16:41:36Z,https://github.com/joseluissanchezporrogodoy/MVVM_Coordinator
MV,repo_search,MV,488725954,Nicolaidam/mvvm-demo,mvvm-demo,Vanilla MVVM SwiftUI sample app. ,,0,0,0,0,Swift,2022-05-04T19:55:09Z,2026-01-28T09:11:11Z,https://github.com/Nicolaidam/mvvm-demo
MV,repo_search,MV,1149277687,korbek99/GamesMVVMSWUI,GamesMVVMSWUI,SImply MVVM Example with SwiftUI,,0,0,0,0,Swift,2026-02-03T23:40:01Z,2026-02-04T20:30:48Z,https://github.com/korbek99/GamesMVVMSWUI
MV,repo_search,MV,1147564937,korbek99/NewsMVVMSWUI,NewsMVVMSWUI,Simply Example Viper with SwiftUI,,0,0,0,0,Swift,2026-02-01T23:43:32Z,2026-02-02T22:11:20Z,https://github.com/korbek99/NewsMVVMSWUI
MV,repo_search,MV,365495688,javafa/Swift-MVVM,Swift-MVVM,MVVM with swiftui and combine,,0,0,0,0,Swift,2021-05-08T11:21:37Z,2021-05-20T11:03:31Z,https://github.com/javafa/Swift-MVVM
MV,repo_search,MV,301560220,jcapponi/Pictures-SwiftUI-MVVM,Pictures-SwiftUI-MVVM,Implementación de MVVM con SwiftUI,,0,0,0,0,Swift,2020-10-05T23:02:42Z,2020-10-05T23:21:03Z,https://github.com/jcapponi/Pictures-SwiftUI-MVVM
MV,repo_search,MV,670455486,RakeshYadavGit/SwiftUi-MVVM-Demo,SwiftUi-MVVM-Demo,The project is based on MVVM architecture using SwiftUI,,0,0,0,0,Swift,2023-07-25T05:14:09Z,2023-07-25T05:14:14Z,https://github.com/RakeshYadavGit/SwiftUi-MVVM-Demo
MV,repo_search,MV,434880784,varol/SwiftUI-with-MVVM,SwiftUI-with-MVVM,This repo is my playground where I try new things while learning SwiftUI.,"mvvm,mvvm-architecture,swift,swiftui,swiftui-demo,swiftui-example,swiftui-learning,swiftui-tutorials",0,0,0,0,Swift,2021-12-04T11:18:57Z,2022-03-12T13:46:13Z,https://github.com/varol/SwiftUI-with-MVVM
MV,repo_search,MV,417557259,kahdichienja/todo_list_mvvm_swiftui,todo_list_mvvm_swiftui,,,0,0,0,0,Swift,2021-10-15T15:56:18Z,2021-11-01T09:02:58Z,https://github.com/kahdichienja/todo_list_mvvm_swiftui
MV,repo_search,MV,925860842,ahmetbostanciklioglu/MVP_in_SwiftUI,MVP_in_SwiftUI,MVP Architectural Patterns in SwiftUI,,0,1,0,0,Swift,2025-02-01T23:07:18Z,2025-02-01T23:08:49Z,https://github.com/ahmetbostanciklioglu/MVP_in_SwiftUI
MV,repo_search,MV,1219009077,pratikjoshi-dev/ios-swiftui-mvvm-todo,ios-swiftui-mvvm-todo,,,0,0,0,0,Swift,2026-04-23T12:44:08Z,2026-04-23T13:07:53Z,https://github.com/pratikjoshi-dev/ios-swiftui-mvvm-todo
MV,repo_search,MV;Model View;Model-View,843513122,leovido/mv-much-better-exercise,mv-much-better-exercise,Portfolio project showcasing the MV (Model View) pattern with SwiftUI,,0,0,0,0,Swift,2024-08-16T17:20:45Z,2024-08-16T17:25:12Z,https://github.com/leovido/mv-much-better-exercise
MV,repo_search,MV,432638799,AsadullaJuraev/SwiftUI-Post-MVVM,SwiftUI-Post-MVVM,,,0,0,0,0,Swift,2021-11-28T06:40:37Z,2021-11-28T06:41:08Z,https://github.com/AsadullaJuraev/SwiftUI-Post-MVVM
MV,repo_search,MV,393012355,ksloginov/Kristiania-SwiftUI-MVVM,Kristiania-SwiftUI-MVVM,,,0,0,0,0,Swift,2021-08-05T11:13:17Z,2021-08-29T19:33:20Z,https://github.com/ksloginov/Kristiania-SwiftUI-MVVM
MV,repo_search,MV,1018033203,PhyoMyanmarKyaw/SwiftUI-MVVM-sample,SwiftUI-MVVM-sample,"iOS demo app built with SwiftUI, following MVVM architecture",,0,0,0,0,Swift,2025-07-11T13:48:11Z,2025-07-11T14:11:43Z,https://github.com/PhyoMyanmarKyaw/SwiftUI-MVVM-sample
MV,repo_search,MV,551911242,vrjustin/HelloMVVM-SwiftUI,HelloMVVM-SwiftUI,Simple SwiftUI Counter App - Using MVVM Pattern,,0,0,0,0,Swift,2022-10-15T11:24:58Z,2022-10-15T11:25:34Z,https://github.com/vrjustin/HelloMVVM-SwiftUI
MV,repo_search,MV,551928731,vrjustin/SwiftUI-Movies-MVVM,SwiftUI-Movies-MVVM,Example app using SwiftUI / consuming WebAPI with key / MVVM pattern.,,0,0,0,0,Swift,2022-10-15T12:16:48Z,2022-10-15T12:17:23Z,https://github.com/vrjustin/SwiftUI-Movies-MVVM
MV,repo_search,MV,590812629,Karamjitsingh1989/MVVM-SwiftUI-Demo,MVVM-SwiftUI-Demo,,,0,0,0,0,Swift,2023-01-19T09:15:19Z,2023-01-20T01:36:43Z,https://github.com/Karamjitsingh1989/MVVM-SwiftUI-Demo
MV,repo_search,MV,599922779,narendraiosd7/SwiftUI-MVVM-Combine,SwiftUI-MVVM-Combine,,,0,0,0,0,Swift,2023-02-10T07:12:53Z,2023-02-10T07:17:20Z,https://github.com/narendraiosd7/SwiftUI-MVVM-Combine
MV,repo_search,MV,1090186557,TheIbrarBashir/Calculator-SwiftUI-MVC,Calculator-SwiftUI-MVC,,,0,0,0,0,Swift,2025-11-05T10:34:20Z,2025-11-05T10:34:43Z,https://github.com/TheIbrarBashir/Calculator-SwiftUI-MVC
MV,repo_search,MV,960461005,SahilChowkekar22/MVVM-Repository-SwiftUI,MVVM-Repository-SwiftUI,,,0,0,0,0,Swift,2025-04-04T13:26:32Z,2025-04-04T13:40:40Z,https://github.com/SahilChowkekar22/MVVM-Repository-SwiftUI
MV,repo_search,MV,975283587,ges259/SwiftUI_Insta_MVVM,SwiftUI_Insta_MVVM,,,0,0,0,0,Swift,2025-04-30T04:27:13Z,2025-04-30T04:36:16Z,https://github.com/ges259/SwiftUI_Insta_MVVM
MV,repo_search,MV,566387549,Hansaanuradha93/SwiftUI-MVVM-News,SwiftUI-MVVM-News,,,0,0,0,0,Swift,2022-11-15T15:12:05Z,2022-11-15T15:18:35Z,https://github.com/Hansaanuradha93/SwiftUI-MVVM-News
MV,repo_search,MV,612983276,gautamswostik/swiftui_tmdb_mvvm_complete,swiftui_tmdb_mvvm_complete,,,0,0,0,0,Swift,2023-03-12T15:05:45Z,2023-03-12T15:06:56Z,https://github.com/gautamswostik/swiftui_tmdb_mvvm_complete
MV,repo_search,MV,602705527,samrezikram/CoinMarketSwiftuiMVVM,CoinMarketSwiftuiMVVM,,,0,0,0,0,Swift,2023-02-16T19:17:35Z,2023-02-16T19:20:16Z,https://github.com/samrezikram/CoinMarketSwiftuiMVVM
MV,repo_search,MV,741326565,pragati-rawa7/mvvm-swiftui-combine-test,mvvm-swiftui-combine-test,Example Project to demonstrate SwiftUI MVVM Combine and Unit UI test cases with dependency injections.,,0,0,0,0,Swift,2024-01-10T06:54:47Z,2024-01-10T10:07:43Z,https://github.com/pragati-rawa7/mvvm-swiftui-combine-test
MV,repo_search,MV,679525506,novicePGT/SwiftUI_with_MVVM,SwiftUI_with_MVVM,MVVM 디자인 패턴을 사용해서 SwiftUi 학습하기 !,,0,0,0,0,Swift,2023-08-17T03:37:28Z,2023-08-17T03:37:33Z,https://github.com/novicePGT/SwiftUI_with_MVVM
MV,repo_search,MV,1203646523,karthiks819/SwiftUI_MVVM_Sample,SwiftUI_MVVM_Sample,Example of simple login and profile screen with MVVM including test cases,,0,0,0,0,Swift,2026-04-07T08:28:59Z,2026-04-07T08:29:33Z,https://github.com/karthiks819/SwiftUI_MVVM_Sample
MV,repo_search,MV,434597276,sgiatrakis/Practical-SwiftUI-MVVM,Practical-SwiftUI-MVVM,Practical iOS MVVM - SwiftUI,,0,0,0,0,Swift,2021-12-03T12:59:09Z,2025-09-29T13:11:33Z,https://github.com/sgiatrakis/Practical-SwiftUI-MVVM
MV,repo_search,MV,455309257,MarcosChevis/Neneccoins-MVVM-SwiftUI,Neneccoins-MVVM-SwiftUI,,,0,0,0,0,Swift,2022-02-03T19:59:47Z,2022-02-03T20:02:29Z,https://github.com/MarcosChevis/Neneccoins-MVVM-SwiftUI
MV,repo_search,MV,381636650,MiguelAlMo/SWIFTUI-Example-API-MVVM,SWIFTUI-Example-API-MVVM,Mi primer contacto con SWIFTUI. Sencilla App con Conexión a un API y con el patrón MVVM,,0,0,0,1,Swift,2021-06-30T08:55:10Z,2021-07-25T07:04:55Z,https://github.com/MiguelAlMo/SWIFTUI-Example-API-MVVM
MV,repo_search,MV,323912970,WhyElEss/MVVM_SwiftUI_concept,MVVM_SwiftUI_concept,Just as memo,,0,0,0,0,Swift,2020-12-23T13:43:36Z,2020-12-23T13:43:46Z,https://github.com/WhyElEss/MVVM_SwiftUI_concept
MV,repo_search,MV,584126165,mertlsarac/MVVM.Kickstarter.SwiftUI,MVVM.Kickstarter.SwiftUI,,,0,0,0,0,Swift,2023-01-01T13:39:17Z,2023-01-01T13:39:29Z,https://github.com/mertlsarac/MVVM.Kickstarter.SwiftUI
MV,repo_search,MV,588793972,MahmoudMohamedIsmail/SwiftUI-MVVM-Combine,SwiftUI-MVVM-Combine,,,0,0,0,0,Swift,2023-01-14T02:53:31Z,2023-01-14T19:01:04Z,https://github.com/MahmoudMohamedIsmail/SwiftUI-MVVM-Combine
MV,repo_search,MV,978662104,msrahman04/swiftui-mvvm-folder-architecture,swiftui-mvvm-folder-architecture,,,0,0,0,0,Swift,2025-05-06T10:26:07Z,2025-05-11T15:40:16Z,https://github.com/msrahman04/swiftui-mvvm-folder-architecture
MV,repo_search,MV,496808765,Toshiyana/Instagram-SwiftUI-MVVM,Instagram-SwiftUI-MVVM,"Instagram clone app with MVVM, Firebase, Combine (SwiftUI)",,0,0,0,0,Swift,2022-05-27T00:09:09Z,2022-06-27T08:28:19Z,https://github.com/Toshiyana/Instagram-SwiftUI-MVVM
MV,repo_search,MV,497288440,trsimanto/SwiftUI_Basic_MVVM,SwiftUI_Basic_MVVM,,,0,0,0,0,Swift,2022-05-28T10:44:16Z,2022-05-28T10:48:44Z,https://github.com/trsimanto/SwiftUI_Basic_MVVM
MV,repo_search,MV,726719587,minhtien1403/SwiftUI_MVVM_Combine,SwiftUI_MVVM_Combine,,,0,0,0,0,Swift,2023-12-03T07:14:35Z,2024-02-28T06:31:46Z,https://github.com/minhtien1403/SwiftUI_MVVM_Combine
MV,repo_search,MV,340699194,SeRcCaN/SwiftUI_News_MVVM,SwiftUI_News_MVVM,,,0,0,0,0,Swift,2021-02-20T16:27:04Z,2021-02-20T17:16:39Z,https://github.com/SeRcCaN/SwiftUI_News_MVVM
MV,repo_search,MV,944023712,SatyamDev04/MVVM-SwiftUI-main,MVVM-SwiftUI-main,,,0,0,0,0,Swift,2025-03-06T16:53:03Z,2025-03-06T16:53:13Z,https://github.com/SatyamDev04/MVVM-SwiftUI-main
MV,repo_search,MV,664760649,hhajime/SwiftUI-MVVM-Combine,SwiftUI-MVVM-Combine,,,0,0,0,0,Swift,2023-07-10T17:27:15Z,2023-07-10T17:27:21Z,https://github.com/hhajime/SwiftUI-MVVM-Combine
MV,repo_search,MV,398033463,DevNebulae/mvvm-users-list-swiftui,mvvm-users-list-swiftui,,,0,0,0,0,Swift,2021-08-19T18:06:31Z,2021-08-19T18:09:20Z,https://github.com/DevNebulae/mvvm-users-list-swiftui
MV,repo_search,MV,615371734,Nordo00/Todoey-SwiftUI-MVPComplete,Todoey-SwiftUI-MVPComplete,,,0,0,0,0,Swift,2023-03-17T14:42:43Z,2023-03-17T14:42:50Z,https://github.com/Nordo00/Todoey-SwiftUI-MVPComplete
MV,repo_search,MV,740784911,DavidDevMx31/mv-todoApp,mv-todoApp,Example of a Todo App using MV architecture in SwiftUI,"architectural-patterns,swift,swiftui",0,0,0,0,Swift,2024-01-09T03:59:19Z,2024-01-09T04:13:21Z,https://github.com/DavidDevMx31/mv-todoApp
MV,repo_search,MV,675010401,GTRows/SwiftUI-MVVM-Template,SwiftUI-MVVM-Template,A SwiftUI template implementing MVVM architecture for Swift developers to quickly start their projects,,0,0,0,0,Swift,2023-08-05T13:30:01Z,2023-08-05T18:37:06Z,https://github.com/GTRows/SwiftUI-MVVM-Template
MV,repo_search,MV,663344795,arunrathore1/SwiftUIWithMVVM-Cordinator,SwiftUIWithMVVM-Cordinator,,,0,0,0,0,Swift,2023-07-07T05:08:45Z,2023-07-07T05:11:50Z,https://github.com/arunrathore1/SwiftUIWithMVVM-Cordinator
MV,repo_search,MV,251169613,KevinJohann/SwiftUI-MVVM-Login,SwiftUI-MVVM-Login,,,0,0,0,0,Swift,2020-03-30T01:13:49Z,2020-03-31T02:23:35Z,https://github.com/KevinJohann/SwiftUI-MVVM-Login
MV,repo_search,MV,619565005,arceAlex/Transactions_SwiftUI_MVVM,Transactions_SwiftUI_MVVM,,,0,0,0,0,Swift,2023-03-27T11:49:35Z,2023-04-05T09:37:10Z,https://github.com/arceAlex/Transactions_SwiftUI_MVVM
MV,repo_search,MV,548831537,rajavikramsingh27/SwiftUI---List---MVP,SwiftUI---List---MVP,,,0,0,0,0,Swift,2022-10-10T08:50:47Z,2022-10-10T08:51:28Z,https://github.com/rajavikramsingh27/SwiftUI---List---MVP
MV,repo_search,MV,619166607,ceyhun-celik/swiftui-pokemon-app-mvvm,swiftui-pokemon-app-mvvm,,,0,0,0,0,Swift,2023-03-26T13:21:19Z,2023-03-26T13:22:16Z,https://github.com/ceyhun-celik/swiftui-pokemon-app-mvvm
MV,repo_search,MV,355035892,fomagran/SwiftUI-MVVM-Example,SwiftUI-MVVM-Example,첫 스위프트 UI,,0,0,0,0,Swift,2021-04-06T02:45:26Z,2021-05-03T04:00:16Z,https://github.com/fomagran/SwiftUI-MVVM-Example
MV,repo_search,MV,854098345,kalashnikovaYla/SwiftUI_MVVM_Example,SwiftUI_MVVM_Example,,,0,0,0,0,Swift,2024-09-08T12:11:29Z,2024-09-08T14:39:57Z,https://github.com/kalashnikovaYla/SwiftUI_MVVM_Example
MV,repo_search,MV,632977282,hakmirzaev/SwiftUI_Post_MVVM,SwiftUI_Post_MVVM,,,0,0,0,0,Swift,2023-04-26T14:13:41Z,2023-04-26T14:13:48Z,https://github.com/hakmirzaev/SwiftUI_Post_MVVM
MV,repo_search,MV;Model View,551131642,nraptis/SwiftUI-MVVM-Navigation,SwiftUI-MVVM-Navigation,A new view model is spawned for each detail view,,0,0,0,0,Swift,2022-10-13T22:22:57Z,2022-10-13T22:25:27Z,https://github.com/nraptis/SwiftUI-MVVM-Navigation
MV,repo_search,MV,642403486,daghsnn/SwiftUI_MVVM_Testing,SwiftUI_MVVM_Testing,,,0,0,0,0,Swift,2023-05-18T13:42:54Z,2023-06-01T07:23:51Z,https://github.com/daghsnn/SwiftUI_MVVM_Testing
MV,repo_search,MV,344547280,luthfipun/SwiftUICoreDataMVVM,SwiftUICoreDataMVVM,,,0,0,0,0,Swift,2021-03-04T16:59:50Z,2021-03-04T16:59:57Z,https://github.com/luthfipun/SwiftUICoreDataMVVM
MV,repo_search,MV,859584249,NecatiAlperen/Crypto-SwiftUI-MVVM,Crypto-SwiftUI-MVVM,,,0,0,0,0,Swift,2024-09-18T23:22:10Z,2024-09-19T00:18:50Z,https://github.com/NecatiAlperen/Crypto-SwiftUI-MVVM
MV,repo_search,MV,1010973796,sainiarpit38/SwiftUI_MVVM_Map,SwiftUI_MVVM_Map,Sample,,0,0,0,0,Swift,2025-06-30T05:50:35Z,2025-06-30T06:05:16Z,https://github.com/sainiarpit38/SwiftUI_MVVM_Map
MV,repo_search,MV,473455313,mehdisafari77/Trello-MVVM-SwiftUI,Trello-MVVM-SwiftUI,A simple drag and drop Trello like task manager in SwiftUI,,0,0,0,0,Swift,2022-03-24T04:23:24Z,2022-03-24T04:23:29Z,https://github.com/mehdisafari77/Trello-MVVM-SwiftUI
MV,repo_search,MV,879172689,prakashmaharjan/SwiftUIKitMVVMCombineDemo,SwiftUIKitMVVMCombineDemo,,,0,0,0,0,Swift,2024-10-27T07:34:14Z,2024-10-27T07:35:43Z,https://github.com/prakashmaharjan/SwiftUIKitMVVMCombineDemo
MV,repo_search,MV,338022066,denis-severinov/SwiftUI-MVVM-example,SwiftUI-MVVM-example,,,0,0,0,0,Swift,2021-02-11T12:25:22Z,2021-02-11T12:27:19Z,https://github.com/denis-severinov/SwiftUI-MVVM-example
MV,repo_search,MV,656620465,mdalireza021/swiftUI-MVVM-example,swiftUI-MVVM-example,,,0,0,0,0,Swift,2023-06-21T09:56:38Z,2023-06-21T09:56:47Z,https://github.com/mdalireza021/swiftUI-MVVM-example
MV,repo_search,MV,445361258,topik96/swiftUI-mvvm-c,swiftUI-mvvm-c,,,0,0,0,0,Swift,2022-01-07T01:27:29Z,2022-01-07T01:28:03Z,https://github.com/topik96/swiftUI-mvvm-c
MV,repo_search,MV,1078806291,bhosalesb07/MVVM_Using_SwiftUI,MVVM_Using_SwiftUI,Login Flow using MVVM in SwiftUI,,0,0,0,0,Swift,2025-10-18T13:15:42Z,2025-10-20T13:45:16Z,https://github.com/bhosalesb07/MVVM_Using_SwiftUI
MV,repo_search,MV,824279052,akaraoluk/SwiftUI-MVVM-APICall,SwiftUI-MVVM-APICall,,,0,0,0,0,Swift,2024-07-04T18:50:08Z,2024-07-04T18:52:06Z,https://github.com/akaraoluk/SwiftUI-MVVM-APICall
MV,repo_search,MV,654213585,mihailpolev/mvvm-combine-swiftui-test,mvvm-combine-swiftui-test,,,0,0,0,0,Swift,2023-06-15T16:14:19Z,2023-06-15T16:19:50Z,https://github.com/mihailpolev/mvvm-combine-swiftui-test
MV,repo_search,MV,379747251,Tornedo/SwiftUi-with-MVVM,SwiftUi-with-MVVM,,,0,0,0,0,Swift,2021-06-23T22:53:01Z,2021-08-30T17:44:12Z,https://github.com/Tornedo/SwiftUi-with-MVVM
MV,repo_search,MV,369691029,guccyon/SwiftUI-MVVM-Router,SwiftUI-MVVM-Router,Example for implementation with MVVM architecture with Router on SwiftUI,,0,0,0,0,Swift,2021-05-22T01:34:39Z,2021-06-23T14:09:45Z,https://github.com/guccyon/SwiftUI-MVVM-Router
MV,repo_search,MV,369902983,ankitjaiswal1994/SwiftUI-MVVM-Demo,SwiftUI-MVVM-Demo,,,0,0,0,0,Swift,2021-05-22T20:47:31Z,2021-05-22T20:52:45Z,https://github.com/ankitjaiswal1994/SwiftUI-MVVM-Demo
MV,repo_search,MV,917586768,iBessonov0240/PDFConverter-SwiftUI-MVVM,PDFConverter-SwiftUI-MVVM,"PDF Manager is an iOS application for managing PDF documents. The app allows you to view, select, delete, save and share PDF pages. ",,0,0,0,0,Swift,2025-01-16T09:17:14Z,2025-02-20T10:39:11Z,https://github.com/iBessonov0240/PDFConverter-SwiftUI-MVVM
MV,repo_search,MV,949280622,timeCCJ/SwiftUI-MVVM-Movie,SwiftUI-MVVM-Movie,,,0,0,0,0,Swift,2025-03-16T04:43:57Z,2025-03-16T05:51:33Z,https://github.com/timeCCJ/SwiftUI-MVVM-Movie
MV,repo_search,MV,1124283441,den19941224/SwiftUI_homework_mvvm,SwiftUI_homework_mvvm,,,0,0,0,0,Swift,2025-12-28T18:07:53Z,2025-12-28T19:29:53Z,https://github.com/den19941224/SwiftUI_homework_mvvm
MV,repo_search,MV,256422929,shota-nishizawa/SwiftUIQiitaClientMVVMTest,SwiftUIQiitaClientMVVMTest,,,0,0,0,0,Swift,2020-04-17T06:38:55Z,2020-04-18T06:22:38Z,https://github.com/shota-nishizawa/SwiftUIQiitaClientMVVMTest
MV,repo_search,MV,641729389,ChrisCalix/Pokemon-SwiftUI-MVVM,Pokemon-SwiftUI-MVVM,App in SwiftUI in MVVM pattern to show collections of pokemons from Pokedex API ,,0,0,0,0,Swift,2023-05-17T03:44:58Z,2023-05-17T03:45:07Z,https://github.com/ChrisCalix/Pokemon-SwiftUI-MVVM
MV,repo_search,MV,687750492,nfabp10/SwiftUIandCombine_MVVM,SwiftUIandCombine_MVVM,,,0,0,0,0,Swift,2023-09-05T23:51:24Z,2023-09-05T23:51:30Z,https://github.com/nfabp10/SwiftUIandCombine_MVVM
MV,repo_search,MV,688999170,brenomorais88/SwiftUI-MVVM-Sample,SwiftUI-MVVM-Sample,,,0,0,0,0,Swift,2023-09-08T14:57:05Z,2023-09-08T14:58:45Z,https://github.com/brenomorais88/SwiftUI-MVVM-Sample
MV,repo_search,MV,790612737,Vinaking/swiftui-mvvm-alamofire-c,swiftui-mvvm-alamofire-c,swifui mvvm alamofire combine,,0,0,0,0,Swift,2024-04-23T07:50:20Z,2024-04-23T07:53:35Z,https://github.com/Vinaking/swiftui-mvvm-alamofire-c
MV,repo_search,MV,290466132,wanharaderta/SwiftUI-MVVM-Template,SwiftUI-MVVM-Template,,,0,0,0,0,Swift,2020-08-26T10:27:27Z,2020-08-26T10:27:33Z,https://github.com/wanharaderta/SwiftUI-MVVM-Template
MV,repo_search,MV,853247882,xavierDesarrollo/stripe_swiftui_mvvm_nodejs,stripe_swiftui_mvvm_nodejs,This is an app in swift ui and nodejs that use Stripe as a payment framework.,,0,0,0,0,Swift,2024-09-06T09:25:43Z,2024-09-06T09:51:19Z,https://github.com/xavierDesarrollo/stripe_swiftui_mvvm_nodejs
MV,repo_search,MV,842986431,clearkode/SwiftUI-Combine-MVVM,SwiftUI-Combine-MVVM,A SwiftUI iOS application for discovering and exploring various meals from different categories.,,0,0,0,0,Swift,2024-08-15T14:34:42Z,2024-08-15T14:51:47Z,https://github.com/clearkode/SwiftUI-Combine-MVVM
MV,repo_search,MV,272498937,sukowidodo/SwiftUiMVVM-Boilerplate,SwiftUiMVVM-Boilerplate,,,0,0,0,0,Swift,2020-06-15T17:12:03Z,2021-10-13T05:00:31Z,https://github.com/sukowidodo/SwiftUiMVVM-Boilerplate
MV,repo_search,MV,1099145503,thisismanishrajput/PostsMVC-SwiftUI,PostsMVC-SwiftUI,,,0,0,0,0,Swift,2025-11-18T16:15:35Z,2025-11-23T07:55:45Z,https://github.com/thisismanishrajput/PostsMVC-SwiftUI
MV,repo_search,MV,990492417,surajglokhande/Online_Groceries_Shop_MVVM,Online_Groceries_Shop_MVVM,Grocery Shop using SwiftUI,,0,0,0,0,Swift,2025-05-26T07:41:38Z,2025-06-08T15:47:34Z,https://github.com/surajglokhande/Online_Groceries_Shop_MVVM
MV,repo_search,MV,1092446220,jesus-rod/GithubSwiftUI-MVVM,GithubSwiftUI-MVVM,MVVM + SwiftUI + GitHub API ,,0,0,0,0,Swift,2025-11-08T16:37:15Z,2025-11-13T00:07:54Z,https://github.com/jesus-rod/GithubSwiftUI-MVVM
MV,repo_search,MV,1069842534,Anieap/SwiftUI-Slideshow-MVVM,SwiftUI-Slideshow-MVVM,"A SwiftUI-based automatic image slideshow with manual swipe and pause control, built using MVVM architecture and Combine timers.",,0,0,0,0,Swift,2025-10-04T18:19:57Z,2025-10-04T19:15:48Z,https://github.com/Anieap/SwiftUI-Slideshow-MVVM
MV,repo_search,MV,280236908,krentz/MVVM-SwiftUI-Combine,MVVM-SwiftUI-Combine,,,0,0,0,0,Swift,2020-07-16T19:10:12Z,2020-07-18T15:47:14Z,https://github.com/krentz/MVVM-SwiftUI-Combine
MV,repo_search,MV,671563176,ragulml03/MVVM-C-SwiftUI,MVVM-C-SwiftUI,,,0,0,0,0,Swift,2023-07-27T15:50:18Z,2023-07-27T15:51:59Z,https://github.com/ragulml03/MVVM-C-SwiftUI
MV,repo_search,MV,921936776,jpmehedi/todo_swift_swiftui_mvvm,todo_swift_swiftui_mvvm,,,0,0,0,0,Swift,2025-01-24T22:48:47Z,2025-02-08T14:10:32Z,https://github.com/jpmehedi/todo_swift_swiftui_mvvm
MV,repo_search,MV,729305741,Natenadze/swiftUIMapAppMVVM,swiftUIMapAppMVVM,,,0,0,0,0,Swift,2023-12-08T21:24:00Z,2023-12-08T21:24:07Z,https://github.com/Natenadze/swiftUIMapAppMVVM
MV,repo_search,MV,333372620,zakbarlow1995/SwiftUI-MVVM-Example,SwiftUI-MVVM-Example,A SwiftUI MVVM Example,,0,0,0,0,Swift,2021-01-27T09:45:49Z,2021-01-29T10:11:37Z,https://github.com/zakbarlow1995/SwiftUI-MVVM-Example
MV,repo_search,MV,457012249,bogaevskyi/SwiftUI-MVVM-Example,SwiftUI-MVVM-Example,,,0,0,0,0,Swift,2022-02-08T16:25:57Z,2022-02-09T09:07:57Z,https://github.com/bogaevskyi/SwiftUI-MVVM-Example
MV,repo_search,MV,651515234,kenjimaeda54/Movies-MVVM-SwiftUi,Movies-MVVM-SwiftUi,,,0,0,0,0,Swift,2023-06-09T12:08:57Z,2023-06-09T12:09:48Z,https://github.com/kenjimaeda54/Movies-MVVM-SwiftUi
MV,repo_search,MV,279048011,tientranzt/core_data_mvvm_swiftui,core_data_mvvm_swiftui,,,0,0,0,0,Swift,2020-07-12T11:14:23Z,2020-07-15T12:45:56Z,https://github.com/tientranzt/core_data_mvvm_swiftui
MV,repo_search,MV,199714634,PaulWoodIII/SwiftUI-TodoMVC,SwiftUI-TodoMVC,,,0,0,0,0,Swift,2019-07-30T19:28:09Z,2019-07-30T19:28:17Z,https://github.com/PaulWoodIII/SwiftUI-TodoMVC
MV,repo_search,MV,864917646,sukrithamukundan/MVVM-in-SwiftUI,MVVM-in-SwiftUI,,,0,0,0,0,Swift,2024-09-29T14:13:18Z,2025-01-28T18:16:49Z,https://github.com/sukrithamukundan/MVVM-in-SwiftUI
MV,repo_search,MV,901022405,ahmetbostanciklioglu/MVI-Pattern-SwiftUI,MVI-Pattern-SwiftUI,MVI Design Pattern Project -  SwiftUI,,0,1,0,0,Swift,2024-12-09T22:37:51Z,2024-12-09T22:37:59Z,https://github.com/ahmetbostanciklioglu/MVI-Pattern-SwiftUI
MV,repo_search,MV,730499197,SreytouchLang/SwiftUI-Login-MVVM,SwiftUI-Login-MVVM,,,0,0,0,0,Swift,2023-12-12T03:59:13Z,2024-08-26T07:05:59Z,https://github.com/SreytouchLang/SwiftUI-Login-MVVM
MV,repo_search,MV,805695598,tpcreative070/SwiftUI-MVVM-Example,SwiftUI-MVVM-Example,,,0,0,0,0,Swift,2024-05-25T07:47:01Z,2024-05-25T07:51:33Z,https://github.com/tpcreative070/SwiftUI-MVVM-Example
MV,repo_search,MV,339619695,Seogun95/SwiftUI_MVVM_TUT,SwiftUI_MVVM_TUT,MVVM이 무엇인지 간단히 알아봅시다.,,0,0,0,0,Swift,2021-02-17T05:21:22Z,2021-02-17T06:15:54Z,https://github.com/Seogun95/SwiftUI_MVVM_TUT
MV,repo_search,MV,334347214,vandanpatelgithub/SwiftUI_MVVM_Networking,SwiftUI_MVVM_Networking,,,0,0,0,0,Swift,2021-01-30T06:42:38Z,2021-01-31T04:11:29Z,https://github.com/vandanpatelgithub/SwiftUI_MVVM_Networking
MV,repo_search,MV,883886546,alexandreguzu/MVVM-Router-SwiftUI,MVVM-Router-SwiftUI,A try on a simple MVVM-Router implementation with SwiftUI,,0,0,0,0,Swift,2024-11-05T18:43:40Z,2024-11-21T16:39:52Z,https://github.com/alexandreguzu/MVVM-Router-SwiftUI
MV,repo_search,MV,466192932,lexemz/AppMVVM-SwiftUI,AppMVVM-SwiftUI,[Учеба] MVVM в SwiftUI приложении,,0,0,0,0,Swift,2022-03-04T16:24:30Z,2022-03-04T16:24:37Z,https://github.com/lexemz/AppMVVM-SwiftUI
MV,repo_search,MV,863237448,giovaninb/SwiftUI-MVVM-C,SwiftUI-MVVM-C,,,0,0,0,0,Swift,2024-09-26T00:37:39Z,2024-09-26T01:03:45Z,https://github.com/giovaninb/SwiftUI-MVVM-C
MV,repo_search,MV,523822485,oliver-anh-nguyen/swiftui_mvvm_stock_app,swiftui_mvvm_stock_app,Practice MVVM pattern with SwiftUI,"ios15,mvvm,pattern,stockapp,swiftui",0,0,0,0,Swift,2022-08-11T18:06:09Z,2022-08-13T23:12:30Z,https://github.com/oliver-anh-nguyen/swiftui_mvvm_stock_app
MV,repo_search,MV,1025196965,ticoxxo/SwiftUI-MVVM-Observable,SwiftUI-MVVM-Observable,Project to test MVVM architecture pattern with @Observable macro in a SwiftUI project,,0,0,0,0,Swift,2025-07-23T22:12:59Z,2025-08-27T17:45:44Z,https://github.com/ticoxxo/SwiftUI-MVVM-Observable
MV,repo_search,MV,1067450162,alysson912/Network-SwiftUI-MVVM,Network-SwiftUI-MVVM,,,0,0,0,0,Swift,2025-09-30T21:51:33Z,2025-10-07T20:31:12Z,https://github.com/alysson912/Network-SwiftUI-MVVM
MV,repo_search,MV,356016265,asimparvez/Combine-SwiftUI-MVVM,Combine-SwiftUI-MVVM,A template project for using Combine & Swift UI with MVVM,,0,0,0,0,Swift,2021-04-08T18:47:29Z,2021-04-08T19:01:15Z,https://github.com/asimparvez/Combine-SwiftUI-MVVM
MV,repo_search,MV,359396653,jasonjiu/Random-Doge-MVVM-SWIFTUI,Random-Doge-MVVM-SWIFTUI,,,0,0,0,0,Swift,2021-04-19T09:10:58Z,2021-04-19T09:13:55Z,https://github.com/jasonjiu/Random-Doge-MVVM-SWIFTUI
MV,repo_search,MV,1082999841,TharunMenon/WeatherForecast--SWIFTUI-MVVM,WeatherForecast--SWIFTUI-MVVM,"SwiftUI iOS app showing a 5-day weather forecast using OpenWeatherMap API. Built with MVVM, Combine, and CoreLocation.",,0,0,0,0,Swift,2025-10-25T06:18:32Z,2025-10-25T07:04:00Z,https://github.com/TharunMenon/WeatherForecast--SWIFTUI-MVVM
MV,repo_search,MV,607715451,thuannv-1/simple-mvvm-swiftUI,simple-mvvm-swiftUI,Simple MVVM with SwiftUI,,0,0,0,0,Swift,2023-02-28T14:35:28Z,2023-02-28T14:54:23Z,https://github.com/thuannv-1/simple-mvvm-swiftUI
MV,repo_search,MV,520011291,s4saurabhmishra/MVVMMisfit,MVVMMisfit,Showcase the MVVM misfit with SwiftUI,,0,0,0,0,Swift,2022-08-01T07:38:48Z,2022-08-01T07:44:12Z,https://github.com/s4saurabhmishra/MVVMMisfit
MV,repo_search,MV,491860464,HylianPablo/SwiftUI_MVVM_Basic,SwiftUI_MVVM_Basic,,,0,0,0,0,Swift,2022-05-13T10:50:13Z,2022-05-13T10:51:08Z,https://github.com/HylianPablo/SwiftUI_MVVM_Basic
MV,repo_search,MV,621477119,Nickolans/SwiftUI-MVVM-Example,SwiftUI-MVVM-Example,An example of MVVM implementation in SwiftUI.,,0,0,0,0,Swift,2023-03-30T18:37:32Z,2023-03-30T18:39:38Z,https://github.com/Nickolans/SwiftUI-MVVM-Example
MV,repo_search,MV,823379195,Joint-Studies/swiftUi_wyr_mvvm,swiftUi_wyr_mvvm,"A repository for get a api Would You Rate, using firebase remote config and alamofire",,0,0,0,0,Swift,2024-07-02T23:42:12Z,2024-07-03T00:15:35Z,https://github.com/Joint-Studies/swiftUi_wyr_mvvm
MV,repo_search,MV,898809015,apinun-wong/SwiftUIDemo-MVVM-Combine,SwiftUIDemo-MVVM-Combine,,,0,0,0,0,Swift,2024-12-05T04:32:35Z,2024-12-05T07:32:30Z,https://github.com/apinun-wong/SwiftUIDemo-MVVM-Combine
MV,repo_search,MV,618818193,dolfalf/swiftui-combine-mvvm-example,swiftui-combine-mvvm-example,swiftui-combine-mvvm-example,,0,1,0,0,Swift,2023-03-25T12:51:50Z,2023-03-25T13:03:40Z,https://github.com/dolfalf/swiftui-combine-mvvm-example
MV,repo_search,MV,908834746,jigneshraiyani/chain-loop-mvvm-swiftui,chain-loop-mvvm-swiftui,Chain_Loop_MVVM_SwiftUI,,0,0,0,0,Swift,2024-12-27T04:53:44Z,2025-01-28T02:56:16Z,https://github.com/jigneshraiyani/chain-loop-mvvm-swiftui
MV,repo_search,MV,848107038,xavierDesarrollo/cataas_api_swiftui_mvvm,cataas_api_swiftui_mvvm,cataas_api_swiftui_mvvm,,0,0,0,0,Swift,2024-08-27T06:27:46Z,2024-08-27T06:31:05Z,https://github.com/xavierDesarrollo/cataas_api_swiftui_mvvm
MV,repo_search,MV,332147323,viewDidAppear/SwiftUI-Combine-MVVM,SwiftUI-Combine-MVVM,An experiment with SwiftUI to build a clean MVVM architecture with Combine.,,0,0,0,0,Swift,2021-01-23T06:51:54Z,2021-03-17T12:10:58Z,https://github.com/viewDidAppear/SwiftUI-Combine-MVVM
MV,repo_search,MV,562298272,AlejandroRodriguezO/Mvvm-SwiftUI-json,Mvvm-SwiftUI-json,,,0,0,0,0,Swift,2022-11-05T22:35:54Z,2022-11-05T22:36:01Z,https://github.com/AlejandroRodriguezO/Mvvm-SwiftUI-json
MV,repo_search,MV,403465245,g-enius/Combine-SwiftUI-MVVM,Combine-SwiftUI-MVVM,A practice demo for Combine+SwiftUI MVVM,,0,0,0,0,Swift,2021-09-06T02:46:48Z,2021-09-06T03:26:45Z,https://github.com/g-enius/Combine-SwiftUI-MVVM
MV,repo_search,MV,413331283,DhanaiDev/MVVM_In_SwiftUI,MVVM_In_SwiftUI,,,0,0,0,0,Swift,2021-10-04T08:11:53Z,2021-10-04T08:22:52Z,https://github.com/DhanaiDev/MVVM_In_SwiftUI
MV,repo_search,MV,633054657,hakmirzaev/SwiftUI_Contact_MVVM,SwiftUI_Contact_MVVM,,,0,0,0,0,Swift,2023-04-26T17:24:13Z,2023-04-26T17:24:19Z,https://github.com/hakmirzaev/SwiftUI_Contact_MVVM
MV,repo_search,MV,1111503749,anhlv0495/Pokedex-SwiftUI-MVVM,Pokedex-SwiftUI-MVVM,"A premium Pokedex app built with SwiftUI & MVVM, featuring glassmorphism, advanced team builder, and interactive Pokemon data insights.",,0,0,0,0,Swift,2025-12-07T04:14:28Z,2026-03-24T04:29:05Z,https://github.com/anhlv0495/Pokedex-SwiftUI-MVVM
MV,repo_search,MV,825571799,deviatorrocks/SwiftUI-MVVM-Project,SwiftUI-MVVM-Project,,,0,0,0,0,Swift,2024-07-08T05:26:47Z,2024-07-08T05:31:36Z,https://github.com/deviatorrocks/SwiftUI-MVVM-Project
MV,repo_search,MV,730805355,gauravtakdev/SwiftUI-MVVM-Architecture,SwiftUI-MVVM-Architecture,A demo project using MVVM architecture and building user interface programmatically,,0,0,0,0,Swift,2023-12-12T17:57:26Z,2023-12-17T06:49:59Z,https://github.com/gauravtakdev/SwiftUI-MVVM-Architecture
MV,repo_search,MV,536818637,stevenjemm/TakeHomeMVVM,TakeHomeMVVM,Practice MVVM w/ SwiftUI: Take Home Project initiated by Tundesdev using MVVM + SwiftUI,,0,0,0,0,Swift,2022-09-15T01:25:06Z,2022-09-15T01:26:31Z,https://github.com/stevenjemm/TakeHomeMVVM
MV,repo_search,MV,731464374,jeongHunE/SwiftUI_MVVM_Pattern,SwiftUI_MVVM_Pattern,SwiftUI MVVM Practice with ViewModel protocol,"ios,mvvm,swift,swiftui",0,0,0,1,Swift,2023-12-14T06:23:58Z,2023-12-14T06:36:30Z,https://github.com/jeongHunE/SwiftUI_MVVM_Pattern
MV,repo_search,MV,303286128,DJDrama/SwiftUI_News_MVVM,SwiftUI_News_MVVM,,,0,0,0,0,Swift,2020-10-12T05:25:13Z,2020-10-12T07:54:39Z,https://github.com/DJDrama/SwiftUI_News_MVVM
MV,repo_search,MV,303666310,freishya/MVVM-SwiftUI-Movielist,MVVM-SwiftUI-Movielist,,,0,0,0,0,Swift,2020-10-13T10:25:43Z,2020-10-13T10:41:21Z,https://github.com/freishya/MVVM-SwiftUI-Movielist
MV,repo_search,MV,318030256,y2kpaulh/SwiftUI-Template-MVVM,SwiftUI-Template-MVVM,,,0,0,0,0,Swift,2020-12-03T00:38:25Z,2020-12-03T00:38:32Z,https://github.com/y2kpaulh/SwiftUI-Template-MVVM
MV,repo_search,MV,814383815,peppe-app/MVVM-Basic-SwiftUI,MVVM-Basic-SwiftUI,Basic MVVM implementation in SwiftUI,,0,0,0,0,Swift,2024-06-12T22:57:37Z,2024-06-12T22:57:45Z,https://github.com/peppe-app/MVVM-Basic-SwiftUI
MV,repo_search,MV;Model View,1091149096,RameshGopanwarIos/IncrementerMVVM_SwiftUI,IncrementerMVVM_SwiftUI,SwiftUi based application for displaying incremented count and a premium label for factor of 3. Contains the flow of MVVM with model and viewModel communication and view communicating with VM.,,0,0,0,0,Swift,2025-11-06T16:12:02Z,2025-11-06T16:15:12Z,https://github.com/RameshGopanwarIos/IncrementerMVVM_SwiftUI
MV,repo_search,MV,597907035,LucasLeung1024/MVVM_SwiftUI_Demo,MVVM_SwiftUI_Demo,,,0,0,0,0,Swift,2023-02-06T00:47:32Z,2023-02-06T00:47:41Z,https://github.com/LucasLeung1024/MVVM_SwiftUI_Demo
MV,repo_search,MV,377281256,burhanaras/Modern-MVVM-SwiftUI,Modern-MVVM-SwiftUI,"A sample project demonstrating the modern approach to building iOS apps with the MVVM architecture pattern, Combine and SwiftUI frameworks.",,0,0,0,0,Swift,2021-06-15T20:06:17Z,2021-06-26T22:07:48Z,https://github.com/burhanaras/Modern-MVVM-SwiftUI
MV,repo_search,MV,459214215,wnifirami/TODOTask-SwiftUI-MVVM,TODOTask-SwiftUI-MVVM,,,0,0,0,1,Swift,2022-02-14T15:22:02Z,2024-08-13T17:31:44Z,https://github.com/wnifirami/TODOTask-SwiftUI-MVVM
MV,repo_search,MV,588828274,AbdulazizNosirjonov/SwiftUI_MVVM_Contact,SwiftUI_MVVM_Contact,,,0,0,0,0,Swift,2023-01-14T06:22:59Z,2023-01-14T06:23:07Z,https://github.com/AbdulazizNosirjonov/SwiftUI_MVVM_Contact
MV,repo_search,MV,655850266,Hemant-7/Setup-SwiftUI-MVVM,Setup-SwiftUI-MVVM,Project setup in SwiftUI+MVVM,,0,0,0,0,Swift,2023-06-19T18:27:53Z,2026-04-26T16:15:09Z,https://github.com/Hemant-7/Setup-SwiftUI-MVVM
MV,repo_search,MV,380082209,leomartinezjr/AppChuckNorrisMVVM,AppChuckNorrisMVVM,SwiftUI +  MVVM + consumo API,,0,0,0,0,Swift,2021-06-25T00:27:41Z,2021-06-25T00:29:24Z,https://github.com/leomartinezjr/AppChuckNorrisMVVM
MV,repo_search,MV,304717965,Space-C4ts/SwiftUICombine-MVVM-C,SwiftUICombine-MVVM-C,SwiftUI + Combine MVVM-C,,0,0,0,0,Swift,2020-10-16T19:13:47Z,2024-04-29T02:53:30Z,https://github.com/Space-C4ts/SwiftUICombine-MVVM-C
MV,repo_search,MV,273915665,tientranzt/simple_mvvm_swiftUI,simple_mvvm_swiftUI,,,0,0,0,0,Swift,2020-06-21T14:02:01Z,2020-06-21T14:03:02Z,https://github.com/tientranzt/simple_mvvm_swiftUI
MV,repo_search,MV,748647233,olgunpros/SWIFTUI-Mvvm-JOKES-App,SWIFTUI-Mvvm-JOKES-App,"Do you want to laugh during these dull days? Here's an application for you, consisting of Chuck Norris jokes. The application was built using SWIFTUI and MVVM.",,0,0,0,0,Swift,2024-01-26T13:06:11Z,2024-01-26T13:13:17Z,https://github.com/olgunpros/SWIFTUI-Mvvm-JOKES-App
MV,repo_search,MV,724775264,berkcangursoy/SwiftUINetworkInterchangeMVVM,SwiftUINetworkInterchangeMVVM,,,0,0,0,0,Swift,2023-11-28T19:12:40Z,2023-11-28T19:13:05Z,https://github.com/berkcangursoy/SwiftUINetworkInterchangeMVVM
MV,repo_search,MV,227334154,ArtemLyksa/rw_combine_swiftui_mvvm,rw_combine_swiftui_mvvm,Test weather app built with Combine and SwiftUI using MVV architecture,,0,0,0,0,Swift,2019-12-11T10:05:44Z,2019-12-11T15:08:57Z,https://github.com/ArtemLyksa/rw_combine_swiftui_mvvm
MV,repo_search,MV,1097286859,vgnshiyer/learn-swiftui-mvvm-pattern,learn-swiftui-mvvm-pattern,,,0,0,0,0,Swift,2025-11-15T22:07:01Z,2025-11-23T22:15:14Z,https://github.com/vgnshiyer/learn-swiftui-mvvm-pattern
MV,repo_search,MV,643540579,areejsadaqa66/SwiftUI-MVVM-Architicture,SwiftUI-MVVM-Architicture,Sample iOS project built by SwiftUI + MVVM and Dependency Injection.,,0,1,0,0,Swift,2023-05-21T13:47:00Z,2025-03-10T02:01:34Z,https://github.com/areejsadaqa66/SwiftUI-MVVM-Architicture
MV,repo_search,MV,647290067,iamirzashowvik/SwiftUI_MVVM_Starter,SwiftUI_MVVM_Starter,,,0,0,0,0,Swift,2023-05-30T13:14:12Z,2023-05-30T13:14:49Z,https://github.com/iamirzashowvik/SwiftUI_MVVM_Starter
MV,repo_search,MV,657564465,AbedMIST/SwiftUI_MVVM-Observable,SwiftUI_MVVM-Observable,SwiftUI Observable and Observed object used with MVVM and side Menu,,0,0,0,0,Swift,2023-06-23T10:42:04Z,2023-06-23T10:42:13Z,https://github.com/AbedMIST/SwiftUI_MVVM-Observable
MV,repo_search,MV,643278678,Bruques/Pokedex_SwiftUI_MVVM,Pokedex_SwiftUI_MVVM,,,0,0,0,0,Swift,2023-05-20T16:50:41Z,2023-05-20T16:52:42Z,https://github.com/Bruques/Pokedex_SwiftUI_MVVM
MV,repo_search,MV,601612727,Kodirbek/Instagram-SwiftUI-MVVM,Instagram-SwiftUI-MVVM,,,0,0,0,0,Swift,2023-02-14T12:51:36Z,2023-02-14T12:52:26Z,https://github.com/Kodirbek/Instagram-SwiftUI-MVVM
MV,repo_search,MV,707416624,brickbit/SwiftUI-MVVM-architecture,SwiftUI-MVVM-architecture,,,0,0,0,0,Swift,2023-10-19T21:17:01Z,2023-10-19T21:42:22Z,https://github.com/brickbit/SwiftUI-MVVM-architecture
MV,repo_search,MV,824110381,Gulam-Ali/Appetizers-SwiftUI-MVVM,Appetizers-SwiftUI-MVVM,,,0,0,0,0,Swift,2024-07-04T11:36:18Z,2024-07-07T09:44:56Z,https://github.com/Gulam-Ali/Appetizers-SwiftUI-MVVM
MV,repo_search,MV,1117997910,karthiks819/SwiftUI_Combine_MVVM,SwiftUI_Combine_MVVM,Sample project for using MVVM with SwiftUI and Combine,,0,0,0,0,Swift,2025-12-17T05:46:00Z,2025-12-17T05:47:24Z,https://github.com/karthiks819/SwiftUI_Combine_MVVM
MV,repo_search,MV,505294689,NyiYeHan/mvvm-clean-architecture-swiftui,mvvm-clean-architecture-swiftui,,,0,0,0,0,Swift,2022-06-20T04:33:53Z,2022-06-20T04:35:11Z,https://github.com/NyiYeHan/mvvm-clean-architecture-swiftui
MV,repo_search,MV,411949957,changjiashuai/SwiftUI-MVVM-Concept,SwiftUI-MVVM-Concept,Concept for organizing View and Data layers within SwiftUI App,,0,0,0,0,,2021-09-30T06:33:00Z,2021-09-30T06:33:01Z,https://github.com/changjiashuai/SwiftUI-MVVM-Concept
MV,repo_search,MV,217115562,mshulman/Dicee-SwiftUI-MVC,Dicee-SwiftUI-MVC,"Based on Angela Yu's amazing course on Udemy, ""iOS 13 & Swift 5 - The Complete iOS App Development Bootcamp""",,0,0,0,0,Swift,2019-10-23T17:30:34Z,2019-10-23T17:59:20Z,https://github.com/mshulman/Dicee-SwiftUI-MVC
MV,repo_search,MV,566650445,LovePick/SwiftUI-Alamofire-MVVM,SwiftUI-Alamofire-MVVM,,,0,0,0,0,Swift,2022-11-16T05:46:34Z,2022-11-16T08:13:28Z,https://github.com/LovePick/SwiftUI-Alamofire-MVVM
MV,repo_search,MV,638668347,ronaldwhigan95/SwiftUI-MVVM-Template,SwiftUI-MVVM-Template,,,0,0,0,0,Swift,2023-05-09T21:04:54Z,2023-05-09T21:13:18Z,https://github.com/ronaldwhigan95/SwiftUI-MVVM-Template
MV,repo_search,MV,605745210,josevazquez/SwiftUI-MVC-Test,SwiftUI-MVC-Test,,,0,0,0,0,Swift,2023-02-23T20:10:56Z,2023-02-23T20:11:28Z,https://github.com/josevazquez/SwiftUI-MVC-Test
MV,repo_search,MV,402282362,Tarkhan99/SwiftUI-MVVM-Example,SwiftUI-MVVM-Example,,,0,0,0,0,Swift,2021-09-02T03:53:59Z,2021-09-02T18:49:36Z,https://github.com/Tarkhan99/SwiftUI-MVVM-Example
MV,repo_search,MV,393872076,jperez1478/Pokedex-SwiftUi-MVM,Pokedex-SwiftUi-MVM,,,0,0,0,0,Swift,2021-08-08T05:55:53Z,2021-08-08T14:53:00Z,https://github.com/jperez1478/Pokedex-SwiftUi-MVM
MV,repo_search,MV,803632054,sanhee16/SwiftUI-MVVM-C,SwiftUI-MVVM-C,SwiftUI with Clean Architecture and MVVM-C Pattern,,0,0,0,0,Swift,2024-05-21T05:16:36Z,2024-07-26T00:22:54Z,https://github.com/sanhee16/SwiftUI-MVVM-C
MV,repo_search,MV,991235994,AnilkumarRabhasa/SwiftUILoginWithMVVM,SwiftUILoginWithMVVM,,,0,0,0,0,Swift,2025-05-27T10:25:33Z,2025-05-27T10:31:38Z,https://github.com/AnilkumarRabhasa/SwiftUILoginWithMVVM
MV,repo_search,MV,588407310,mikekondo/MiniApp-SwiftUI-MVVMCalcApp2,MiniApp-SwiftUI-MVVMCalcApp2,,,0,0,0,0,Swift,2023-01-13T03:20:05Z,2023-01-13T03:22:29Z,https://github.com/mikekondo/MiniApp-SwiftUI-MVVMCalcApp2
MV,repo_search,MV,260068719,luthfipun/SwiftUI-Basic-MVVM,SwiftUI-Basic-MVVM,Basic MVVM for SwiftUI IOS 13+,,0,0,0,0,Swift,2020-04-29T23:32:09Z,2020-04-29T23:35:41Z,https://github.com/luthfipun/SwiftUI-Basic-MVVM
MV,repo_search,MV,349707399,paulfranco/SwiftUITodoWithMVVM,SwiftUITodoWithMVVM,Simple Todo App with SwiftUI and MVVM,,0,0,0,0,Swift,2021-03-20T11:35:57Z,2021-03-20T11:38:46Z,https://github.com/paulfranco/SwiftUITodoWithMVVM
MV,repo_search,MV,702687981,traunguyentvt/swiftui_mvvm_stocks_app,swiftui_mvvm_stocks_app,Practice MVVM pattern with swiftUI,,0,0,0,0,Swift,2023-10-09T19:58:12Z,2023-10-09T20:04:27Z,https://github.com/traunguyentvt/swiftui_mvvm_stocks_app
MV,repo_search,MV,448367458,AhmedAshrafFayeq/Appetizers-SwiftUI-MVVM,Appetizers-SwiftUI-MVVM,,,0,0,0,0,Swift,2022-01-15T19:07:33Z,2022-01-15T19:10:18Z,https://github.com/AhmedAshrafFayeq/Appetizers-SwiftUI-MVVM
MV,repo_search,MV,432630682,yuskey38/SwiftUI-MVVM-Login,SwiftUI-MVVM-Login,,,0,0,0,0,Swift,2021-11-28T05:52:09Z,2021-12-11T16:30:44Z,https://github.com/yuskey38/SwiftUI-MVVM-Login
MV,repo_search,MV,855176547,r1b2ns/project-swiftui-mvvm-c,project-swiftui-mvvm-c,A project templates for SwiftUI MVVM-C,,0,0,0,0,Swift,2024-09-10T12:51:21Z,2024-11-14T19:49:00Z,https://github.com/r1b2ns/project-swiftui-mvvm-c
MV,repo_search,MV,515559650,70nyCrown/Stanford-SwiftUI-MVVM,Stanford-SwiftUI-MVVM,Tutorial project by Stanford University,,0,0,0,0,Swift,2022-07-19T11:39:58Z,2022-07-19T11:40:05Z,https://github.com/70nyCrown/Stanford-SwiftUI-MVVM
MV,repo_search,MV;Model View;Model-View,506368146,Neftali-Samarey/Menu-SwiftUI-MVVM,Menu-SwiftUI-MVVM,This sample project uses SwiftUI and addresses the use of the Model View-ViewModel architecture with Combine.,,0,0,0,0,Swift,2022-06-22T18:46:53Z,2022-06-22T18:47:18Z,https://github.com/Neftali-Samarey/Menu-SwiftUI-MVVM
MV,repo_search,MV,1105491013,gioValdes/MVVM,MVVM,A quick MVVM skeleton with SwiftUI.,,0,0,0,0,Swift,2025-11-27T17:28:41Z,2025-11-27T17:31:22Z,https://github.com/gioValdes/MVVM
MV,repo_search,MV,429075854,grenos/MVVM_SwiftUI_Test,MVVM_SwiftUI_Test,,,0,0,0,0,Swift,2021-11-17T14:22:00Z,2021-11-23T14:17:03Z,https://github.com/grenos/MVVM_SwiftUI_Test
MV,repo_search,MV,679019970,gongchoong/SwiftUI-MVVM-C,SwiftUI-MVVM-C,,,0,0,0,0,Swift,2023-08-15T23:38:42Z,2023-08-15T23:50:51Z,https://github.com/gongchoong/SwiftUI-MVVM-C
MV,repo_search,MV,717694878,MikheevaValentina/SwiftUI_MVVM_Demo,SwiftUI_MVVM_Demo,,,0,0,0,0,Swift,2023-11-12T09:29:29Z,2023-11-12T13:05:48Z,https://github.com/MikheevaValentina/SwiftUI_MVVM_Demo
MV,repo_search,MV,769622440,beakyangsu/airbnb_SwiftUI_MVVM,airbnb_SwiftUI_MVVM,,,0,0,0,0,Swift,2024-03-09T15:43:18Z,2024-03-09T15:44:53Z,https://github.com/beakyangsu/airbnb_SwiftUI_MVVM
MV,repo_search,MV,610731693,scorpionsPD/TMDB-MVVM-SwiftUI,TMDB-MVVM-SwiftUI,TMDB API's with MVVM design pattern and SwiftUI,,0,0,0,0,Swift,2023-03-07T11:19:26Z,2023-03-07T11:25:13Z,https://github.com/scorpionsPD/TMDB-MVVM-SwiftUI
MV,repo_search,MV,611302695,asadsansi/core_data_mvvm_swiftui,core_data_mvvm_swiftui,,,0,0,0,0,Swift,2023-03-08T14:48:31Z,2023-03-08T14:48:39Z,https://github.com/asadsansi/core_data_mvvm_swiftui
MV,repo_search,MV,924493582,ariesdwi/Todolist_Mvvm_swiftui_combine,Todolist_Mvvm_swiftui_combine,Make apps with swiftUi combine and MVVM design Partern,,0,0,0,0,Swift,2025-01-30T05:26:31Z,2025-01-30T10:47:08Z,https://github.com/ariesdwi/Todolist_Mvvm_swiftui_combine
MV,repo_search,MV,836237270,iOSGaurav/SwiftUI-MVVM-Template,SwiftUI-MVVM-Template,,,0,0,0,0,Swift,2024-07-31T12:35:20Z,2024-08-03T06:31:27Z,https://github.com/iOSGaurav/SwiftUI-MVVM-Template
MV,repo_search,MV;Model View;Model-View,904034591,0xnalou/SwiftUI-MVVMC-Core,SwiftUI-MVVMC-Core,SwiftUI-MVVMC-Core is a module designed to support building SwiftUI applications using the MVVM-C (Model-View-ViewModel-Coordinator) architecture,"combine,design-architecture,design-patterns,mvvm-c,mvvmc,swiftui",0,0,0,0,Swift,2024-12-16T06:03:58Z,2026-02-13T21:12:27Z,https://github.com/0xnalou/SwiftUI-MVVMC-Core
MV,repo_search,MV,1073846295,sapiosandy/SwiftUIToDoMVVMPractice,SwiftUIToDoMVVMPractice,"Simple ToDo app built with SwiftUI using MVVM. Add, toggle, and delete tasks; demonstrates @State, @StateObject, ObservableObject, and @Published.",,0,0,0,0,Swift,2025-10-10T17:57:18Z,2025-10-10T21:11:08Z,https://github.com/sapiosandy/SwiftUIToDoMVVMPractice
MV,repo_search,MV,557434214,glaubergustavo/profile-MVVM-SwiftUI,profile-MVVM-SwiftUI,"Projeto de um Perfil simples feito em MVVM, usando SwiftUI. ",,0,0,0,0,Swift,2022-10-25T17:24:08Z,2022-12-14T22:12:38Z,https://github.com/glaubergustavo/profile-MVVM-SwiftUI
MV,repo_search,MV,370989966,Turzoxpress/MVVM_Example_SwiftUI,MVVM_Example_SwiftUI,,,0,0,0,0,Swift,2021-05-26T10:12:53Z,2021-05-26T10:35:47Z,https://github.com/Turzoxpress/MVVM_Example_SwiftUI
MV,repo_search,MV,665107142,never-better/SwiftUI-MVI-Example,SwiftUI-MVI-Example,MVI 패턴 공부,,0,0,0,0,Swift,2023-07-11T12:58:09Z,2023-07-11T13:02:25Z,https://github.com/never-better/SwiftUI-MVI-Example
MV,repo_search,MV,451394189,Pavel71/Marvel_SwiftUI_MVI,Marvel_SwiftUI_MVI,,,0,1,0,0,Swift,2022-01-24T09:16:32Z,2022-01-24T09:21:07Z,https://github.com/Pavel71/Marvel_SwiftUI_MVI
MV,repo_search,MV,807269386,hydro1337x/swiftui-clean-mvvm-c,swiftui-clean-mvvm-c,A demo project demonstrating Clean Architecture using SwiftUI+MVVM in the Presentation layer and Coordinator pattern for navigation in the App module,,0,0,0,0,Swift,2024-05-28T19:24:52Z,2024-06-03T21:48:24Z,https://github.com/hydro1337x/swiftui-clean-mvvm-c
MV,repo_search,MV,929838075,Berkay-Aykose/MVVM-MovieApp,MVVM-MovieApp,"MVVM, SwiftUI, Firebase, Rest API",,0,1,0,0,Swift,2025-02-09T14:26:07Z,2025-02-11T21:29:27Z,https://github.com/Berkay-Aykose/MVVM-MovieApp
MV,repo_search,MV,641044157,juniormargalho/BaseMVVMSwiftUI,BaseMVVMSwiftUI,MVVM base project with SwiftUI,,0,0,0,0,Swift,2023-05-15T16:55:52Z,2023-09-15T12:52:38Z,https://github.com/juniormargalho/BaseMVVMSwiftUI
MV,repo_search,MV,1041131714,rohit11/MVVM-Clean-Architecture-,MVVM-Clean-Architecture-,SwiftUI MVVM plus Clean Architecture.,,0,0,0,0,Swift,2025-08-20T03:11:44Z,2026-02-22T08:39:41Z,https://github.com/rohit11/MVVM-Clean-Architecture-
MV,repo_search,MV,670818063,Dre00dev/Map-App-MVVM,Map-App-MVVM,"SwiftUI, MapKit, MVVM practice app",,0,0,0,0,Swift,2023-07-25T23:06:09Z,2023-07-25T23:08:41Z,https://github.com/Dre00dev/Map-App-MVVM
MV,repo_search,MV,431948319,HussienFahmy-Integrant/MoviesDBSampleMVVM,MoviesDBSampleMVVM,MVVM practice with swiftui & combine,,0,0,0,0,Swift,2021-11-25T18:53:55Z,2021-12-16T20:14:06Z,https://github.com/HussienFahmy-Integrant/MoviesDBSampleMVVM
MV,repo_search,MV,631348450,katafuchix/SwiftUI_Combine_MVVM_Example,SwiftUI_Combine_MVVM_Example,SwiftUI Combine MVVM Example,,0,0,0,0,Swift,2023-04-22T18:31:55Z,2023-04-22T18:32:35Z,https://github.com/katafuchix/SwiftUI_Combine_MVVM_Example
MV,repo_search,MV,882373129,Mohammad-Al-Refai/SwiftUI-MVVM-memorize-game,SwiftUI-MVVM-memorize-game,Memorize game using SwiftUI,"ios,swift,swiftui",0,0,0,0,Swift,2024-11-02T16:54:13Z,2024-11-05T10:22:58Z,https://github.com/Mohammad-Al-Refai/SwiftUI-MVVM-memorize-game
MV,repo_search,MV,907467578,choiyoubin/SwiftUI-MVVM-CleanArchitecture,SwiftUI-MVVM-CleanArchitecture,SwiftUI-MVVM-CleanArchitecture practice,,0,0,0,0,Swift,2024-12-23T16:41:54Z,2025-01-01T17:27:52Z,https://github.com/choiyoubin/SwiftUI-MVVM-CleanArchitecture
MV,repo_search,MV,572959948,MarcoIO/MVVMArcitectureSwiftUISample,MVVMArcitectureSwiftUISample,Sample using MVVM Architecture with Asyn Await and SwiftUI,,0,0,0,0,Swift,2022-12-01T12:00:26Z,2022-12-01T12:06:16Z,https://github.com/MarcoIO/MVVMArcitectureSwiftUISample
MV,repo_search,MV,392242244,juniper92/insta-mvvm,insta-mvvm,Cloning Instagram - SwiftUI + Firebase(Swift Packages),,0,0,0,0,Swift,2021-08-03T08:16:14Z,2021-08-18T02:57:33Z,https://github.com/juniper92/insta-mvvm
MV,repo_search,MV,1222260331,finnchristoffer/MV-vs-MVVM-vs-TCA,MV-vs-MVVM-vs-TCA,POC is MVVM still relevant in SwiftUI Era,,0,0,0,0,Swift,2026-04-27T07:34:19Z,2026-05-04T05:00:16Z,https://github.com/finnchristoffer/MV-vs-MVVM-vs-TCA
MV,repo_search,MV,770764160,Muhammad-decode/MVVM,MVVM,csv Data fetch from excel using Swiftui,,0,0,0,0,Swift,2024-03-12T05:45:42Z,2024-03-12T05:45:49Z,https://github.com/Muhammad-decode/MVVM
MV,repo_search,MV,1146147749,katafuchix/SwiftUI_YahooImageSearch_MVVM,SwiftUI_YahooImageSearch_MVVM,SwiftUI  YahooImageSearch MVVM presented.,,0,0,0,0,Swift,2026-01-30T17:26:44Z,2026-01-31T13:07:13Z,https://github.com/katafuchix/SwiftUI_YahooImageSearch_MVVM
MV,repo_search,MV,566244892,ocobanoglu18/MVVMExample2,MVVMExample2,Simple SwiftUI Project that shows MVVM structure with Fenerbahçe Players,,0,0,0,0,Swift,2022-11-15T09:12:51Z,2025-09-11T10:47:37Z,https://github.com/ocobanoglu18/MVVMExample2
MV,repo_search,MV,969359681,bharathiKalimuthan/Swift-DesinPatterns-MVVM,Swift-DesinPatterns-MVVM,"demo app for MVVM, SwiftUI",,0,0,0,0,Swift,2025-04-20T00:59:14Z,2025-04-20T01:38:25Z,https://github.com/bharathiKalimuthan/Swift-DesinPatterns-MVVM
MV,repo_search,MV,232594738,Gualdo/MVVMObservedObjects,MVVMObservedObjects,Simple example of how to implement reactive MVVM with SwiftUI,,0,0,0,0,Swift,2020-01-08T15:29:25Z,2020-01-08T15:30:13Z,https://github.com/Gualdo/MVVMObservedObjects
MV,repo_search,MV,277630596,Rafaelfferreira/MVVMStudy,MVVMStudy,Sample project using SwiftUI and MVVM Architechture,,0,0,0,0,Swift,2020-07-06T19:27:54Z,2020-07-10T02:19:11Z,https://github.com/Rafaelfferreira/MVVMStudy
MV,repo_search,MV,287548426,LexDeBash/SwiftbookApp-with-SwiftUI-MVVM,SwiftbookApp-with-SwiftUI-MVVM,SwiftbookApp with SwiftUI MVVM,,0,0,0,0,Swift,2020-08-14T14:12:14Z,2020-08-17T09:26:58Z,https://github.com/LexDeBash/SwiftbookApp-with-SwiftUI-MVVM
MV,repo_search,MV,780368565,MohamedAmineGannoun/MVVMToDoListFirebase,MVVMToDoListFirebase,ToDo List SwiftUI project using MVVM architeture and Firebase ,,0,0,0,0,Swift,2024-04-01T10:26:49Z,2024-04-01T10:29:29Z,https://github.com/MohamedAmineGannoun/MVVMToDoListFirebase
MV,repo_search,MV,766254781,xavierDesarrollo/loans_swiftui_mvvm_observablePattern,loans_swiftui_mvvm_observablePattern,This app retrieve a loan details.,,0,0,0,0,Swift,2024-03-02T18:54:54Z,2024-03-08T12:25:01Z,https://github.com/xavierDesarrollo/loans_swiftui_mvvm_observablePattern
MV,repo_search,MV,899052316,freeagles1991/WorldCountries_SwiftUI_MVVM,WorldCountries_SwiftUI_MVVM,,,0,0,0,0,Swift,2024-12-05T14:33:42Z,2024-12-14T14:47:17Z,https://github.com/freeagles1991/WorldCountries_SwiftUI_MVVM
MV,repo_search,MV,918041433,quangkham/MVVM-SwiftUI-StarterKit,MVVM-SwiftUI-StarterKit,,,0,0,0,0,Swift,2025-01-17T06:13:25Z,2025-01-22T04:26:58Z,https://github.com/quangkham/MVVM-SwiftUI-StarterKit
MV,repo_search,MV,1140627047,meryemdemirr/PizzaDelivery-MVVM-SwiftUI,PizzaDelivery-MVVM-SwiftUI,,,0,0,0,0,Swift,2026-01-23T14:43:42Z,2026-01-23T14:51:04Z,https://github.com/meryemdemirr/PizzaDelivery-MVVM-SwiftUI
MV,repo_search,MV,990180581,olgunpros/SWIFTUI-MVVM-FIREBASE-Trendy-App,SWIFTUI-MVVM-FIREBASE-Trendy-App,"Built with SwiftUI, Trendy is a marketplace application where users can list second-hand products and add them to their cart. The app includes a search bar. It uses Firebase and SDWebImage, and follows the MVVM architecture.",,0,0,0,0,Swift,2025-05-25T17:02:05Z,2025-05-25T17:02:54Z,https://github.com/olgunpros/SWIFTUI-MVVM-FIREBASE-Trendy-App
MV,repo_search,MV,725618947,kana-shin/MovieApp_SwiftUI_MVVM,MovieApp_SwiftUI_MVVM,テキストフィールドに入力されたタイトルの映画を検索し、ポスター画像と詳細を表示するアプリ。OMDb APIを使用。,,0,0,0,0,Swift,2023-11-30T14:23:50Z,2023-12-12T05:57:00Z,https://github.com/kana-shin/MovieApp_SwiftUI_MVVM
MV,repo_search,MV,813730760,sevketugurel/Film-Arama-SwiftUI-MVC,Film-Arama-SwiftUI-MVC,,,0,0,0,0,Swift,2024-06-11T16:18:49Z,2024-06-11T16:19:22Z,https://github.com/sevketugurel/Film-Arama-SwiftUI-MVC
MV,repo_search,MV,813342938,fatihkenarda/SwiftUI-Todo-List-MVVM,SwiftUI-Todo-List-MVVM,,,0,0,0,0,Swift,2024-06-10T22:44:24Z,2024-06-12T21:30:25Z,https://github.com/fatihkenarda/SwiftUI-Todo-List-MVVM
MV,repo_search,MV,1093402774,NandParikh/SwiftUI-NewsApp-MVVM,SwiftUI-NewsApp-MVVM,This project will show the News App with top 3 headlines and it's details using SwiftUI and MVVM,,0,0,0,0,Swift,2025-11-10T10:22:17Z,2025-11-10T10:42:32Z,https://github.com/NandParikh/SwiftUI-NewsApp-MVVM
MV,repo_search,MV,967780095,Nirajpaul2/CleanArchitecture_MVVM_SwiftUI,CleanArchitecture_MVVM_SwiftUI,,,0,0,0,0,Swift,2025-04-17T01:51:29Z,2025-04-17T03:56:55Z,https://github.com/Nirajpaul2/CleanArchitecture_MVVM_SwiftUI
MV,repo_search,MV,730187446,kana-shin/CounterApp_SwiftUI_MVVM,CounterApp_SwiftUI_MVVM,MVVMの練習で作った、タップで数字が増える簡単なカウンターアプリ,,0,0,0,0,Swift,2023-12-11T11:45:03Z,2023-12-12T05:57:32Z,https://github.com/kana-shin/CounterApp_SwiftUI_MVVM
MV,repo_search,MV,710843229,Techwood00/TodoApp-SwiftUI-MVC,TodoApp-SwiftUI-MVC,,,0,0,0,0,Swift,2023-10-27T14:52:35Z,2023-10-27T15:04:24Z,https://github.com/Techwood00/TodoApp-SwiftUI-MVC
MV,repo_search,MV,418279607,g-enius/SwiftUI-Combine-MVVM-C,SwiftUI-Combine-MVVM-C,A POC of MVVM plus Coordinator using SwiftUI with Combine,,0,0,0,0,Swift,2021-10-17T23:19:55Z,2026-02-02T01:47:17Z,https://github.com/g-enius/SwiftUI-Combine-MVVM-C
MV,repo_search,MV,788026445,RedBlock12/TodoApp-SwiftUI-MVC,TodoApp-SwiftUI-MVC,This app is designed with the MVC architecture ,,0,0,0,0,Swift,2024-04-17T16:29:48Z,2024-04-17T16:37:39Z,https://github.com/RedBlock12/TodoApp-SwiftUI-MVC
MV,repo_search,MV,935212968,RoyalLachinov/SwiftUI_SwiftData_MVVM,SwiftUI_SwiftData_MVVM,,,0,0,0,0,Swift,2025-02-19T04:48:41Z,2025-02-19T04:48:46Z,https://github.com/RoyalLachinov/SwiftUI_SwiftData_MVVM
MV,repo_search,MV,437970069,HPR10/HPR10-MVVM-SwiftUI,HPR10-MVVM-SwiftUI,,,0,0,0,0,Swift,2021-12-13T17:48:43Z,2021-12-13T17:50:47Z,https://github.com/HPR10/HPR10-MVVM-SwiftUI
MV,repo_search,MV,461061414,mehdisafari77/NetflixClone--MVVM--SwiftUI,NetflixClone--MVVM--SwiftUI,A Netflix Clone in SwiftUI and MVVM architecture,,0,0,0,0,Swift,2022-02-19T02:00:56Z,2022-03-10T04:27:11Z,https://github.com/mehdisafari77/NetflixClone--MVVM--SwiftUI
MV,repo_search,MV,1018215609,BCWoodard/SwiftUI-Layout-with-MVVM,SwiftUI-Layout-with-MVVM,,,0,0,0,0,Swift,2025-07-11T20:12:41Z,2025-07-11T20:15:52Z,https://github.com/BCWoodard/SwiftUI-Layout-with-MVVM
MV,repo_search,MV,532118402,davidaziz95/Movie-App-SwiftUI-MVI,Movie-App-SwiftUI-MVI,,,0,0,0,0,Swift,2022-09-03T00:51:32Z,2022-09-03T00:51:37Z,https://github.com/davidaziz95/Movie-App-SwiftUI-MVI
MV,repo_search,MV,520509291,jhsee5/SwiftUIGetItDoneMVVM,SwiftUIGetItDoneMVVM,An iOS Todo app,,0,0,0,0,Swift,2022-08-02T13:27:52Z,2022-08-02T13:29:47Z,https://github.com/jhsee5/SwiftUIGetItDoneMVVM
MV,repo_search,MV,405593976,GarudaNCT/SwiftUI-Combine-MVVM-Coordinate,SwiftUI-Combine-MVVM-Coordinate,,,0,0,0,0,Swift,2021-09-12T09:00:24Z,2021-10-03T10:15:25Z,https://github.com/GarudaNCT/SwiftUI-Combine-MVVM-Coordinate
MV,repo_search,MV,445041022,ridoalpredo/SwiftUI-Todo-List-MVVM,SwiftUI-Todo-List-MVVM,,,0,0,0,0,Swift,2022-01-06T04:34:04Z,2022-01-06T04:34:10Z,https://github.com/ridoalpredo/SwiftUI-Todo-List-MVVM
MV,repo_search,MV,218212234,qwang216/MVVM_SwiftUI_TipCalculator,MVVM_SwiftUI_TipCalculator,,,0,0,0,0,Swift,2019-10-29T05:40:41Z,2019-10-30T14:30:09Z,https://github.com/qwang216/MVVM_SwiftUI_TipCalculator
MV,repo_search,MV,1157353229,swayambhu2010/LoginScreen-SwiftUI-MVVM,LoginScreen-SwiftUI-MVVM,,,0,0,0,0,Swift,2026-02-13T18:10:55Z,2026-02-13T18:11:42Z,https://github.com/swayambhu2010/LoginScreen-SwiftUI-MVVM
MV,repo_search,MV,505081248,DurdenTyler/MovieApp-SwiftUI-MVVM,MovieApp-SwiftUI-MVVM,,,0,0,0,0,Swift,2022-06-19T10:46:49Z,2022-06-19T10:46:59Z,https://github.com/DurdenTyler/MovieApp-SwiftUI-MVVM
MV,repo_search,MV,641497322,glennludszuweit/SwiftUI-Async-Await-MVVM,SwiftUI-Async-Await-MVVM,,,0,0,0,0,Swift,2023-05-16T15:35:41Z,2023-05-16T15:37:04Z,https://github.com/glennludszuweit/SwiftUI-Async-Await-MVVM
MV,repo_search,MV,692219876,traunguyentvt/swiftUI_mvvm_denpendency_injection,swiftUI_mvvm_denpendency_injection,"Build iOS app using SwiftUI, applying MVVM, Dependency Injection.","api,asyc,await,dependency-injection,json,mvvm,swift5,swiftui",0,0,0,0,Swift,2023-09-15T20:53:21Z,2023-09-15T20:56:39Z,https://github.com/traunguyentvt/swiftUI_mvvm_denpendency_injection
MV,repo_search,MV,771584256,yilmazedis/UIKit-SwiftUI-MVVM-Example,UIKit-SwiftUI-MVVM-Example,MVVM Example for UIKit & SwiftUI,"coordinator,mvvm,swiftui,uikit",0,0,0,0,Swift,2024-03-13T15:09:12Z,2024-06-17T12:26:08Z,https://github.com/yilmazedis/UIKit-SwiftUI-MVVM-Example
MV,repo_search,MV,384102962,Yabby1997/iOS-SwiftUI-MVVM,iOS-SwiftUI-MVVM,,,0,0,0,0,Swift,2021-07-08T11:34:11Z,2021-07-08T12:56:36Z,https://github.com/Yabby1997/iOS-SwiftUI-MVVM
MV,repo_search,MV,889863876,AtheeqAhammed/MVVM.asyncawait_Ecom_SwiftUI,MVVM.asyncawait_Ecom_SwiftUI,"MVVM, Async - Await, SwiftUI App",,0,0,0,0,Swift,2024-11-17T12:48:02Z,2024-11-17T12:48:08Z,https://github.com/AtheeqAhammed/MVVM.asyncawait_Ecom_SwiftUI
MV,repo_search,MV,886570364,iBessonov0240/Online-store-SwiftUI-MVVM,Online-store-SwiftUI-MVVM,"Basic prototype of a ""Product Catalog"" app for an online store using SwiftUI on MVVM architecture.",,0,0,0,0,Swift,2024-11-11T08:06:23Z,2025-02-20T10:40:57Z,https://github.com/iBessonov0240/Online-store-SwiftUI-MVVM
MV,repo_search,MV,998170182,NinaDIV/Proyecto-MVVM-con-SwiftUI,Proyecto-MVVM-con-SwiftUI,Este proyecto implementa el patrón de diseño MVVM utilizando SwiftUI.,,0,0,0,0,Swift,2025-06-08T02:38:27Z,2025-06-08T02:41:02Z,https://github.com/NinaDIV/Proyecto-MVVM-con-SwiftUI
MV,repo_search,MV,778630291,karlosDev416/TodoApp-SwiftUI-MVVM,TodoApp-SwiftUI-MVVM,A to-do list from scratch using SwiftUI with a MVVM architecture pattern. The app integrates UserDefaults to save and persist data across sessions.,,0,0,0,0,Swift,2024-03-28T04:48:18Z,2024-03-28T04:59:15Z,https://github.com/karlosDev416/TodoApp-SwiftUI-MVVM
MV,repo_search,MV,367474901,atakancengizkurt/SearchMovie-SwiftUI-MVVM,SearchMovie-SwiftUI-MVVM,,,0,0,0,0,Swift,2021-05-14T20:40:46Z,2021-05-14T20:58:36Z,https://github.com/atakancengizkurt/SearchMovie-SwiftUI-MVVM
MV,repo_search,MV,475442159,LuannLuna/SwiftUI-MVVM-RxSwift,SwiftUI-MVVM-RxSwift,,,0,0,0,0,Swift,2022-03-29T12:54:07Z,2022-03-29T12:57:06Z,https://github.com/LuannLuna/SwiftUI-MVVM-RxSwift
MV,repo_search,MV,988887082,umitalbayrakk/SwiftUIkitToDoMVVM,SwiftUIkitToDoMVVM,SwiftUIkit MVVM Todo ,,0,0,0,0,Swift,2025-05-23T08:19:55Z,2025-05-26T05:34:12Z,https://github.com/umitalbayrakk/SwiftUIkitToDoMVVM
MV,repo_search,MV,730180063,kana-shin/BankApp_SwiftUI_MVVM,BankApp_SwiftUI_MVVM,サーバーサイドも実装した架空の銀行アプリ。サーバーサイドのリポジトリはBankAPI_SeverSide,,0,0,0,0,Swift,2023-12-11T11:24:52Z,2023-12-12T04:38:30Z,https://github.com/kana-shin/BankApp_SwiftUI_MVVM
MV,repo_search,MV,804854988,jooYeonIya/DietLog-MVVM-SwiftUI,DietLog-MVVM-SwiftUI,,,0,0,0,0,Swift,2024-05-23T12:02:14Z,2024-05-24T13:38:02Z,https://github.com/jooYeonIya/DietLog-MVVM-SwiftUI
MV,repo_search,MV,1093268627,NandParikh/SwiftUI-RecipeApp-MVVM,SwiftUI-RecipeApp-MVVM,This will show the use of MVVM in SwiftUI,,0,0,0,0,Swift,2025-11-10T06:22:05Z,2025-11-10T06:35:39Z,https://github.com/NandParikh/SwiftUI-RecipeApp-MVVM
MV,repo_search,MV,1094208023,WebmyneSystemsPvt/TodoApp_MVVM_SwiftUI,TodoApp_MVVM_SwiftUI,"A simple, modern To-Do app for Apple platforms built with SwiftUI, SwiftData, and MVVM. It supports creating, updating, listing, completing/uncompleting, and deleting tasks, with a clean segmented UI for Pending and Completed tasks.",,0,0,0,0,Swift,2025-11-11T12:03:14Z,2025-11-11T12:14:30Z,https://github.com/WebmyneSystemsPvt/TodoApp_MVVM_SwiftUI
MV,repo_search,MV,1124909199,Rehamsa3d/FlowerMarket-SwiftUI-MVVM-,FlowerMarket-SwiftUI-MVVM-,,,0,0,0,0,Swift,2025-12-29T20:40:47Z,2026-01-05T22:08:17Z,https://github.com/Rehamsa3d/FlowerMarket-SwiftUI-MVVM-
MV,repo_search,MV,759695753,EricTMcode/HelloCoffee,HelloCoffee,MV Design Pattern in iOS - Build SwiftUI Apps Apple's Way,,0,0,0,0,Swift,2024-02-19T06:49:04Z,2024-02-19T06:49:11Z,https://github.com/EricTMcode/HelloCoffee
MV,repo_search,MV,312053268,anilsakar/Weather-App-SwiftUI-MVVM,Weather-App-SwiftUI-MVVM,,,0,0,0,0,Swift,2020-11-11T18:17:57Z,2020-11-12T22:12:55Z,https://github.com/anilsakar/Weather-App-SwiftUI-MVVM
MV,repo_search,MV,892272424,shanindur/iOS-SwiftUI-MVVM,iOS-SwiftUI-MVVM,,,0,0,0,0,Swift,2024-11-21T20:05:45Z,2024-11-24T15:18:03Z,https://github.com/shanindur/iOS-SwiftUI-MVVM
MV,repo_search,MV,380326657,aluco100/MVI-SwiftUI-CleanArchitecture,MVI-SwiftUI-CleanArchitecture,,,0,0,0,0,Swift,2021-06-25T18:40:04Z,2021-07-02T15:53:53Z,https://github.com/aluco100/MVI-SwiftUI-CleanArchitecture
MV,repo_search,MV,358914828,mariodujic/iOS-SwiftUI-MVVM,iOS-SwiftUI-MVVM,iOS MVVM SwiftUI learning example,,0,0,0,0,Swift,2021-04-17T15:29:56Z,2021-05-30T10:23:48Z,https://github.com/mariodujic/iOS-SwiftUI-MVVM
MV,repo_search,MV,925866124,ahmetbostanciklioglu/MVVM-C_in_SwiftUI,MVVM-C_in_SwiftUI,MVVM-C Architectural Patterns in SwiftUI,,0,1,0,0,Swift,2025-02-01T23:32:38Z,2025-02-01T23:37:00Z,https://github.com/ahmetbostanciklioglu/MVVM-C_in_SwiftUI
MV,repo_search,MV,738421649,Elverhacker9501/ListUser-MVVM-SwiftUI,ListUser-MVVM-SwiftUI,Listado de Users,,0,0,0,0,Swift,2024-01-03T07:32:08Z,2024-03-18T06:45:10Z,https://github.com/Elverhacker9501/ListUser-MVVM-SwiftUI
MV,repo_search,MV;Model View;Model-View,1158631581,abhisekprusty977/MVC-Posts-App-SwiftUI-,MVC-Posts-App-SwiftUI-,"A simple iOS application built using SwiftUI and MVC Architecture that fetches product data from a public API and displays it in a table-style list. The app includes a splash screen, API integration, and clean separation of Model, View, and Controller layers.",,0,0,0,0,Swift,2026-02-15T17:26:51Z,2026-02-15T17:55:43Z,https://github.com/abhisekprusty977/MVC-Posts-App-SwiftUI-
MV,repo_search,MV,549764910,vrnfernando/BikeStation-SwiftUI-MVVM,BikeStation-SwiftUI-MVVM,This application is implemented using SwiftUI MVVM Pattern.,,0,0,0,0,Swift,2022-10-11T17:45:17Z,2022-10-11T17:52:47Z,https://github.com/vrnfernando/BikeStation-SwiftUI-MVVM
MV,repo_search,MV,552437972,Aykutatabay/SwiftUI-Todo-List-MVVM-,SwiftUI-Todo-List-MVVM-,,,0,0,0,0,Swift,2022-10-16T15:43:11Z,2022-10-16T15:43:46Z,https://github.com/Aykutatabay/SwiftUI-Todo-List-MVVM-
MV,repo_search,MV,860171240,fernando-schulz/to-do-list-swiftui-mvvm,to-do-list-swiftui-mvvm,,,0,0,0,0,Swift,2024-09-20T00:33:27Z,2024-10-12T16:02:24Z,https://github.com/fernando-schulz/to-do-list-swiftui-mvvm
MV,repo_search,MV,715187860,malindu21/NewsApp-SwiftUI-MVVM,NewsApp-SwiftUI-MVVM,,,0,0,0,0,Swift,2023-11-06T16:36:41Z,2023-11-06T16:50:29Z,https://github.com/malindu21/NewsApp-SwiftUI-MVVM
MV,repo_search,MV,470522354,yashvyas29/YV-SwiftUI-MVVM-Coordinator,YV-SwiftUI-MVVM-Coordinator,,,0,0,0,0,Swift,2022-03-16T09:52:44Z,2022-03-16T09:54:24Z,https://github.com/yashvyas29/YV-SwiftUI-MVVM-Coordinator
MV,repo_search,MV,962826172,Berkay-Aykose/WeatherApp-MVVM-SwiftUI,WeatherApp-MVVM-SwiftUI,"MVVM, SwiftUI, OpenWeatherMap API, CoreLocation",,0,0,0,0,Swift,2025-04-08T18:22:12Z,2025-04-08T19:05:05Z,https://github.com/Berkay-Aykose/WeatherApp-MVVM-SwiftUI
MV,repo_search,MV,520148951,oleh-petrenko/SwiftUI-MVVM-test-app,SwiftUI-MVVM-test-app,,,0,0,0,0,Swift,2022-08-01T14:43:39Z,2022-08-01T14:46:42Z,https://github.com/oleh-petrenko/SwiftUI-MVVM-test-app
MV,repo_search,MV,931044775,yoshiki-tachi-spiderplus/Sample-SwiftUI-MVVM-CLA,Sample-SwiftUI-MVVM-CLA,,,0,0,0,0,Swift,2025-02-11T16:22:27Z,2025-02-17T05:12:36Z,https://github.com/yoshiki-tachi-spiderplus/Sample-SwiftUI-MVVM-CLA
MV,repo_search,MV,847643740,Banck/swiftUI-MVVM-Coordinator-template,swiftUI-MVVM-Coordinator-template,,,0,0,0,0,Swift,2024-08-26T09:08:16Z,2024-08-26T09:17:53Z,https://github.com/Banck/swiftUI-MVVM-Coordinator-template
MV,repo_search,MV,463134076,TheHandyOwl/MVVM_SwiftUI_Combine_TMDB,MVVM_SwiftUI_Combine_TMDB,"Starting new TMDB project with SwiftUI, MVVM and Combine",,0,0,0,0,Swift,2022-02-24T12:08:53Z,2023-03-17T12:54:16Z,https://github.com/TheHandyOwl/MVVM_SwiftUI_Combine_TMDB
MV,repo_search,MV,408331387,linjiansi/SwiftUI-GraphQL-mvvm,SwiftUI-GraphQL-mvvm,,,0,0,0,0,Swift,2021-09-20T06:18:42Z,2021-10-19T02:56:30Z,https://github.com/linjiansi/SwiftUI-GraphQL-mvvm
MV,repo_search,MV,756286110,vlaskos/SwiftUI-Test-MVVM-Architecture,SwiftUI-Test-MVVM-Architecture,,,0,1,0,0,Swift,2024-02-12T11:12:23Z,2024-02-12T11:13:53Z,https://github.com/vlaskos/SwiftUI-Test-MVVM-Architecture
MV,repo_search,MV,669507521,Titus-Coleman/MVVM-TodoApp-SwiftUI,MVVM-TodoApp-SwiftUI,Reference app for MVVM using SwiftUI,,0,0,0,0,Swift,2023-07-22T14:00:06Z,2023-07-22T14:07:46Z,https://github.com/Titus-Coleman/MVVM-TodoApp-SwiftUI
MV,repo_search,MV,602201353,sherrydev03/MVVM_Product_SwiftUI_Poc,MVVM_Product_SwiftUI_Poc,,,0,0,0,0,Swift,2023-02-15T17:57:22Z,2023-02-15T18:02:05Z,https://github.com/sherrydev03/MVVM_Product_SwiftUI_Poc
MV,repo_search,MV,392666569,anchorWJ/SwiftUI-MVVM-StockChart,SwiftUI-MVVM-StockChart,,,0,0,0,0,Swift,2021-08-04T11:42:02Z,2021-08-16T10:35:38Z,https://github.com/anchorWJ/SwiftUI-MVVM-StockChart
MV,repo_search,MV,575545479,sdliv/SwiftUI.MVVM.With.Combine,SwiftUI.MVVM.With.Combine,SwiftUI using MVVM and Combine,,0,0,0,0,Swift,2022-12-07T18:51:42Z,2022-12-07T18:51:57Z,https://github.com/sdliv/SwiftUI.MVVM.With.Combine
MV,repo_search,MV,265025974,pushpankq/SwiftUI_With_URLSession-MVVM-,SwiftUI_With_URLSession-MVVM-,,,0,0,0,0,Swift,2020-05-18T18:26:47Z,2020-05-20T15:51:00Z,https://github.com/pushpankq/SwiftUI_With_URLSession-MVVM-
MV,repo_search,MV,998434763,gayanthabishan/SwiftUI-MVVM-UDF-Architecture,SwiftUI-MVVM-UDF-Architecture,Easily adoptable plug in architecture which gives the provisioning to the company to later adopt into any architecture due to clean seperation of the layers.,,0,0,0,0,Swift,2025-06-08T15:50:51Z,2025-08-19T07:59:45Z,https://github.com/gayanthabishan/SwiftUI-MVVM-UDF-Architecture
MV,repo_search,MV,399971747,AnthonyBuilder/SwiftUI-MVVM-Testes-Unitarios,SwiftUI-MVVM-Testes-Unitarios,,,0,0,0,0,Swift,2021-08-25T22:24:40Z,2022-09-17T14:24:35Z,https://github.com/AnthonyBuilder/SwiftUI-MVVM-Testes-Unitarios
MV,repo_search,MV,276156010,rghate/SwiftUI-MVVM-PawBuddy,SwiftUI-MVVM-PawBuddy,A SwiftUI sample application designed in MVVM pattern. Displays list of dogs with their details and an option to add new dogs in the list.,,0,0,0,0,Swift,2020-06-30T16:41:21Z,2020-07-02T20:19:48Z,https://github.com/rghate/SwiftUI-MVVM-PawBuddy
MV,repo_search,MV,799309559,MuratYurtseven/MovieSeeker-SwiftUI-MVVM,MovieSeeker-SwiftUI-MVVM,,,0,0,0,0,Swift,2024-05-11T18:38:04Z,2024-06-16T12:24:16Z,https://github.com/MuratYurtseven/MovieSeeker-SwiftUI-MVVM
MV,repo_search,MV;Model View;Model-View,1158654025,abhisekprusty977/MVVM-Products-App-SwiftUI,MVVM-Products-App-SwiftUI,A simple iOS application built using SwiftUI that demonstrates the MVVM (Model–View–ViewModel) architecture pattern with API integration.,,0,0,0,0,Swift,2026-02-15T18:05:27Z,2026-02-15T18:23:42Z,https://github.com/abhisekprusty977/MVVM-Products-App-SwiftUI
MV,repo_search,MV,635751306,TimothyJounier/toDoMVVM-swiftUI,toDoMVVM-swiftUI,,,0,0,0,0,Swift,2023-05-03T11:35:42Z,2023-05-03T11:35:50Z,https://github.com/TimothyJounier/toDoMVVM-swiftUI
MV,repo_search,MV,364499322,dharasis1993/SwiftUI-Network-MVVM-Architecture,SwiftUI-Network-MVVM-Architecture,,,0,0,0,0,Swift,2021-05-05T07:46:58Z,2021-05-10T19:25:04Z,https://github.com/dharasis1993/SwiftUI-Network-MVVM-Architecture
MV,repo_search,MV,909710274,SungMinCho-Kor/SwiftUI-MVVM-CleanArchitecture,SwiftUI-MVVM-CleanArchitecture,SwiftUI + MVVM + CleanArchitecture Example Project,,0,0,0,0,Swift,2024-12-29T14:57:38Z,2024-12-29T15:05:15Z,https://github.com/SungMinCho-Kor/SwiftUI-MVVM-CleanArchitecture
MV,repo_search,MV,910848127,MohamadGreatWarrior/SwiftUI-MVVM-MapsApp,SwiftUI-MVVM-MapsApp,,,0,0,0,0,Swift,2025-01-01T16:09:07Z,2025-01-01T16:45:06Z,https://github.com/MohamadGreatWarrior/SwiftUI-MVVM-MapsApp
MV,repo_search,MV,730500164,kana-shin/WeatherApp_SwiftUI_MVVM,WeatherApp_SwiftUI_MVVM,Openweathermap API から入力した天気情報を取得し、リストで表示するアプリ。ケルビン、摂氏、華氏を切り替えられる,,0,0,0,0,Swift,2023-12-12T04:03:30Z,2023-12-13T08:06:24Z,https://github.com/kana-shin/WeatherApp_SwiftUI_MVVM
MV,repo_search,MV,256116077,dev-sjagtap/weather-app-using-mvvm-swiftui,weather-app-using-mvvm-swiftui,A demo application which will show current weather for city you entered. This app made using MVVM design pattern and with SwiftUI.,,0,0,0,0,Swift,2020-04-16T05:16:03Z,2020-04-16T05:48:11Z,https://github.com/dev-sjagtap/weather-app-using-mvvm-swiftui
MV,repo_search,MV,317965274,dannysantoso/SwiftUI-MVVM-CleanArchitecture,SwiftUI-MVVM-CleanArchitecture,using Realm as local storage and Mapping remote data to local storage to be displayed as a model.,,0,0,0,0,Swift,2020-12-02T19:11:00Z,2023-12-08T11:55:14Z,https://github.com/dannysantoso/SwiftUI-MVVM-CleanArchitecture
MV,repo_search,MV,968274869,MadhuSudhanRao1431/CardView-SwiftUI-MVVM,CardView-SwiftUI-MVVM,App contains login page and cards view page using mock apis with MVVM architecture.,,0,0,0,0,Swift,2025-04-17T19:51:04Z,2025-04-17T19:51:10Z,https://github.com/MadhuSudhanRao1431/CardView-SwiftUI-MVVM
MV,repo_search,MV,1166518092,Shivanandkoli09/SwiftUI-MVVM-Networking-Demo,SwiftUI-MVVM-Networking-Demo,,,0,0,0,0,Swift,2026-02-25T10:02:59Z,2026-02-25T10:10:29Z,https://github.com/Shivanandkoli09/SwiftUI-MVVM-Networking-Demo
MV,repo_search,MV,1177719277,NKCodebase/CleanArchitecture_MVVM_SwiftUI,CleanArchitecture_MVVM_SwiftUI,,,0,0,0,0,Swift,2026-03-10T09:54:47Z,2026-03-10T09:55:53Z,https://github.com/NKCodebase/CleanArchitecture_MVVM_SwiftUI
MV,repo_search,MV,634779263,Yuvan3/SwiftUI-Firebase-Auth-MVVM,SwiftUI-Firebase-Auth-MVVM,,,0,0,0,0,Swift,2023-05-01T06:58:37Z,2023-05-01T06:58:43Z,https://github.com/Yuvan3/SwiftUI-Firebase-Auth-MVVM
MV,repo_search,MV,456797317,Nayan812/NewsFeed_SwiftUI_MVVM,NewsFeed_SwiftUI_MVVM,,,0,0,0,0,Swift,2022-02-08T05:35:53Z,2022-02-08T05:36:11Z,https://github.com/Nayan812/NewsFeed_SwiftUI_MVVM
MV,repo_search,MV,442381027,assad62/CounterApp_SwiftUI_MVVM,CounterApp_SwiftUI_MVVM,,,0,0,0,0,Swift,2021-12-28T07:11:15Z,2021-12-28T07:13:24Z,https://github.com/assad62/CounterApp_SwiftUI_MVVM
MV,repo_search,MV,815623524,fatihkenarda/SwiftUI-Map-Location-MVVM,SwiftUI-Map-Location-MVVM,,,0,0,0,0,Swift,2024-06-15T16:33:49Z,2025-02-27T14:35:40Z,https://github.com/fatihkenarda/SwiftUI-Map-Location-MVVM
MV,repo_search,MV,881861838,ElBookyes/SwiftUI-MVVM-AppetizerMenu,SwiftUI-MVVM-AppetizerMenu,,,0,0,0,0,Swift,2024-11-01T11:56:59Z,2024-11-01T11:58:50Z,https://github.com/ElBookyes/SwiftUI-MVVM-AppetizerMenu
MV,repo_search,MV,1143470312,Rumeysabasormanci/WeatherApp-SwiftUI-MVP,WeatherApp-SwiftUI-MVP,"REST API entegrasyonu, MVVM mimarisi ve JSON veri işleme süreçlerini analiz etmek amacıyla geliştirilmiş iOS hava durumu uygulaması prototipi.",,0,0,0,0,Swift,2026-01-27T16:11:23Z,2026-01-27T17:54:22Z,https://github.com/Rumeysabasormanci/WeatherApp-SwiftUI-MVP
MV,repo_search,MV,572661256,furkancosgun/SwiftUI-MVVM-Coin-App,SwiftUI-MVVM-Coin-App,MVVM Coin App,,0,0,0,0,Swift,2022-11-30T18:52:33Z,2022-12-06T18:40:00Z,https://github.com/furkancosgun/SwiftUI-MVVM-Coin-App
MV,repo_search,MV,674544907,ikakooo/ChatApp_SwiftUI_MVVM,ChatApp_SwiftUI_MVVM,,,0,0,0,0,Swift,2023-08-04T07:48:30Z,2023-08-04T07:50:10Z,https://github.com/ikakooo/ChatApp_SwiftUI_MVVM
MV,repo_search,MV,762843231,dejwidz/SportMonitor-SwiftUI-MVVM,SportMonitor-SwiftUI-MVVM,,,0,0,0,0,Swift,2024-02-24T20:58:39Z,2024-06-09T13:39:06Z,https://github.com/dejwidz/SportMonitor-SwiftUI-MVVM
MV,repo_search,MV,1093539629,NandParikh/SwiftUI---Weather-App-MVVM-,SwiftUI---Weather-App-MVVM-,This project will describe the use of Weather API and some nice Weather Card and Error Message Card View,,0,0,0,0,Swift,2025-11-10T14:05:45Z,2025-11-10T14:23:25Z,https://github.com/NandParikh/SwiftUI---Weather-App-MVVM-
MV,repo_search,MV,736205289,KalaiLingappan/SwiftUI-GraphQL-MVVM,SwiftUI-GraphQL-MVVM,,,0,0,0,0,Swift,2023-12-27T09:11:43Z,2023-12-29T14:07:23Z,https://github.com/KalaiLingappan/SwiftUI-GraphQL-MVVM
MV,repo_search,MV,1052445250,smurzaliev/mvvm-swiftui-di-async-await,mvvm-swiftui-di-async-await,Boilerplate project for SwiftUI + MVVM + DI,,0,0,0,0,Swift,2025-09-08T04:16:08Z,2025-09-08T04:19:36Z,https://github.com/smurzaliev/mvvm-swiftui-di-async-await
MV,repo_search,MV,1235987436,scalecode-solutions/mvBingo,mvBingo,"75-ball bingo as a Swift Package — SwiftUI 6 + iOS 26. Engine + UI products, themeable, drop-in BingoSessionView.","bingo,game,ios,ios26,spm,swift,swift-package-manager,swiftui",0,0,0,0,Swift,2026-05-11T21:03:17Z,2026-05-11T23:53:48Z,https://github.com/scalecode-solutions/mvBingo
MV,repo_search,MV,742499526,prabhalingappan/SwiftUI_MVVM_CleanArch,SwiftUI_MVVM_CleanArch,,,0,0,0,0,Swift,2024-01-12T16:05:41Z,2024-01-12T16:09:42Z,https://github.com/prabhalingappan/SwiftUI_MVVM_CleanArch
MV,repo_search,MV,694136418,rissatti-fyve/treinamento-clean-architecture-swiftui-mvvm,treinamento-clean-architecture-swiftui-mvvm,,,0,0,0,0,Swift,2023-09-20T11:59:56Z,2023-09-25T16:45:22Z,https://github.com/rissatti-fyve/treinamento-clean-architecture-swiftui-mvvm
MV,repo_search,MV,275401559,jll90/SwiftUI-MVVM-Architecture-Example,SwiftUI-MVVM-Architecture-Example,Based upon https://www.vadimbulavin.com/modern-mvvm-ios-app-architecture-with-combine-and-swiftui/,,0,0,0,0,Swift,2020-06-27T15:36:34Z,2020-06-27T15:37:23Z,https://github.com/jll90/SwiftUI-MVVM-Architecture-Example
MV,repo_search,MV,410540237,binayathapamagar/To-Do-SwiftUI-MVVM,To-Do-SwiftUI-MVVM,A To-Do app created using SwiftUI and using MVVM.,,0,0,0,0,Swift,2021-09-26T12:02:02Z,2021-10-02T07:46:19Z,https://github.com/binayathapamagar/To-Do-SwiftUI-MVVM
MV,repo_search,MV,888230586,iBessonov0240/WeatherApp-SwiftUI-MVVM,WeatherApp-SwiftUI-MVVM,Basic prototype of a 5 days ahead weather app using SwiftUI and saving to Coredata on MVVM architecture.,,0,0,0,0,Swift,2024-11-14T03:15:14Z,2025-02-20T10:40:21Z,https://github.com/iBessonov0240/WeatherApp-SwiftUI-MVVM
MV,repo_search,MV,594516959,Hongpil/SwiftUI_MVI_MovieSearch,SwiftUI_MVI_MovieSearch,,,0,0,0,0,Swift,2023-01-28T19:42:48Z,2023-01-28T21:34:03Z,https://github.com/Hongpil/SwiftUI_MVI_MovieSearch
MV,repo_search,MV,812226429,sdindarrxk/MoviesApp-MVVM-SwiftUI,MoviesApp-MVVM-SwiftUI,"w/ URLSession, Alamofire, Firebase",,0,0,0,0,Swift,2024-06-08T09:43:55Z,2024-08-06T16:02:38Z,https://github.com/sdindarrxk/MoviesApp-MVVM-SwiftUI
MV,repo_search,MV,662112291,bhavins13/TodoList_MVVM_SwiftUI,TodoList_MVVM_SwiftUI,,,0,0,0,0,Swift,2023-07-04T11:34:25Z,2023-07-05T13:15:43Z,https://github.com/bhavins13/TodoList_MVVM_SwiftUI
MV,repo_search,MV,595986959,Karamjitsingh1989/NewsApp-SwiftUI-MVVM,NewsApp-SwiftUI-MVVM,,,0,0,0,0,Swift,2023-02-01T08:17:10Z,2023-02-01T09:32:02Z,https://github.com/Karamjitsingh1989/NewsApp-SwiftUI-MVVM
MV,repo_search,MV,788031157,RedBlock12/TodoApp-SwiftUI-MVVM,TodoApp-SwiftUI-MVVM,This app is designed with the MVVM architecture. ,,0,0,0,0,Swift,2024-04-17T16:40:30Z,2024-04-17T16:41:57Z,https://github.com/RedBlock12/TodoApp-SwiftUI-MVVM
MV,repo_search,MV,935193527,RoyalLachinov/SwiftUI-MVVM-GitUsers,SwiftUI-MVVM-GitUsers,,,0,0,0,0,Swift,2025-02-19T03:49:57Z,2025-02-19T04:07:49Z,https://github.com/RoyalLachinov/SwiftUI-MVVM-GitUsers
MV,repo_search,MV,758819487,EricTMcode/MVVMExample,MVVMExample,MV Design Pattern in iOS - Build SwiftUI Apps Apple's Way,,0,0,0,0,Swift,2024-02-17T07:02:06Z,2024-02-17T07:02:12Z,https://github.com/EricTMcode/MVVMExample
MV,repo_search,MV,599649210,IOSDEVWBA/Example_MVVM_SwiftUI_Combine,Example_MVVM_SwiftUI_Combine,An example with SwiftUI framework and MVVM architecture as well as Combine,,0,0,0,0,Swift,2023-02-09T15:35:00Z,2023-03-06T11:35:58Z,https://github.com/IOSDEVWBA/Example_MVVM_SwiftUI_Combine
MV,repo_search,MV,614076883,amitaofficial/SwiftUI_With_API_MVVM,SwiftUI_With_API_MVVM,,,0,0,0,0,Swift,2023-03-14T21:00:42Z,2023-03-14T21:00:48Z,https://github.com/amitaofficial/SwiftUI_With_API_MVVM
MV,repo_search,MV,752479681,SanjayChahal/MVVM-Cordinator-Uikit-SwiftUI,MVVM-Cordinator-Uikit-SwiftUI,,,0,0,0,0,Swift,2024-02-04T00:39:31Z,2024-02-04T00:41:50Z,https://github.com/SanjayChahal/MVVM-Cordinator-Uikit-SwiftUI
MV,repo_search,MV,888880488,masaki0325/ios-mvvm-pokemon,ios-mvvm-pokemon,SwiftUI+MVVM+RealmSwiftで作成,,0,0,0,0,Swift,2024-11-15T07:24:22Z,2024-12-17T10:02:58Z,https://github.com/masaki0325/ios-mvvm-pokemon
MV,repo_search,MV,569458047,blorein-code/MVVMSwiftUIJokeApp,MVVMSwiftUIJokeApp,Basic get request method with Alamofire in SwiftUI MVVM Architecture,"alamofire,mvvm-architecture,swiftui",0,0,0,0,Swift,2022-11-22T21:49:39Z,2022-11-22T21:50:24Z,https://github.com/blorein-code/MVVMSwiftUIJokeApp
MV,repo_search,MV,468532094,mehdisafari77/TwitterClone-MVVM-SwiftUI,TwitterClone-MVVM-SwiftUI,Twitter clone hooked up with Firebase,,0,0,0,0,Swift,2022-03-10T22:37:59Z,2023-09-16T14:43:28Z,https://github.com/mehdisafari77/TwitterClone-MVVM-SwiftUI
MV,repo_search,MV,556011628,vshmatok/SwiftUI_Combine_MVVM-sample,SwiftUI_Combine_MVVM-sample,"Sample project that demonstrates usage of: SwiftUI, Combine and MVVM architecture",,0,0,0,0,Swift,2022-10-22T21:32:24Z,2022-10-22T21:38:29Z,https://github.com/vshmatok/SwiftUI_Combine_MVVM-sample
MV,repo_search,MV,638882493,Ievgen-Mykhailiuk/Movies_SwiftUI_Combine_MVVM,Movies_SwiftUI_Combine_MVVM,,,0,0,0,0,Swift,2023-05-10T09:59:37Z,2023-05-10T10:02:07Z,https://github.com/Ievgen-Mykhailiuk/Movies_SwiftUI_Combine_MVVM
MV,repo_search,MV,1069747279,Hemant-7/SwiftUI-MVVM-CoordinatePatter,SwiftUI-MVVM-CoordinatePatter,SwiftUI With MVVM and CoordinatePatter,,0,0,0,0,Swift,2025-10-04T14:44:00Z,2025-12-21T13:40:15Z,https://github.com/Hemant-7/SwiftUI-MVVM-CoordinatePatter
MV,repo_search,MV,326139957,willyao0523/SwiftUI-MVVM-Firebase-demo,SwiftUI-MVVM-Firebase-demo,,,0,0,0,0,Swift,2021-01-02T08:25:06Z,2021-03-14T23:54:04Z,https://github.com/willyao0523/SwiftUI-MVVM-Firebase-demo
MV,repo_search,MV,762836295,dejwidz/SnakeGame_SwiftUI_MVVMApp,SnakeGame_SwiftUI_MVVMApp,,,0,0,0,0,Swift,2024-02-24T20:29:18Z,2024-06-09T13:38:24Z,https://github.com/dejwidz/SnakeGame_SwiftUI_MVVMApp
MV,repo_search,MV,861643293,saga138/CounterApp_SwiftUI-MVVM,CounterApp_SwiftUI-MVVM,for practicing MVVM using SwiftUI,,0,0,0,0,Swift,2024-09-23T09:18:03Z,2024-09-23T14:44:15Z,https://github.com/saga138/CounterApp_SwiftUI-MVVM
MV,repo_search,MV,1095467947,henriqenzo/app-todolist-mvvm,app-todolist-mvvm,ToDoList feito com MVVM em SwiftUI,,0,0,0,0,Swift,2025-11-13T04:58:26Z,2025-11-17T20:14:12Z,https://github.com/henriqenzo/app-todolist-mvvm
MV,repo_search,MV,439375374,LuisYul/SwiftUIGoogleMapsWeatherMVVM,SwiftUIGoogleMapsWeatherMVVM,A sample app that shows the location on the map and the weather of some cities,"alamofire,clean-architecture,google-maps,mvvm,rxswift,swiftui,weather-api",0,0,0,0,Swift,2021-12-17T15:21:44Z,2021-12-19T19:01:28Z,https://github.com/LuisYul/SwiftUIGoogleMapsWeatherMVVM
MV,repo_search,MV,334911085,GetM0ney/AudioKit-SwiftUI-MVVM,AudioKit-SwiftUI-MVVM,Used Skilles,,0,0,0,0,Swift,2021-02-01T10:23:38Z,2021-02-01T10:32:16Z,https://github.com/GetM0ney/AudioKit-SwiftUI-MVVM
MV,repo_search,MV,528553690,Mustafacicek06/CryptoApp-SwiftUI-MVVM,CryptoApp-SwiftUI-MVVM,Crypto app developed using Codable and CodingKeys.,,0,0,0,0,Swift,2022-08-24T18:48:17Z,2022-08-24T18:48:23Z,https://github.com/Mustafacicek06/CryptoApp-SwiftUI-MVVM
MV,repo_search,MV,711454268,nimchynskyi/TodoListMVVM,TodoListMVVM,Todo SwiftUI Application using MVVM Architecture.,,0,0,0,0,Swift,2023-10-29T10:16:11Z,2023-10-29T10:16:21Z,https://github.com/nimchynskyi/TodoListMVVM
MV,repo_search,MV,1029567151,JimGiouvanakis/CryptoApp_MVVM-SwiftUI,CryptoApp_MVVM-SwiftUI,,,0,0,0,0,Swift,2025-07-31T08:35:28Z,2025-07-31T08:56:40Z,https://github.com/JimGiouvanakis/CryptoApp_MVVM-SwiftUI
MV,repo_search,MV,811852209,sdindarrxk/FoodsApp-MVVM-SwiftUI,FoodsApp-MVVM-SwiftUI,"w/ CoreData, URLSession, Alamofire, Firebase",,0,0,0,0,Swift,2024-06-07T12:39:46Z,2024-08-06T16:02:27Z,https://github.com/sdindarrxk/FoodsApp-MVVM-SwiftUI
MV,repo_search,MV,856079664,vinsalmont/bookbazzar,bookbazzar,This Repository is mean to show the MV architecture in SwiftUI,,0,0,0,0,Swift,2024-09-12T00:33:29Z,2024-09-12T13:40:32Z,https://github.com/vinsalmont/bookbazzar
MV,repo_search,MV,627728385,rauldelahera/MVVM-Demo,MVVM-Demo,MVVM SwiftUI example from a tutorial article,"ios,mvvm,swift,swiftui",0,0,0,0,Swift,2023-04-14T04:29:01Z,2026-02-14T18:04:37Z,https://github.com/rauldelahera/MVVM-Demo
MV,repo_search,MV,620794597,ludders/MVVM_Example,MVVM_Example,MVVM SwiftUI example from a tutorial article,,0,0,0,0,Swift,2023-03-29T11:43:12Z,2023-03-29T11:46:33Z,https://github.com/ludders/MVVM_Example
MV,repo_search,MV,561141355,rvenieris/Aula-MVVM,Aula-MVVM,Simple project example using MVVM pattern & SwiftUI,,0,0,0,0,Swift,2022-11-03T03:14:51Z,2022-11-03T03:14:57Z,https://github.com/rvenieris/Aula-MVVM
MV,repo_search,MV,1155602295,abdullah-original/MVVMKit,MVVMKit,A simple template for MVVM architecture in SwiftUI. ,,0,0,0,0,Swift,2026-02-11T17:37:22Z,2026-03-14T22:27:18Z,https://github.com/abdullah-original/MVVMKit
MV,repo_search,MV,679484549,BatmanReturns/MovieAPPlicationWithMVVM,MovieAPPlicationWithMVVM,Movie Rating Application with MVVM+SwiftUI,,0,0,0,0,Swift,2023-08-17T00:38:13Z,2023-08-17T00:48:33Z,https://github.com/BatmanReturns/MovieAPPlicationWithMVVM
MV,repo_search,MV,598014257,mingging/TodoListWithMVVM,TodoListWithMVVM,SwiftUI 예제를 Swift로 만들어보는 MVVM 공부,,0,0,0,0,Swift,2023-02-06T08:00:14Z,2023-02-06T08:07:19Z,https://github.com/mingging/TodoListWithMVVM
MV,repo_search,MV,814637575,manojshivhare/MVVMSwiftUI-Combine,MVVMSwiftUI-Combine,This is an demo of MVVM Architecture with SwiftUI and Combine,,0,0,0,0,Swift,2024-06-13T11:57:10Z,2024-06-13T12:01:54Z,https://github.com/manojshivhare/MVVMSwiftUI-Combine
MV,repo_search,MV,625295636,KKodiac/MVPatternExample,MVPatternExample,Example of MV pattern in SwiftUI using Cat-as-a-Service API,,0,0,0,0,Swift,2023-04-08T17:08:36Z,2023-04-08T17:08:42Z,https://github.com/KKodiac/MVPatternExample
MV,repo_search,MV,294916840,jjh717/SearchingImageMVVM,SearchingImageMVVM,Unsplash 이미지 검색 앱 (SwiftUI / UIKit MVVM),"combine,ios,mvvm,swift,swiftui,uikit",0,0,0,0,Swift,2020-09-12T10:00:52Z,2026-05-08T00:52:07Z,https://github.com/jjh717/SearchingImageMVVM
MV,repo_search,MV,455583594,sndsepehr/TodoApp---MVVM,TodoApp---MVVM,A Todo app with SwiftUI - MVVM architecture ,,0,0,0,0,Swift,2022-02-04T14:47:03Z,2022-02-04T14:47:13Z,https://github.com/sndsepehr/TodoApp---MVVM
MV,repo_search,MV,249589317,umaaamm/Covid-19-with-MVVM-SwiftUI,Covid-19-with-MVVM-SwiftUI,App Covid-19 dengan swift UI,,0,0,0,0,Swift,2020-03-24T02:02:33Z,2020-03-24T03:36:30Z,https://github.com/umaaamm/Covid-19-with-MVVM-SwiftUI
MV,repo_search,MV,692160717,mazzettacode/App-Bitcoin-SwiftUI_MVVM_Combine,App-Bitcoin-SwiftUI_MVVM_Combine,Aplicativo de bitcoin criado com MVVM SwiftUI e Combine,,0,0,0,0,Swift,2023-09-15T17:39:46Z,2023-09-15T17:39:52Z,https://github.com/mazzettacode/App-Bitcoin-SwiftUI_MVVM_Combine
MV,repo_search,MV,434206664,mustafahegy/SwiftUi-MapKit-MVVM-Combine,SwiftUi-MapKit-MVVM-Combine,,,0,0,0,0,Swift,2021-12-02T12:10:33Z,2021-12-02T12:20:18Z,https://github.com/mustafahegy/SwiftUi-MapKit-MVVM-Combine
MV,repo_search,MV,966842128,MatiasEvalte/Profile-MVVM-SwiftUI-DataFlow,Profile-MVVM-SwiftUI-DataFlow,Estudo inicial de SwiftUI Usando MVVM,,0,0,0,0,Swift,2025-04-15T14:33:48Z,2025-04-19T13:25:44Z,https://github.com/MatiasEvalte/Profile-MVVM-SwiftUI-DataFlow
MV,repo_search,MV,848672282,firojandev/SwiftUI-Bottom-Tab-with-MVVM,SwiftUI-Bottom-Tab-with-MVVM,"SwiftUI bottom Tab app structure with MVVM, Networking",,0,0,0,0,Swift,2024-08-28T07:32:38Z,2024-09-23T07:24:26Z,https://github.com/firojandev/SwiftUI-Bottom-Tab-with-MVVM
MV,repo_search,MV,1109207296,romangojshik/Test_MVVM_SwiftUI_Combain_DI,Test_MVVM_SwiftUI_Combain_DI,,,0,0,0,0,Swift,2025-12-03T13:40:45Z,2025-12-04T10:43:33Z,https://github.com/romangojshik/Test_MVVM_SwiftUI_Combain_DI
MV,repo_search,MV,1001424043,niravvirpara-ios/SwiftUI-ProductList-MVVM-Concurrency,SwiftUI-ProductList-MVVM-Concurrency,,,0,0,0,0,Swift,2025-06-13T11:01:05Z,2025-06-22T13:31:14Z,https://github.com/niravvirpara-ios/SwiftUI-ProductList-MVVM-Concurrency
MV,repo_search,MV,622416786,ShoheiTakino/SampleAppOfMVVM-SwiftUI,SampleAppOfMVVM-SwiftUI,,,0,0,0,1,Swift,2023-04-02T03:24:57Z,2023-04-02T03:25:02Z,https://github.com/ShoheiTakino/SampleAppOfMVVM-SwiftUI
MV,repo_search,MV,375403336,imoiseeva/List-of-courses-SwiftUI-MVVM,List-of-courses-SwiftUI-MVVM,,,0,0,0,0,Swift,2021-06-09T15:26:59Z,2021-06-10T17:04:19Z,https://github.com/imoiseeva/List-of-courses-SwiftUI-MVVM
MV,repo_search,MV,922521066,PascalAllekotte/BarcodeScanner-API-MVVM-SwiftUI,BarcodeScanner-API-MVVM-SwiftUI,,,0,0,0,0,Swift,2025-01-26T12:49:21Z,2025-01-26T12:49:27Z,https://github.com/PascalAllekotte/BarcodeScanner-API-MVVM-SwiftUI
MV,repo_search,MV,934866345,VasuChovatiya/API_Call_With_MVVM-SwiftUI,API_Call_With_MVVM-SwiftUI,,,0,0,0,0,Swift,2025-02-18T14:30:49Z,2025-02-18T14:30:55Z,https://github.com/VasuChovatiya/API_Call_With_MVVM-SwiftUI
MV,repo_search,MV,1095627711,IvanSanchezArranz/Formacion_SwiftUI_SwiftData_MVVM,Formacion_SwiftUI_SwiftData_MVVM,Proyecto construido en arquitectura MVVM con haciendo uso de SwiftData para almacenar en local y construcción de vistas en SwiftUI,,0,0,0,0,Swift,2025-11-13T09:57:15Z,2025-11-13T09:58:26Z,https://github.com/IvanSanchezArranz/Formacion_SwiftUI_SwiftData_MVVM
MV,repo_search,MV,503372100,feridunerbas/MVVM-Combine-SwiftUI-AsyncAwait,MVVM-Combine-SwiftUI-AsyncAwait,,,0,0,0,0,Swift,2022-06-14T13:28:59Z,2022-06-14T13:38:20Z,https://github.com/feridunerbas/MVVM-Combine-SwiftUI-AsyncAwait
MV,repo_search,MV,672620687,JARNBOY/RequestAPI_MVVM_SwiftUI_Demo,RequestAPI_MVVM_SwiftUI_Demo,"Practice Async Await , MVVM in SwiftUI",,0,0,0,0,Swift,2023-07-30T17:42:02Z,2023-07-30T17:42:11Z,https://github.com/JARNBOY/RequestAPI_MVVM_SwiftUI_Demo
MV,repo_search,MV,980820528,arieltyson/SwiftUI-ToDo-TCA-MVVM,SwiftUI-ToDo-TCA-MVVM,"This project showcases a clean, modular ToDo application built with modern iOS architecture patterns, specifically TCA + MVVM. ",,0,0,0,0,Swift,2025-05-09T19:16:41Z,2025-05-17T07:29:00Z,https://github.com/arieltyson/SwiftUI-ToDo-TCA-MVVM
MV,repo_search,MV,1163877971,Keshavkumar96/Clean-MVVM,Clean-MVVM,iOS - SwiftUI application built using clean MVVM architecture,"clean-architecture,dependecy-injection,ios,mvvm,solid-principles,swift,swiftui",0,0,0,0,Swift,2026-02-22T09:46:06Z,2026-02-22T09:47:27Z,https://github.com/Keshavkumar96/Clean-MVVM
MV,repo_search,MV,972180199,MadhuSudhanRao1431/ListLikeView-SwiftUI-MVVM,ListLikeView-SwiftUI-MVVM,1.Onboarding screens were added.when app is going to install at first time then onboarding screens will appear later these screens will not appear.,,0,0,0,0,Swift,2025-04-24T16:55:51Z,2025-04-24T16:59:22Z,https://github.com/MadhuSudhanRao1431/ListLikeView-SwiftUI-MVVM
MV,repo_search,MV,435305802,LuizAraujo2020/swiftUI-023-coreData-MVVM,swiftUI-023-coreData-MVVM,,,0,0,0,0,Swift,2021-12-05T23:40:37Z,2023-12-03T12:02:31Z,https://github.com/LuizAraujo2020/swiftUI-023-coreData-MVVM
MV,repo_search,MV,668488247,hakanngul/Movie-Application-with-MVVM-SwiftUI,Movie-Application-with-MVVM-SwiftUI,,,0,0,0,0,Swift,2023-07-19T23:56:23Z,2023-07-23T19:54:59Z,https://github.com/hakanngul/Movie-Application-with-MVVM-SwiftUI
MV,repo_search,MV,554508709,Hoseon/SwiftUI-Combine-MVVM-NewsApp,SwiftUI-Combine-MVVM-NewsApp,,,0,0,0,0,Swift,2022-10-19T23:43:27Z,2022-10-19T23:45:18Z,https://github.com/Hoseon/SwiftUI-Combine-MVVM-NewsApp
MV,repo_search,MV,403891231,rakeshkumar2/SwiftUI-Weather-Api-using-MVVM,SwiftUI-Weather-Api-using-MVVM,,,0,0,0,0,Swift,2021-09-07T07:55:48Z,2021-09-07T08:12:40Z,https://github.com/rakeshkumar2/SwiftUI-Weather-Api-using-MVVM
MV,repo_search,MV,861473526,DeokHo98/SwiftUI-MVI-Examples-PokedexApp,SwiftUI-MVI-Examples-PokedexApp,Study the MVI architecture pattern by creating an example app with SwiftUI.,,0,0,0,0,Swift,2024-09-23T01:02:56Z,2024-09-23T05:30:27Z,https://github.com/DeokHo98/SwiftUI-MVI-Examples-PokedexApp
MV,repo_search,MV,933940449,RoyalLachinov/SwiftUI-MVVM-TodoListApp,SwiftUI-MVVM-TodoListApp,,,0,0,0,0,Swift,2025-02-17T02:15:43Z,2025-02-17T02:26:34Z,https://github.com/RoyalLachinov/SwiftUI-MVVM-TodoListApp
MV,repo_search,MV,550672612,rvenieris/AulaSwiftUI01-Chat,AulaSwiftUI01-Chat,"Aula ""Iniciados"" - SwiftUI 01 - Criando um chat com cloudkit e arquitetura MV",,0,0,0,0,Swift,2022-10-13T06:23:39Z,2022-10-13T06:27:57Z,https://github.com/rvenieris/AulaSwiftUI01-Chat
MV,repo_search,MV,279697029,mchandr4/SwiftUIWithJsonData-using-MVVM,SwiftUIWithJsonData-using-MVVM,SwiftUIWithJsonData usin MVVM,,0,0,0,0,Swift,2020-07-14T21:30:28Z,2025-12-16T08:09:58Z,https://github.com/mchandr4/SwiftUIWithJsonData-using-MVVM
MV,repo_search,MV,410964370,Ashik55/SwiftUI-News-App-MVVM-Architechture,SwiftUI-News-App-MVVM-Architechture,MVVM Architecture coding best practice is implement here with letest SwiftUI component & used StateObject properties,,0,0,0,0,Swift,2021-09-27T16:40:00Z,2021-09-27T16:57:22Z,https://github.com/Ashik55/SwiftUI-News-App-MVVM-Architechture
MV,repo_search,MV,481200225,trupti-veer/iOS-SwiftUI-MVVM-Combine,iOS-SwiftUI-MVVM-Combine,iOS code extracts,,0,0,0,0,Swift,2022-04-13T12:06:37Z,2022-06-13T10:35:13Z,https://github.com/trupti-veer/iOS-SwiftUI-MVVM-Combine
MV,repo_search,MV,634358191,Omeraloglu/SwiftUI-MVVM-TicTacToe,SwiftUI-MVVM-TicTacToe,,,0,0,0,0,Swift,2023-04-29T21:23:47Z,2023-04-29T21:24:12Z,https://github.com/Omeraloglu/SwiftUI-MVVM-TicTacToe
MV,repo_search,MV,513718459,CaiqueCayres/SwiftUI.MVVM-RickAndMorty,SwiftUI.MVVM-RickAndMorty,,,0,0,0,0,Swift,2022-07-14T01:16:40Z,2022-07-14T01:21:12Z,https://github.com/CaiqueCayres/SwiftUI.MVVM-RickAndMorty
MV,repo_search,MV,437405780,AhmedAshrafGhonemy/ToDoList_SwiftUI_MVVM,ToDoList_SwiftUI_MVVM,,,0,0,0,0,Swift,2021-12-11T22:53:57Z,2021-12-27T18:27:45Z,https://github.com/AhmedAshrafGhonemy/ToDoList_SwiftUI_MVVM
MV,repo_search,MV,346712547,blowle/practice-swiftUI-chatApp-MVVM,practice-swiftUI-chatApp-MVVM,practice for MVVM in SwiftUI (chatApp),,0,0,0,0,Swift,2021-03-11T13:33:04Z,2021-03-11T13:36:41Z,https://github.com/blowle/practice-swiftUI-chatApp-MVVM
MV,repo_search,MV,904293552,juanpl/SimpleCosumingJSONApp_MVVM_SwiftUI,SimpleCosumingJSONApp_MVVM_SwiftUI,,,0,0,0,0,Swift,2024-12-16T15:59:28Z,2024-12-27T11:57:56Z,https://github.com/juanpl/SimpleCosumingJSONApp_MVVM_SwiftUI
MV,repo_search,MV,656922127,Elverhacker9501/AppDoctor-Paciente-SwiftUI-MVVM,AppDoctor-Paciente-SwiftUI-MVVM,Listado doctor y paciente,,0,0,0,0,Swift,2023-06-21T23:39:47Z,2024-03-18T06:50:46Z,https://github.com/Elverhacker9501/AppDoctor-Paciente-SwiftUI-MVVM
MV,repo_search,MV,487471733,Yuweh/ToDo-SwiftUIxCOMBINExMVVM,ToDo-SwiftUIxCOMBINExMVVM,5th sample proj for Combine X swiftUI X MVVM,,0,0,0,0,Swift,2022-05-01T07:19:35Z,2022-05-01T07:32:31Z,https://github.com/Yuweh/ToDo-SwiftUIxCOMBINExMVVM
MV,repo_search,MV,735860247,kana-shin/LoanTrackerApp_SwiftUI_MVVM,LoanTrackerApp_SwiftUI_MVVM,ローンの返済予定と実績をCoreDataに保存し、進捗状況をグラフで確認できるアプリ,,0,0,0,0,Swift,2023-12-26T09:33:26Z,2024-01-09T07:16:20Z,https://github.com/kana-shin/LoanTrackerApp_SwiftUI_MVVM
MV,repo_search,MV,1204819914,karthiks819/TaskManager_SwiftUI_MVVM_XCTests,TaskManager_SwiftUI_MVVM_XCTests,A small project with task manager features that involves learning in MVVM and to write business logic test cases,,0,0,0,0,Swift,2026-04-08T11:13:31Z,2026-04-08T11:14:11Z,https://github.com/karthiks819/TaskManager_SwiftUI_MVVM_XCTests
MV,repo_search,MV,505569189,Sokolang/MVVM-SwiftUI-API-AsyncAwait,MVVM-SwiftUI-API-AsyncAwait,,,0,0,0,0,Swift,2022-06-20T19:17:04Z,2023-01-22T21:07:56Z,https://github.com/Sokolang/MVVM-SwiftUI-API-AsyncAwait
MV,repo_search,MV,908573276,vishalmiOSdev/MVVM-Cashing-ErrorHandling-SwiftUI,MVVM-Cashing-ErrorHandling-SwiftUI,,,0,0,0,0,Swift,2024-12-26T12:01:58Z,2024-12-26T12:04:44Z,https://github.com/vishalmiOSdev/MVVM-Cashing-ErrorHandling-SwiftUI
MV,repo_search,MV,748739975,olgunpros/SWIFTUI-Network-Interchange-Json-Mvvm-Protocols,SWIFTUI-Network-Interchange-Json-Mvvm-Protocols,I need an example application incorporating the latest application development methods.,,0,0,0,0,Swift,2024-01-26T16:58:15Z,2024-01-26T16:59:01Z,https://github.com/olgunpros/SWIFTUI-Network-Interchange-Json-Mvvm-Protocols
MV,repo_search,MV,767356632,lahirumanulanka/swiftui-mvvm-clean-code-weather-app,swiftui-mvvm-clean-code-weather-app,,,0,0,0,0,Swift,2024-03-05T06:30:41Z,2024-03-05T06:34:10Z,https://github.com/lahirumanulanka/swiftui-mvvm-clean-code-weather-app
MV,repo_search,MV,420060347,adiljumak/iOS_SwiftUI_MVVM_GCD,iOS_SwiftUI_MVVM_GCD,,,0,0,0,0,Swift,2021-10-22T10:40:51Z,2021-10-22T10:45:13Z,https://github.com/adiljumak/iOS_SwiftUI_MVVM_GCD
MV,repo_search,MV,467399185,KanishkVijaywargiya/SwiftUI-ReminderCoreData_MVVM,SwiftUI-ReminderCoreData_MVVM,,,0,0,0,0,Swift,2022-03-08T07:00:59Z,2022-03-08T07:01:33Z,https://github.com/KanishkVijaywargiya/SwiftUI-ReminderCoreData_MVVM
MV,repo_search,MV,1031385868,Ondres/IOS-SwiftUI-MVVM-Tracking-App,IOS-SwiftUI-MVVM-Tracking-App,,,0,0,0,0,Swift,2025-08-03T16:20:52Z,2025-08-03T17:11:17Z,https://github.com/Ondres/IOS-SwiftUI-MVVM-Tracking-App
MV,repo_search,MV,842876420,vumanhtu123/CleanArchitecture-MVVM-C-SwiftUI,CleanArchitecture-MVVM-C-SwiftUI,,,0,0,0,0,Swift,2024-08-15T09:39:11Z,2024-08-15T09:40:05Z,https://github.com/vumanhtu123/CleanArchitecture-MVVM-C-SwiftUI
MV,repo_search,MV,537730378,cho1490/SwiftUI_MVVM_Combine_UnitTests,SwiftUI_MVVM_Combine_UnitTests,,,0,0,0,0,Swift,2022-09-17T07:17:51Z,2022-09-17T09:25:44Z,https://github.com/cho1490/SwiftUI_MVVM_Combine_UnitTests
MV,repo_search,MV,616301465,GuimelGMC/Xcode-Template-MVVM-and-SwiftUI,Xcode-Template-MVVM-and-SwiftUI,,,0,0,0,0,Swift,2023-03-20T05:40:21Z,2025-04-24T20:48:34Z,https://github.com/GuimelGMC/Xcode-Template-MVVM-and-SwiftUI
MV,repo_search,MV,621867636,Joseph-Gayed/SwiftUiCleanArchMvvM,SwiftUiCleanArchMvvM,,,0,0,0,0,Swift,2023-03-31T14:59:33Z,2023-03-31T15:01:39Z,https://github.com/Joseph-Gayed/SwiftUiCleanArchMvvM
MV,repo_search,MV,1216915587,inceselim/SwiftUi-MVVM---SurelerDualarKuran,SwiftUi-MVVM---SurelerDualarKuran,SwiftUi MVVM - Sureler Dualar Kuran APP,,0,0,0,0,Swift,2026-04-21T11:06:39Z,2026-04-21T20:42:57Z,https://github.com/inceselim/SwiftUi-MVVM---SurelerDualarKuran
MV,repo_search,MV,1157300984,kunalvmore/LoginScreen-with-MVVM-SwiftUI,LoginScreen-with-MVVM-SwiftUI,,,0,0,0,0,Swift,2026-02-13T17:00:06Z,2026-02-13T17:44:47Z,https://github.com/kunalvmore/LoginScreen-with-MVVM-SwiftUI
MV,repo_search,MV,1068508594,zain-ali-pucit/MVVM-SwiftUI-Domain-search-app,MVVM-SwiftUI-Domain-search-app,,,0,0,0,0,Swift,2025-10-02T13:45:59Z,2025-10-02T13:54:31Z,https://github.com/zain-ali-pucit/MVVM-SwiftUI-Domain-search-app
MV,repo_search,MV,1132280162,pratipsarkar/Movie_Fetcher_MVVM-C_SwiftUI,Movie_Fetcher_MVVM-C_SwiftUI,,,0,0,0,0,Swift,2026-01-11T17:05:27Z,2026-01-11T19:54:52Z,https://github.com/pratipsarkar/Movie_Fetcher_MVVM-C_SwiftUI
MV,repo_search,MV,369590594,Dayton159/SimpleStockMvvmPractice-SwiftUI,SimpleStockMvvmPractice-SwiftUI,,,0,0,0,0,Swift,2021-05-21T16:13:58Z,2021-05-21T16:14:04Z,https://github.com/Dayton159/SimpleStockMvvmPractice-SwiftUI
MV,repo_search,MV,988211610,teach1997/BASE-SwiftUI-MVVM-CleanArchitecture,BASE-SwiftUI-MVVM-CleanArchitecture,,,0,0,0,0,Swift,2025-05-22T08:08:23Z,2025-05-22T08:13:19Z,https://github.com/teach1997/BASE-SwiftUI-MVVM-CleanArchitecture
MV,repo_search,MV,554144933,beriresen/Movies-MVVM-UIKit-Alamofire-SwiftUI,Movies-MVVM-UIKit-Alamofire-SwiftUI,,,0,0,0,0,Swift,2022-10-19T10:21:27Z,2022-12-23T10:36:28Z,https://github.com/beriresen/Movies-MVVM-UIKit-Alamofire-SwiftUI
MV,repo_search,MV,990860758,oleksa-karpenko/SwiftUI-Navigation-MVVM-PoC,SwiftUI-Navigation-MVVM-PoC,,,0,0,0,0,Swift,2025-05-26T18:50:54Z,2025-06-18T02:54:49Z,https://github.com/oleksa-karpenko/SwiftUI-Navigation-MVVM-PoC
MV,repo_search,MV,561026430,ajnipp/SwiftUI-MVVM-SeanAllen-Template,SwiftUI-MVVM-SeanAllen-Template,,,0,1,0,0,Swift,2022-11-02T19:29:53Z,2022-11-02T19:31:39Z,https://github.com/ajnipp/SwiftUI-MVVM-SeanAllen-Template
MV,repo_search,MV,455910206,devzahirul/MockChat_TDD_MVVM_SwiftUI,MockChat_TDD_MVVM_SwiftUI,"Mockable, Test driven Development, clear Architecture example using SwiftUI",,0,0,0,0,Swift,2022-02-05T15:40:25Z,2022-02-05T15:49:58Z,https://github.com/devzahirul/MockChat_TDD_MVVM_SwiftUI
MV,repo_search,MV,601426995,AlainHsu/CS193p-MVVM-SwiftUI,CS193p-MVVM-SwiftUI,,,0,0,0,0,Swift,2023-02-14T03:12:56Z,2023-06-06T06:34:22Z,https://github.com/AlainHsu/CS193p-MVVM-SwiftUI
MV,repo_search,MV,897896001,thomashoangvn/Combine_SwiftUI_MVVM_DI_Boilerplate,Combine_SwiftUI_MVVM_DI_Boilerplate,Combine SwiftUI MVVM Dependency Injection Boilerplate,,0,0,0,0,Swift,2024-12-03T12:35:58Z,2025-07-13T08:29:48Z,https://github.com/thomashoangvn/Combine_SwiftUI_MVVM_DI_Boilerplate
MV,repo_search,MV,1050988867,sumitbhargav29/MVVM-Clean-Architecture-principles-SwiftUI-,MVVM-Clean-Architecture-principles-SwiftUI-,An Demo App with full decoupling between design and business logic,,0,0,0,0,Swift,2025-09-05T09:08:01Z,2025-09-10T12:32:15Z,https://github.com/sumitbhargav29/MVVM-Clean-Architecture-principles-SwiftUI-
MV,repo_search,MV,499618245,donatogomez/MarvelCharacters-MVVM-SwiftUI-Combine,MarvelCharacters-MVVM-SwiftUI-Combine,Cliente iOS que consume la API de Marvel para mostrar una lista de sus personajes y su vista de detalle.,"clean-architecture,combine,ios,marvel-api,marvelapi,marvelapp,multiplatform,mvvm,swift,swiftui,unit-test",0,0,0,0,Swift,2022-06-03T18:49:18Z,2022-06-06T23:05:49Z,https://github.com/donatogomez/MarvelCharacters-MVVM-SwiftUI-Combine
MV,repo_search,MV,848906435,tunaarikaya/Crypto-Crazy-MVVM-SWIFTUI-ASYNC-COMBINE,Crypto-Crazy-MVVM-SWIFTUI-ASYNC-COMBINE,(MVVM-SWİFTUI-ASYNC-COMBİNE) teklonojileri ile geliştirilmiş bir kripto para uygulamasıdır.,,0,0,0,0,Swift,2024-08-28T16:13:15Z,2024-12-25T14:08:35Z,https://github.com/tunaarikaya/Crypto-Crazy-MVVM-SWIFTUI-ASYNC-COMBINE
MV,repo_search,MV,570068248,MertTheTopDev/SocialMediaClone-SwiftUI-MVVM,SocialMediaClone-SwiftUI-MVVM,My goal to create Twitter Clone and be able to better,,0,0,0,0,Swift,2022-11-24T09:10:13Z,2022-12-21T10:40:24Z,https://github.com/MertTheTopDev/SocialMediaClone-SwiftUI-MVVM
MV,repo_search,MV,885982856,Elcieren/SwiftUI_MVVM_Protocols_NetworkInterchange,SwiftUI_MVVM_Protocols_NetworkInterchange,,,0,0,0,0,Swift,2024-11-09T21:55:31Z,2024-11-09T22:20:01Z,https://github.com/Elcieren/SwiftUI_MVVM_Protocols_NetworkInterchange
MV,repo_search,MV,1088682570,rinshamol/MVVM-TaskManagement-App-SwiftUI,MVVM-TaskManagement-App-SwiftUI,,,0,0,0,0,Swift,2025-11-03T10:08:42Z,2025-11-03T10:10:43Z,https://github.com/rinshamol/MVVM-TaskManagement-App-SwiftUI
MV,repo_search,MV,371102133,Spande90/SimpleMVVMinSwiftUI,SimpleMVVMinSwiftUI,Simple example of MVVM model using SwiftUI,,0,0,0,0,Swift,2021-05-26T16:32:53Z,2024-06-27T09:35:15Z,https://github.com/Spande90/SimpleMVVMinSwiftUI
MV,repo_search,MV,825938661,mbiplobe/MVVMSampleProject,MVVMSampleProject,iOS Sample Project which can help you to understand clean architecture devel,"mvvm-architecture,swift,swiftui",0,0,0,0,Swift,2024-07-08T19:49:31Z,2024-07-09T06:38:30Z,https://github.com/mbiplobe/MVVMSampleProject
MV,repo_search,MV,802122787,matrecode/CoordinatorMVVM,CoordinatorMVVM,Implementation of Coordinator Pattern with MVVM architecture and SwiftUI,,0,0,0,0,Swift,2024-05-17T15:05:29Z,2024-06-13T15:15:18Z,https://github.com/matrecode/CoordinatorMVVM
MV,repo_search,MV,479885988,michaeldeller/example-ios-mvvm,example-ios-mvvm,Very simplistic example of MVVM in Swift / SwiftUI,,0,0,0,0,Swift,2022-04-10T01:41:32Z,2022-04-12T16:14:52Z,https://github.com/michaeldeller/example-ios-mvvm
MV,repo_search,MV,360998778,val-po/MVVM_Weather,MVVM_Weather,The Weather application with using MVVM pattern and SwiftUI.,,0,0,0,0,Swift,2021-04-23T20:30:57Z,2021-04-23T20:50:27Z,https://github.com/val-po/MVVM_Weather
MV,repo_search,MV,1191244102,YoAdrianCodes/simpleMVVM,simpleMVVM,A simple MVVM app with SwiftUI for learning demonstrations ,,0,0,0,0,Swift,2026-03-25T03:48:31Z,2026-03-26T00:47:32Z,https://github.com/YoAdrianCodes/simpleMVVM
MV,repo_search,MV,758711687,biancanathally/PokedexMVVM,PokedexMVVM,"⚡️ Pokemon Pokedex written in SwiftUI, with MVVM architecture.",,0,0,0,0,Swift,2024-02-16T22:34:39Z,2024-02-16T22:35:30Z,https://github.com/biancanathally/PokedexMVVM
MV,repo_search,MV,390824372,JulesForks/MVVMDemo,MVVMDemo,Demo of a way to implement MVVM architecture in SwiftUI,,0,0,0,0,,2021-07-29T19:03:03Z,2021-07-29T19:03:04Z,https://github.com/JulesForks/MVVMDemo
MV,repo_search,MV,631122818,kai7win/MVPUIKitWithMvvmSwiftUI,MVPUIKitWithMvvmSwiftUI,UIKit架構MVP，SWiftUI架構MVVM邏輯共用同個Presenter,,0,0,0,0,Swift,2023-04-22T02:18:19Z,2023-04-22T02:18:27Z,https://github.com/kai7win/MVPUIKitWithMvvmSwiftUI
MV,repo_search,MV,907740145,alfeubena/Follow-App-MVVM-SwiftUI-Data-Flow,Follow-App-MVVM-SwiftUI-Data-Flow,,,0,0,0,0,Swift,2024-12-24T09:19:41Z,2024-12-24T09:25:09Z,https://github.com/alfeubena/Follow-App-MVVM-SwiftUI-Data-Flow
MV,repo_search,MV,761802359,HamedMajdi/iOS-CryptoCurrency-MVVM-SwiftUI,iOS-CryptoCurrency-MVVM-SwiftUI,,,0,0,0,0,Swift,2024-02-22T14:18:36Z,2024-02-22T14:18:42Z,https://github.com/HamedMajdi/iOS-CryptoCurrency-MVVM-SwiftUI
MV,repo_search,MV,1075285113,AhmedMenaim/iOS-ModularMVVM-SwiftUI-Youtube,iOS-ModularMVVM-SwiftUI-Youtube,The linked repository to the Modular MVVM SwiftUI Playlist on MenaimAcademy youtube channel,,0,0,0,0,Swift,2025-10-13T09:40:45Z,2026-01-09T14:58:12Z,https://github.com/AhmedMenaim/iOS-ModularMVVM-SwiftUI-Youtube
MV,repo_search,MV,905394234,Nagaraju0323/NewsUpdate_MVVM-CleanArch_SwiftUI,NewsUpdate_MVVM-CleanArch_SwiftUI,,,0,0,0,0,Swift,2024-12-18T18:28:09Z,2024-12-18T18:31:37Z,https://github.com/Nagaraju0323/NewsUpdate_MVVM-CleanArch_SwiftUI
MV,repo_search,MV,1099943198,IvanSanchezArranz/MVVM_SwiftTest_SwiftUI_IOS15,MVVM_SwiftTest_SwiftUI_IOS15,"Proyecto iOS 15 + SwiftUI con arquitectura MVVM, peticiones REST usando las APIs nativas (URLSession + async/await) y tests",,0,0,0,0,Swift,2025-11-19T16:29:02Z,2025-11-19T16:34:03Z,https://github.com/IvanSanchezArranz/MVVM_SwiftTest_SwiftUI_IOS15
MV,repo_search,MV,855031077,DeokHo98/SwiftUI-MVVM-C-Examples-PokedexApp,SwiftUI-MVVM-C-Examples-PokedexApp,Study the MVVM-C architecture pattern by creating an example app with SwiftUI.,,0,0,0,0,Swift,2024-09-10T07:24:24Z,2024-09-23T01:23:31Z,https://github.com/DeokHo98/SwiftUI-MVVM-C-Examples-PokedexApp
MV,repo_search,MV,724213678,EddieCarbon/SwiftUI-Crypto-MVVM-CoreData-Combine,SwiftUI-Crypto-MVVM-CoreData-Combine,,,0,0,0,0,Swift,2023-11-27T16:16:12Z,2023-11-27T16:16:19Z,https://github.com/EddieCarbon/SwiftUI-Crypto-MVVM-CoreData-Combine
MV,repo_search,MV,722361668,MahmoudMohamedIsmail/PlayList-with-SwiftUI-MVVM-Combine,PlayList-with-SwiftUI-MVVM-Combine,,,0,0,0,0,Swift,2023-11-23T01:31:45Z,2023-11-30T09:54:20Z,https://github.com/MahmoudMohamedIsmail/PlayList-with-SwiftUI-MVVM-Combine
MV,repo_search,MV,791992829,rushiofthedeshpandes/iOSListView_SwiftUI_Combine_MVVM,iOSListView_SwiftUI_Combine_MVVM,,,0,0,0,0,Swift,2024-04-25T19:07:41Z,2024-04-25T19:17:58Z,https://github.com/rushiofthedeshpandes/iOSListView_SwiftUI_Combine_MVVM
MV,repo_search,MV,545695066,AykutIpek/UserNetworkModelApp-MVVM-SwiftUI,UserNetworkModelApp-MVVM-SwiftUI,API project that allows the programmer to pull the data he wants from both the local server and the internet and use it in his application.,,0,0,0,0,Swift,2022-10-04T20:28:59Z,2022-10-04T20:29:07Z,https://github.com/AykutIpek/UserNetworkModelApp-MVVM-SwiftUI
MV,repo_search,MV,1008030163,KushagraSinha2002/MealApp-SwiftUI-MVVM-SwiftPM,MealApp-SwiftUI-MVVM-SwiftPM,"A modular SwiftUI app to display and manage meals using MVVM architecture and SwiftPM — built for real-world iOS development using mock data, with upcoming features like API integration, favorites, and search.",,0,0,0,0,Swift,2025-06-24T23:17:38Z,2025-06-25T00:31:49Z,https://github.com/KushagraSinha2002/MealApp-SwiftUI-MVVM-SwiftPM
MV,repo_search,MV,899690824,jasielrt95/SwiftTodoMVVM,SwiftTodoMVVM,This is a SwiftUI ToDo app for learning purposes.,,0,0,0,0,Swift,2024-12-06T19:55:57Z,2024-12-06T19:57:11Z,https://github.com/jasielrt95/SwiftTodoMVVM
MV,repo_search,MV,1120453872,huoguo0815/iOSBootcampMVVM,iOSBootcampMVVM,透過SwiftUI + MVVM架構重構iOSBootcamp,,0,0,0,0,Swift,2025-12-21T08:46:40Z,2025-12-22T00:39:37Z,https://github.com/huoguo0815/iOSBootcampMVVM
MV,repo_search,MV,555797215,koratprashant/MVVM,MVVM,MVVM architecture using iOS SwiftUI with the help of Combine framework ,,0,0,0,0,Swift,2022-10-22T10:58:47Z,2022-10-22T11:03:56Z,https://github.com/koratprashant/MVVM
MV,repo_search,MV,1121942721,Majid1383/SwiftUI-MVVM-DependencyInjection-API-Practice,SwiftUI-MVVM-DependencyInjection-API-Practice,"I have created an easy to understand project which focuses on SwiftUI framework, along with MVVM architecture, including Dependency Injection using Protocol + Clean API Calls - ",,0,0,0,0,Swift,2025-12-23T20:30:49Z,2025-12-23T20:40:21Z,https://github.com/Majid1383/SwiftUI-MVVM-DependencyInjection-API-Practice
MV,repo_search,MV,586021359,madazaharia/swiftui-coordinator-pattern-MVVM-iOS14,swiftui-coordinator-pattern-MVVM-iOS14,,,0,0,0,0,Swift,2023-01-06T18:17:20Z,2023-01-06T18:20:12Z,https://github.com/madazaharia/swiftui-coordinator-pattern-MVVM-iOS14
MV,repo_search,MV,520284609,insub4067/ToDo-SwiftUI-CoreData-MVVM,ToDo-SwiftUI-CoreData-MVVM,,,0,0,0,0,Swift,2022-08-01T22:58:15Z,2022-09-13T14:23:10Z,https://github.com/insub4067/ToDo-SwiftUI-CoreData-MVVM
MV,repo_search,MV,954065983,yunusolgun/SwiftUI-Todo-List-MVVM-UserDefaults,SwiftUI-Todo-List-MVVM-UserDefaults,,,0,0,0,0,Swift,2025-03-24T14:08:06Z,2025-03-24T14:08:13Z,https://github.com/yunusolgun/SwiftUI-Todo-List-MVVM-UserDefaults
MV,repo_search,MV,1215945674,Meet7Mani/SwiftUI-Starter-Architecture-MVVM-Services-Managers-,SwiftUI-Starter-Architecture-MVVM-Services-Managers-,A reusable SwiftUI project template designed to speed up development with a clean and scalable architecture.,,0,0,0,0,Swift,2026-04-20T12:11:34Z,2026-04-20T12:13:28Z,https://github.com/Meet7Mani/SwiftUI-Starter-Architecture-MVVM-Services-Managers-
MV,repo_search,MV,949921239,capitan112/NewsApp-extended-logic,NewsApp-extended-logic,News Reader(version 2.0) - SwiftUI with MV Pattern Approach extended with logic,,0,0,0,0,Swift,2025-03-17T10:55:55Z,2025-03-29T10:49:22Z,https://github.com/capitan112/NewsApp-extended-logic
MV,repo_search,MV,415397988,lucasmenendez/MVVM-iOS,MVVM-iOS,"MVVM iOS Boilerplate App using SwiftUI, Combine and CoreData",,0,0,0,0,Swift,2021-10-09T19:03:01Z,2021-10-09T19:45:53Z,https://github.com/lucasmenendez/MVVM-iOS
MV,repo_search,MV,979678518,Smart-Dino/SmartDinoMVVMSample,SmartDinoMVVMSample,There is small sample of using MVVM in SwiftUI,,0,0,0,2,Swift,2025-05-07T22:36:00Z,2025-11-11T21:53:57Z,https://github.com/Smart-Dino/SmartDinoMVVMSample
MV,repo_search,MV,1105036249,H0sungKim/CleanArchitectureMVI,CleanArchitectureMVI,"iOS Clean Architecture MVI Example (using SwiftUI, Combine, SPM)",,0,0,0,0,Swift,2025-11-27T03:39:10Z,2025-12-07T15:20:41Z,https://github.com/H0sungKim/CleanArchitectureMVI
MV,repo_search,MV,838590862,Gerson-Lima/MVVM-Architecture,MVVM-Architecture,Repository created for practical study of MVVM architecture with SwiftUI.,,0,0,0,0,Swift,2024-08-06T00:59:22Z,2024-08-06T01:21:40Z,https://github.com/Gerson-Lima/MVVM-Architecture
MV,repo_search,MV,689208781,tahmid56/Todo-mvvm,Todo-mvvm,Just a todo app that follows mvc pattern in SwiftUI,,0,0,0,0,Swift,2023-09-09T05:11:26Z,2023-11-12T13:19:10Z,https://github.com/tahmid56/Todo-mvvm
MV,repo_search,MV,1009852299,Abhiraj3112000/MVVM-Template,MVVM-Template,A simple MVVM template to follow while building SwiftUI Apps,,0,0,0,0,Swift,2025-06-27T20:36:35Z,2025-06-27T20:42:30Z,https://github.com/Abhiraj3112000/MVVM-Template
MV,repo_search,MV,379413785,1rsrx/CombineMVVMSample,CombineMVVMSample,SwiftUIとCombineで作ったMVVMのサンプル,,0,0,0,0,Swift,2021-06-22T22:15:01Z,2021-06-22T22:16:23Z,https://github.com/1rsrx/CombineMVVMSample
MV,repo_search,MV;Model View;Model-View,675519621,kk-mmhasan/ModelViewDemo,ModelViewDemo,This is a demo project to demonstrate Model View (MV) architecture in SwiftUI,,0,0,0,0,Swift,2023-08-07T05:42:28Z,2023-08-07T05:47:40Z,https://github.com/kk-mmhasan/ModelViewDemo
MV,repo_search,MV,232742697,yosuke1985/Sample-for-MVVMCombineSwiftUI,Sample-for-MVVMCombineSwiftUI,Sample-for-MVVMCombineSwiftUI,"combine,mvvm,swiftui",0,0,0,0,Swift,2020-01-09T06:52:46Z,2020-01-09T07:00:11Z,https://github.com/yosuke1985/Sample-for-MVVMCombineSwiftUI
MV,repo_search,MV,712553866,nimchynskyi/MapAppMVVM,MapAppMVVM,Map Application built with SwiftUI and MapKit using MVVM architecture.,,0,0,0,0,Swift,2023-10-31T17:40:22Z,2023-10-31T17:40:32Z,https://github.com/nimchynskyi/MapAppMVVM
MV,repo_search,MV,498734610,ketan-parmar/Clean-MVVM-Architecture,Clean-MVVM-Architecture,This project contains example of clean + MVVM architecture with swiftui,,0,0,0,0,Swift,2022-06-01T12:51:02Z,2026-03-27T12:47:57Z,https://github.com/ketan-parmar/Clean-MVVM-Architecture
MV,repo_search,MV,766617542,mohamedEldeeb13/mvvm_Demo_API,mvvm_Demo_API,try -  MVVM Arcticture pattern with completionHandler and with Combine  [ SwiftUI ],,0,0,0,0,Swift,2024-03-03T18:48:41Z,2024-12-21T06:04:17Z,https://github.com/mohamedEldeeb13/mvvm_Demo_API
MV,repo_search,MV,1134141840,ErikHellman/mvi-demo-ios,mvi-demo-ios,A demo of the MVI pattern for iOS and SwiftUI,,0,0,0,0,Swift,2026-01-14T10:02:33Z,2026-01-14T10:03:27Z,https://github.com/ErikHellman/mvi-demo-ios
MV,repo_search,MV,584804467,addantemichele/CleanMvvmArchitecture,CleanMvvmArchitecture,A simple clean mvvm architecture for ios app (swift & swiftUI),,0,0,0,0,Swift,2023-01-03T15:01:24Z,2023-01-03T15:01:31Z,https://github.com/addantemichele/CleanMvvmArchitecture
MV,repo_search,MV,1146074128,DoctorRei/TestTaskSUI-MVVM-StoriesApp,TestTaskSUI-MVVM-StoriesApp,Тестовое задание на архитектуре MVVM с использованием SwiftUI. ,,0,0,0,0,Swift,2026-01-30T15:35:56Z,2026-01-30T15:56:00Z,https://github.com/DoctorRei/TestTaskSUI-MVVM-StoriesApp
MV,repo_search,MV,664403104,marcelodeabreu/profile-nav-example-MVVM-iOS,profile-nav-example-MVVM-iOS,Profile Navigation Example with SwiftUI and MVVM Architecture.,,0,0,0,0,Swift,2023-07-09T21:50:58Z,2023-11-02T04:27:02Z,https://github.com/marcelodeabreu/profile-nav-example-MVVM-iOS
MV,repo_search,MV,733699528,MuradYarmammadov/GitHub-Followers-SwiftUI-Async-Await-MVVM,GitHub-Followers-SwiftUI-Async-Await-MVVM,"Explore GitHub profiles effortlessly with this asynchronous, MVVM-structured app. Simply input a GitHub username, and the app will display the user's followers along with their profile pictures. Leveraging the power of async/await for efficient API calls, this project made using SwiftUI follows the MVVM architecture for clean and organized code.",,0,0,0,0,Swift,2023-12-19T23:29:20Z,2025-09-05T04:51:39Z,https://github.com/MuradYarmammadov/GitHub-Followers-SwiftUI-Async-Await-MVVM
MV,repo_search,MV,984575062,SHAIKH-SHOEB/SwiftUI-Crypto-MVVM-CoreData-Combine-main,SwiftUI-Crypto-MVVM-CoreData-Combine-main,,,0,0,0,0,Swift,2025-05-16T06:45:18Z,2025-05-16T06:45:24Z,https://github.com/SHAIKH-SHOEB/SwiftUI-Crypto-MVVM-CoreData-Combine-main
MV,repo_search,MV,1096333833,kokikawahara/fft-filter-swiftui-brainwave-analyzer-signal-processor-mvvm,fft-filter-swiftui-brainwave-analyzer-signal-processor-mvvm,SwiftUIで信号処理アプリを開発し、MVVM形式で構造化しました。FFTによる周波数解析に加え、ノッチ・バターワース（ハイパス／ローパス）フィルターを組み合わせて、特定周波数の除去や平滑化処理を実装しました。,,0,0,0,0,Swift,2025-11-14T09:19:13Z,2025-11-14T09:41:13Z,https://github.com/kokikawahara/fft-filter-swiftui-brainwave-analyzer-signal-processor-mvvm
MV,repo_search,MV,908565965,tunaarikaya/SwiftUI-CoreData-MVVM-PhoneBookApp,SwiftUI-CoreData-MVVM-PhoneBookApp,SwiftUI ile coredata işlemlerini ögreten bir app,,0,0,0,0,Swift,2024-12-26T11:37:48Z,2024-12-26T11:37:54Z,https://github.com/tunaarikaya/SwiftUI-CoreData-MVVM-PhoneBookApp
MV,repo_search,MV;Model View;Model-View,667134103,matheusarmando199/ToDoList-SwiftUI-MVVM-UserDefault,ToDoList-SwiftUI-MVVM-UserDefault,"ToDoList is an intuitive and powerful app developed in SwiftUI, using the MVVM (Model-View-ViewModel) architecture along with data persistence through UserDefaults. With this combination, we offer a seamless user experience and reliable storage for your tasks.",,0,0,0,0,Swift,2023-07-16T18:46:10Z,2023-07-16T18:47:38Z,https://github.com/matheusarmando199/ToDoList-SwiftUI-MVVM-UserDefault
MV,repo_search,MV,885988987,Elcieren/SwiftUI_PhotosAPI_MVVM_Protocols_Network-Interchange,SwiftUI_PhotosAPI_MVVM_Protocols_Network-Interchange,,,0,0,0,0,Swift,2024-11-09T22:24:29Z,2024-11-09T22:36:54Z,https://github.com/Elcieren/SwiftUI_PhotosAPI_MVVM_Protocols_Network-Interchange
MV,repo_search,MV,568064495,VitaliusSch/SwiftUi-MVVM-Cafe-Manager-WithCatApi,SwiftUi-MVVM-Cafe-Manager-WithCatApi,Cat Cafe Manager is a training game project to learning SwiftUi,"async,di,grdb,mvvm,rest-api,samples,swiftui,swinject",0,0,0,0,Swift,2022-11-19T10:41:53Z,2024-07-09T18:24:01Z,https://github.com/VitaliusSch/SwiftUi-MVVM-Cafe-Manager-WithCatApi
MV,repo_search,MV,262890355,aflockofswifts/2020-05-09-SwiftUI-Rolex-Refactor-MVVM,2020-05-09-SwiftUI-Rolex-Refactor-MVVM,,,0,0,0,0,Swift,2020-05-10T22:56:28Z,2020-05-10T23:00:05Z,https://github.com/aflockofswifts/2020-05-09-SwiftUI-Rolex-Refactor-MVVM
MV,repo_search,MV,642466577,edgar-macias/MVVM-notes-app-example,MVVM-notes-app-example,Mobile app to create and edit notes developing in swift ui.,"mvvm-pattern,swiftui",0,0,0,0,Swift,2023-05-18T16:21:09Z,2026-04-27T22:48:47Z,https://github.com/edgar-macias/MVVM-notes-app-example
MV,repo_search,MV,774919680,pavlo-bezkorovainyi/SwiftUI-MVP-Coordinator-Tests_iOS15,SwiftUI-MVP-Coordinator-Tests_iOS15,,,0,0,0,0,Swift,2024-03-20T12:46:27Z,2024-03-20T12:48:05Z,https://github.com/pavlo-bezkorovainyi/SwiftUI-MVP-Coordinator-Tests_iOS15
MV,repo_search,MV,1190256021,kaushikkumardevlab/IOS_UserExplorerPro_MVVM_Clean_SwiftUI,IOS_UserExplorerPro_MVVM_Clean_SwiftUI,"Swift​UI i​OS app for browsing random user profiles using clean architecture, async​/await, and ​MVVM.",,0,0,0,0,Swift,2026-03-24T05:28:04Z,2026-03-25T11:32:25Z,https://github.com/kaushikkumardevlab/IOS_UserExplorerPro_MVVM_Clean_SwiftUI
MV,repo_search,MV,640650755,Zulqurnain24/MVVMC,MVVMC,This is the demonstration of MVVMC based networking application with swiftui and combine. ,,0,0,0,0,Swift,2023-05-14T19:30:21Z,2023-05-14T19:31:18Z,https://github.com/Zulqurnain24/MVVMC
MV,repo_search,MV,941775674,Larzzondev/iOS-SwiftUI-Swift-MovieBrowser-MVVM,iOS-SwiftUI-Swift-MovieBrowser-MVVM,This is an iOS movie browser search app built with SwiftUI and Kingfisher,,0,0,0,0,Swift,2025-03-03T03:02:43Z,2025-03-03T03:16:41Z,https://github.com/Larzzondev/iOS-SwiftUI-Swift-MovieBrowser-MVVM
MV,readme_search,MV,588005013,Medvedev91/timeto.me,timeto.me,"App with goals, checklists, tasks, repetitive tasks, timer, calendar, notes, shortcuts, pomodoro and 24/7 time tracking. 🙀",,0,0,0,0,,,,https://github.com/Medvedev91/timeto.me
MV,readme_search,MV,857830015,iAmVishal16/Newsium,Newsium,A app to fetch new Articles by following MVVM architecture and latest iOS treands,,0,0,0,0,,,,https://github.com/iAmVishal16/Newsium
MV,readme_search,MV,897394829,zeinrezky/Scalable_Platform_SwiftUI,Scalable_Platform_SwiftUI,,,0,0,0,0,,,,https://github.com/zeinrezky/Scalable_Platform_SwiftUI
MV,readme_search,MV;Model View,1124576211,emiliersrd/HyroxApp,HyroxApp,,,0,0,0,0,,,,https://github.com/emiliersrd/HyroxApp
MV,readme_search,MV,1123787260,valzevul/Theseus,Theseus,Theseus is a lightweight Swift Package that brings iOS 26 Liquid Glass look and feel all the way back to iOS 13+. ,,0,0,0,0,,,,https://github.com/valzevul/Theseus
MV,readme_search,MV;Model View,492642806,israman30/SwiftUI-Repo,SwiftUI-Repo,,,0,0,0,0,,,,https://github.com/israman30/SwiftUI-Repo
MV,repo_search,Model View;Model-View,221225972,QuickBirdEng/SwiftUI-Architectures,SwiftUI-Architectures,"Three different architectures (Model-View, Redux, MVVM) for using SwiftUI implemented at the example of a chat app","architectural-patterns,architecture,ios,ios-swift,ios-ui,model-view,redux,swift,swiftui,swiftui-example,swiftui-mvvm",692,56,692,3,Swift,2019-11-12T13:35:52Z,2026-04-24T17:18:36Z,https://github.com/QuickBirdEng/SwiftUI-Architectures
MV,repo_search,Model View,692777229,mrylmz/Prototype,Prototype,Prototype is a Swift Macro project that generates SwiftUI Forms and Views for data structures and classes. It's designed to complement SwiftData Models seamlessly.,"appsettings,forms,swift,swift-macros,swift-syntax,swiftdata,swiftui,views",32,3,32,3,Swift,2023-09-17T14:54:46Z,2025-12-02T07:47:27Z,https://github.com/mrylmz/Prototype
MV,repo_search,Model View;Model-View,358152548,App-Lobby/TaskManager,TaskManager,A practice application created in Swift with SwiftUI Framework. Followed Model View ViewModel Architecture (MVVM).,"apple,ios,moderntodo,mvvm,swift,swiftui",23,2,23,0,Swift,2021-04-15T06:32:54Z,2025-01-30T08:20:40Z,https://github.com/App-Lobby/TaskManager
MV,repo_search,Model View,248290521,cs4alhaider/SearchView,SearchView,"Generic Searchable SwiftUI View, easy to understand and implement using any data model that conforms to Searchable.",,22,1,22,0,Swift,2020-03-18T16:54:19Z,2024-09-20T16:33:57Z,https://github.com/cs4alhaider/SearchView
MV,repo_search,Model View,783069730,halmueller/ShaderGraphControls,ShaderGraphControls,Experiments using SwiftUI view and view model to control ShaderGraphNodes in a Reality Composer Pro scene.,,12,0,12,0,Swift,2024-04-06T21:22:51Z,2026-05-01T01:19:42Z,https://github.com/halmueller/ShaderGraphControls
MV,repo_search,Model View;Model-View,810786434,DixPatel009/ListView,ListView,"This project is a demonstration of using SwiftUI with the MVVM (Model-View-ViewModel) architecture pattern to fetch data from an API, store it in CoreData, and display it in a ListView.","coredata,coredata-swiftui,listview,mvvm,mvvm-architecture,restful-api,swiftui",11,1,11,0,Swift,2024-06-05T10:58:28Z,2025-06-20T22:52:02Z,https://github.com/DixPatel009/ListView
MV,repo_search,Model View,493757880,bangerang/swift-eazy,swift-eazy,Eazy is the missing piece in your SwiftUI and UIKit application. It aims at harmonizing how your views communicate with the model and vice versa in a clear and consistent way.,"architecture,ios,macos,swift,swiftui,tvos,uikit,unidirectional-data-flow,watchos",11,0,11,0,Swift,2022-05-18T17:16:09Z,2024-05-04T20:58:16Z,https://github.com/bangerang/swift-eazy
MV,repo_search,Model View,894957481,swiftuiux/async-task,async-task,A Swift package providing tools and types for managing async task lib. This package is designed to simplify the handling of cancellable asynchronous operations in SwiftUI by offering reusable view models and patterns concurency. Async task swift and swiftui An async library for Swift Task manager Task kit concurrency Queue task operation elements,"kit,task",7,5,7,0,Swift,2024-11-27T10:01:03Z,2025-11-17T17:25:37Z,https://github.com/swiftuiux/async-task
MV,repo_search,Model View,617078419,netreconlab/CareKitEssentials,CareKitEssentials,"Provides essential cards, views, models, protocols, and extensions to expedite building CareKit based applications.","carekit,hacktoberfest,healthcare,ios,macos,medical,swift,swiftui,visionos,watchos",6,4,6,1,Swift,2023-03-21T16:53:45Z,2026-01-30T19:08:04Z,https://github.com/netreconlab/CareKitEssentials
MV,repo_search,Model View;Model-View,753764780,mustafos/AppStore,AppStore,"This project is a fully functional clone of the Apple AppStore, developed using Swift, SwiftUI, Combine, and the MVVM (Model-View-ViewModel) architecture. It aims to demonstrate best practices in building modern iOS applications, emphasizing a clean and maintainable codebase.","combine,mvvm,restful-api,search-algorithm,swift,swiftui",6,0,6,0,Swift,2024-02-06T18:47:15Z,2025-08-07T11:17:33Z,https://github.com/mustafos/AppStore
MV,repo_search,Model View;Model-View,1041952093,helloItsHEssam/Taskhub,Taskhub,a sample to explore the MVI (Model-View-Intent) architecture in SwiftUI.,"architecture,mvi,swift,swiftui",5,0,5,0,Swift,2025-08-21T09:00:01Z,2025-11-08T21:50:45Z,https://github.com/helloItsHEssam/Taskhub
MV,repo_search,Model View,818399596,GabrielaBezerra/CalendarWeek,CalendarWeek,"📅 A SwiftUI calendar view, displayed by week. Use it with your own custom Models and custom Views linked to each day.",,5,0,5,0,Swift,2024-06-21T19:08:53Z,2025-12-04T01:49:17Z,https://github.com/GabrielaBezerra/CalendarWeek
MV,repo_search,Model View,762778892,AkkeyLab/zenith,zenith,This is a viewer specialized for viewing 3D models created in USDZ format,"realitykit,swift,swiftui,usdz,visionos,visionpro",5,0,5,0,Swift,2024-02-24T17:05:48Z,2026-02-20T22:46:05Z,https://github.com/AkkeyLab/zenith
MV,repo_search,Model View,614602740,0xOpenBytes/ViewModelExamples,ViewModelExamples,Example SwiftUI implementations of various ViewModels.,"examples,ios,macos,swift,swiftui,tvos,viewmodel,watchos",4,0,4,0,Swift,2023-03-15T23:40:39Z,2023-05-21T02:38:30Z,https://github.com/0xOpenBytes/ViewModelExamples
MV,repo_search,Model View,773281144,sunildhiman90/KMPAppSharedViewModel,KMPAppSharedViewModel,KMPAppSharedViewModel: How to Share All Logic and ViewModel Between Android Jetpack Compose and iOS SwiftUI Apps Using Kotlin Multiplatform,,4,0,4,0,Swift,2024-03-17T08:31:05Z,2024-12-12T03:50:01Z,https://github.com/sunildhiman90/KMPAppSharedViewModel
MV,repo_search,Model View;Model-View,771448415,Creolestudios/SwiftUIFirebaseAuth,SwiftUIFirebaseAuth,"SwiftUIFirebaseAuth App is a SwiftUI-based iOS application that implements Firebase Authentication using the MVVM (Model-View-ViewModel) architecture. It provides features such as Google signup, password reset functionality, custom text input, and seamless login experience where the user does not need to login again after closing the application.",,4,0,4,0,Swift,2024-03-13T10:16:04Z,2025-05-27T12:44:15Z,https://github.com/Creolestudios/SwiftUIFirebaseAuth
MV,repo_search,Model View,667396911,weblineindia/SwiftUI-Coordinator,SwiftUI-Coordinator,"This SwiftUI app is a demo app that follows a centralized coordinator and view model architecture. The app incorporates different navigation patterns such as a navigation stack and path, along with the implementation of custom navigation modifiers and a navigation configuration. Furthermore, it includes a demo showcasing a tab bar feature.","coordinator-ios,coordinator-simple-demo,ios,navigation,reusable-code,reusable-components,reusable-library,swift,swiftui,ui-components",4,0,4,0,Swift,2023-07-17T12:11:19Z,2025-06-02T05:28:56Z,https://github.com/weblineindia/SwiftUI-Coordinator
MV,repo_search,Model View,614588844,0xOpenBytes/ViewModel,ViewModel,A starting point for your SwiftUI ViewModels,"ios,macos,mvvm,state,swift,swiftui,tvos,viewmodel,watchos",3,0,3,0,Swift,2023-03-15T22:41:17Z,2023-10-18T01:35:51Z,https://github.com/0xOpenBytes/ViewModel
MV,repo_search,Model View,637224921,git-shawn/SwiftUI-ScanKit,SwiftUI-ScanKit,A SwiftUI View and View-Model combination for scanning machine readable codes using Vision.,,3,0,3,1,Swift,2023-05-06T22:25:22Z,2025-02-25T13:27:14Z,https://github.com/git-shawn/SwiftUI-ScanKit
MV,repo_search,Model View,738176824,bitofmind/swift-model,swift-model,"A library for composing models that drives SwiftUI views, coming with many powerful features using advanced tooling using a lightweight modern Swift style.","async,depenecy-injection,ios,macos,mvvm,observation,swift,swift-macros,swiftui,testing",3,0,3,1,Swift,2024-01-02T15:57:28Z,2026-05-01T11:15:19Z,https://github.com/bitofmind/swift-model
MV,repo_search,Model View,386449591,MichaelSDavid/ModelPicker-AR,ModelPicker-AR,An AR iOS model picker system using SwiftUI and RealityKit that allows one to place a selection of 3D models on a plane in the given field of view.,"arkit,augmented-reality,ios,ios-app,realitykit,swift,swiftui",3,0,3,0,Swift,2021-07-15T23:25:25Z,2025-03-26T04:17:57Z,https://github.com/MichaelSDavid/ModelPicker-AR
MV,repo_search,Model View,236966377,BestKora/MoviesJSON,MoviesJSON,Показано применение Combine для формирования HTTP запросов к различным сервисам и использование их в качестве View Model в SwiftUI.,,3,0,3,0,Swift,2020-01-29T11:24:41Z,2024-01-29T17:19:00Z,https://github.com/BestKora/MoviesJSON
MV,repo_search,Model View;Model-View,862511071,shobhakartiwari/FlickerApp,FlickerApp,"FlickerApp is an iOS application built using SwiftUI and follows the MVVM (Model-View-ViewModel) architecture pattern. It allows users to search for photos using the Flickr API, displaying them in a grid, and offering the ability to view details for each image.",,3,1,3,0,Swift,2024-09-24T18:10:14Z,2025-02-27T17:17:05Z,https://github.com/shobhakartiwari/FlickerApp
MV,repo_search,Model View;Model-View,755702204,gichukipaul/PopFlix,PopFlix,"PopFlix is a Swift iOS app that leverages the power of Swift, SwiftData for offline support, and multithreading using async/await. Following the MVVM (Model-View-ViewModel) architecture and adhering to SOLID principles, PopFlix is not just an app but a showcase of best practices in iOS development.","cicd,multithreading,mvvm-architecture,swift,swiftui",3,0,3,0,Swift,2024-02-10T20:53:13Z,2025-03-28T10:43:38Z,https://github.com/gichukipaul/PopFlix
MV,repo_search,Model View,602855346,sadyojat/SwiftUILists,SwiftUILists,,"binding,model,mvvm,publish-subscribe,reactive,swiftui,view,viewmodel",2,0,2,0,Swift,2023-02-17T04:34:21Z,2024-06-27T16:32:43Z,https://github.com/sadyojat/SwiftUILists
MV,repo_search,Model View,1006234849,AviTsadok/SwiftUIWebViewDemoApp,SwiftUIWebViewDemoApp,"SwiftUI-WebView Demo – A lightweight sample app that wraps WKWebView in a pure-SwiftUI layer. It loads any URL (default: meliopayments.com), shows live navigation status, and adds reload/stop controls via the bottom toolbar. Perfect as a first reference for integrating WebKit with SwiftUI using an observable WebPage model.",,2,1,2,0,Swift,2025-06-21T19:47:38Z,2025-07-02T11:35:13Z,https://github.com/AviTsadok/SwiftUIWebViewDemoApp
MV,repo_search,Model View,1019109137,joshgallantt/SwiftSmartViewModels,SwiftSmartViewModels,Protocols for ViewModels that support State containers and Event Emission.,"combine,mvvm,observable,swift,swift6,swiftui,viewmodel",2,0,2,0,Swift,2025-07-13T18:53:27Z,2025-07-28T18:19:36Z,https://github.com/joshgallantt/SwiftSmartViewModels
MV,repo_search,Model View,345818799,rizumita/Sede,Sede,Sede is a library for SwiftUI to bind a view and a model and to provide routing.,swiftui,2,1,2,0,Swift,2021-03-08T22:59:11Z,2021-06-14T21:55:17Z,https://github.com/rizumita/Sede
MV,repo_search,Model View,926362483,cloner69/SceneKit,SceneKit,This is a demonstration how to use scene view (3D model) in app built with SwiftUI IOS 18.2 ,,2,0,2,0,Swift,2025-02-03T05:33:40Z,2025-03-30T05:52:31Z,https://github.com/cloner69/SceneKit
MV,repo_search,Model View,1023852184,shahid0/AdMobKit,AdMobKit,"AdMobKit: Effortless Google AdMob integration for SwiftUI. Supports Banner, Interstitial, Rewarded, App Open, and Native ads with easy-to-use view models, SwiftUI components, and customizable native ad layouts.",,2,1,2,0,Swift,2025-07-21T19:49:09Z,2026-04-21T11:57:34Z,https://github.com/shahid0/AdMobKit
MV,repo_search,Model View;Model-View,883403052,emirokay/SnakeGameApp,SnakeGameApp,"The Snake Game App is a SwiftUI implementation of the classic Snake game, featuring a clean interface that supports both light and dark modes. Built using the Model-View-ViewModel (MVVM) architecture.",,2,0,2,0,Swift,2024-11-04T22:46:36Z,2025-02-11T03:41:14Z,https://github.com/emirokay/SnakeGameApp
MV,repo_search,Model View,574326457,KrystalZhang612/pets-gallery-app,pets-gallery-app,"A SwiftUI video-based application with AVPlayer and the Pexels API that is full of cute pets videos. The App contains different components and views, with JSON data, JSON data conversion into a custom SwiftUI model, API is called asynchronously, and also uses AVPlayer (from AVKit) to integrate the media player.",,2,0,2,0,Swift,2022-12-05T03:51:47Z,2023-05-25T03:24:10Z,https://github.com/KrystalZhang612/pets-gallery-app
MV,repo_search,Model View,931926642,markbattistella/SwiftDataPreviewer,SwiftDataPreviewer,"SwiftDataPreviewKit is a lightweight Swift package designed to simplify SwiftUI previews using SwiftData. It provides an in-memory model container for use in DEBUG builds, allowing you to preview your SwiftData-powered views with sample data.","ios,maccatalyst,macos,spm,swift,swift-package-manager,swiftdata,swiftui,tvos,visionos,watchos",2,1,2,0,Swift,2025-02-13T04:39:46Z,2026-03-08T11:33:07Z,https://github.com/markbattistella/SwiftDataPreviewer
MV,repo_search,Model View,244894717,genedelisa/SwiftUI-SwiftUI-View-ViewModel.xctemplate,SwiftUI-SwiftUI-View-ViewModel.xctemplate,A simple Xcode template for generating a SwiftUI view and viewmodel,xcode-templates,1,0,1,0,Swift,2020-03-04T12:29:04Z,2024-07-26T23:32:18Z,https://github.com/genedelisa/SwiftUI-SwiftUI-View-ViewModel.xctemplate
MV,repo_search,Model View,417252322,mammothclub/Use-CoreML-Model-in-SwiftUI,Use-CoreML-Model-in-SwiftUI,Import CoreML model into SwiftUI view. Instantiate CoreML model into SwiftUI view the right way! Use CoreML in SwiftUI.,,1,0,1,0,Swift,2021-10-14T19:07:53Z,2022-01-17T23:37:46Z,https://github.com/mammothclub/Use-CoreML-Model-in-SwiftUI
MV,repo_search,Model View;Model-View,596747898,hassanvfx/ios-webViewSwiftUI,ios-webViewSwiftUI,"SwiftUI WebView Model, View and Helpers","swiftui,webview",1,1,1,0,Swift,2023-02-02T21:08:37Z,2024-07-07T21:26:57Z,https://github.com/hassanvfx/ios-webViewSwiftUI
MV,repo_search,Model View,680568753,edonv/AVCaptureViewModel,AVCaptureViewModel,An ObservableObject view model for capturing photo/video on iOS for SwiftUI and UIKit.,"avfoundation,camera,capture,ios,movie,observableobject,observedobject,photo,stateobject,swift,swiftui,uikit,video,viewmodel",1,0,1,0,Swift,2023-08-19T17:05:44Z,2024-06-18T07:59:35Z,https://github.com/edonv/AVCaptureViewModel
MV,repo_search,Model View,495251281,Sahil-1993/SwiftUINavigation,SwiftUINavigation,Using JSON Data class and showing list view and passing data to next view using Model class in Swift UI,,1,0,1,0,Swift,2022-05-23T03:57:03Z,2022-06-12T13:11:25Z,https://github.com/Sahil-1993/SwiftUINavigation
MV,repo_search,Model View,590425281,ahtctn/ContactsApp-SwiftUI,ContactsApp-SwiftUI,Used Table View and Data Model System for dynamic contact recordings,,1,0,1,0,Swift,2023-01-18T11:43:13Z,2023-01-22T11:22:57Z,https://github.com/ahtctn/ContactsApp-SwiftUI
MV,repo_search,Model View,742002362,Paste1989/3dViewerApp_SwiftUI,3dViewerApp_SwiftUI,SwiftUI 3D Viewer app with ability to tap on the separate model components,,1,0,1,0,Swift,2024-01-11T15:01:15Z,2025-03-25T15:15:08Z,https://github.com/Paste1989/3dViewerApp_SwiftUI
MV,repo_search,Model View,523383804,yury-potapov/ViewStateBasedSwiftUI,ViewStateBasedSwiftUI,Universal framework to use in production with ViewState-based models for SwiftUI,,1,0,1,0,Swift,2022-08-10T14:49:12Z,2025-08-26T14:40:37Z,https://github.com/yury-potapov/ViewStateBasedSwiftUI
MV,repo_search,Model View;Model-View,754431090,amarasagekar/OnlineGroceriesShop_SwiftUI,OnlineGroceriesShop_SwiftUI,App natively for iOS using the MVVM (Model-View-ViewModel) architecture,,1,0,1,0,Swift,2024-02-08T03:06:55Z,2024-02-10T15:51:19Z,https://github.com/amarasagekar/OnlineGroceriesShop_SwiftUI
MV,repo_search,Model View;Model-View,471099484,DevSecDaniel/toDoListApps,toDoListApps,Proyecto creado con Arquitectura Model-View-ViewModel en SwiftUI,,1,0,1,0,Swift,2022-03-17T18:32:39Z,2022-03-17T18:33:36Z,https://github.com/DevSecDaniel/toDoListApps
MV,repo_search,Model View,591780445,projectnoa/SwiftUIXCTestCaseSample,SwiftUIXCTestCaseSample,A simple application that shows how to use the XCTestCase utility to do Unit Tests in SwiftUI. The application contains a simple addition view and implements a view model with observableObject and published markers.,,1,0,1,0,Swift,2023-01-21T20:58:26Z,2023-03-05T17:05:54Z,https://github.com/projectnoa/SwiftUIXCTestCaseSample
MV,repo_search,Model View;Model-View,375412858,lyzkov/shiftkey-coding-challenge,shiftkey-coding-challenge,Pivotal example of Raw Data - Core Model - View Item layered architecture,"combine,composable-architecture,swiftui",1,0,1,3,Swift,2021-06-09T15:59:24Z,2023-07-05T21:32:19Z,https://github.com/lyzkov/shiftkey-coding-challenge
MV,repo_search,Model View;Model-View,1038669489,niyazovdaulet/GYMBRO,GYMBRO,GYMBRO is a fitness app built with SwiftUI using the MVVM (Model-View-ViewModel) architecture pattern.,,1,0,1,0,Swift,2025-08-15T16:06:08Z,2025-08-28T10:21:46Z,https://github.com/niyazovdaulet/GYMBRO
MV,repo_search,Model View,1034450010,EliseevDmitry/ARModelViewer,ARModelViewer,"ARModelViewer is a module for integrating 3D models into augmented reality using SwiftUI and ARKit/RealityKit. It supports loading models from resources and files, displays gesture hints, and enables moving, rotating, and scaling 3D objects within the AR environment.",,1,0,1,1,Swift,2025-08-08T12:09:29Z,2025-08-12T17:43:59Z,https://github.com/EliseevDmitry/ARModelViewer
MV,repo_search,Model View;Model-View,695233752,salvatop/AboutTheWeather,AboutTheWeather," A single-screen weather app written in Swift/SwiftUI that follows a Model-View-ViewModel (MVVM) architecture, which helps maintain separation of concerns and ensures a clean and scalable codebase.","ios,mvvm-architecture,swift,swiftui",1,1,1,2,Swift,2023-09-22T16:42:51Z,2023-11-25T01:16:45Z,https://github.com/salvatop/AboutTheWeather
MV,repo_search,Model View;Model-View,785543870,MemoryMhou/WeChatApp,WeChatApp,"iOS app with two implementations of a product listing app, one using the Model-View-ViewModel (MVVM) pattern with SwiftUI and Alamofire, and the other utilizing the Model-View-Controller (MVC) pattern with UIKit and Alamofire. The app presents a list of shopping products and allows users to view products fetched from a REST API.",,1,0,1,0,Swift,2024-04-12T05:14:06Z,2024-04-12T17:30:23Z,https://github.com/MemoryMhou/WeChatApp
MV,repo_search,Model View,211630755,alfianlosari/TMDbMovieSwiftUIKit,TMDbMovieSwiftUIKit,TMDb SwiftUI wrapper for View and View Model using SPM and TMDBKit,,0,2,0,0,Swift,2019-09-29T08:32:38Z,2019-09-29T15:48:53Z,https://github.com/alfianlosari/TMDbMovieSwiftUIKit
MV,repo_search,Model View,883525570,Nandhuselvan17/swiftUi_ViewModel,swiftUi_ViewModel,,,0,0,0,0,Swift,2024-11-05T05:46:34Z,2024-11-05T06:30:09Z,https://github.com/Nandhuselvan17/swiftUi_ViewModel
MV,repo_search,Model View,535271568,birtandeveloper/SwiftUI_ViewModel,SwiftUI_ViewModel,With this code sample you could learn how we pass data through the pages with the power of ViewModel Structure,,0,0,0,0,Swift,2022-09-11T11:06:26Z,2022-09-11T11:08:29Z,https://github.com/birtandeveloper/SwiftUI_ViewModel
MV,repo_search,Model View,568463725,MatteoBatti/swiftui-view-model-state,swiftui-view-model-state,,,0,0,0,0,Swift,2022-11-20T16:03:56Z,2022-11-20T16:07:50Z,https://github.com/MatteoBatti/swiftui-view-model-state
MV,repo_search,Model View;Model-View,800041282,raddevus/ModelView,ModelView,SwiftUI to study MVVM & ViewModel explicity in a simple project.,,0,0,0,0,Swift,2024-05-13T15:32:57Z,2024-05-13T15:33:26Z,https://github.com/raddevus/ModelView
MV,repo_search,Model View,1200240452,shopsavvy/swiftui-shopsavvy,swiftui-shopsavvy,SwiftUI views and view models for ShopSavvy Data API,,0,0,0,0,Swift,2026-04-03T07:25:06Z,2026-04-03T07:36:15Z,https://github.com/shopsavvy/swiftui-shopsavvy
MV,repo_search,Model View,379046529,Kemmey/SwiftUICoreDataViewModelNavigationView,SwiftUICoreDataViewModelNavigationView,,,0,0,0,0,Swift,2021-06-21T19:51:01Z,2021-06-22T11:51:55Z,https://github.com/Kemmey/SwiftUICoreDataViewModelNavigationView
MV,repo_search,Model View,504252167,katafuchix/UIKit-SwiftUI-Delegate-ViewModel-Sample,UIKit-SwiftUI-Delegate-ViewModel-Sample,Delegate for SwiftUI View from Hosting View Controller with ViewModel Example,,0,0,0,0,Swift,2022-06-16T17:47:22Z,2022-06-16T17:48:02Z,https://github.com/katafuchix/UIKit-SwiftUI-Delegate-ViewModel-Sample
MV,repo_search,Model View,514989513,mvolkmann/SwiftUI-SingletonViewModel,SwiftUI-SingletonViewModel,,,0,0,0,0,Swift,2022-07-18T00:41:05Z,2022-07-18T00:41:52Z,https://github.com/mvolkmann/SwiftUI-SingletonViewModel
MV,repo_search,Model View;Model-View,690723652,ronwilson/swiftui-experiments,swiftui-experiments,Experimenting with swiftui model-view interactions,,0,0,0,0,Swift,2023-09-12T18:39:05Z,2023-09-12T18:54:10Z,https://github.com/ronwilson/swiftui-experiments
MV,repo_search,Model View,791275654,alin19xx/Loadable-View-ViewModel,Loadable-View-ViewModel,This component simplifies the handling of loading states and errors in SwiftUI applications,"alert,error-handling,loader,mvvm-architecture,swiftui,swiftui-components",0,0,0,1,Swift,2024-04-24T12:25:35Z,2024-12-15T17:31:02Z,https://github.com/alin19xx/Loadable-View-ViewModel
MV,repo_search,Model View,787245403,febryardiansyah/gridview-swiftUI,gridview-swiftUI,gridview + view model implementation in swiftUI,,0,0,0,0,Swift,2024-04-16T06:55:11Z,2024-05-05T05:22:11Z,https://github.com/febryardiansyah/gridview-swiftUI
MV,repo_search,Model View,888074944,devingrischow/SwiftUI_View_Models_Small_Demo,SwiftUI_View_Models_Small_Demo,A small demo for implementing swiftUI view models,,0,0,0,0,Swift,2024-11-13T19:14:31Z,2024-11-13T19:15:45Z,https://github.com/devingrischow/SwiftUI_View_Models_Small_Demo
MV,repo_search,Model View;Model-View,301561723,jcapponi/CollectionView-SwiftUI,CollectionView-SwiftUI,CollectionView en SwiftUI con patrón Model View ViewModel,,0,0,0,0,Swift,2020-10-05T23:12:38Z,2020-10-09T10:18:24Z,https://github.com/jcapponi/CollectionView-SwiftUI
MV,repo_search,Model View,820000632,DrewMilloy/AsyncViewModel,AsyncViewModel,Handy way to cut out boilerplate for your async MVVM SwiftUI needs,,0,0,0,0,Swift,2024-06-25T15:43:52Z,2026-03-05T11:34:34Z,https://github.com/DrewMilloy/AsyncViewModel
MV,repo_search,Model View,701282049,prash5t/ipinfo-swiftui,ipinfo-swiftui,"SwiftUI View to show IP data fetched from network. Contains views, model, data repo. #learning #swift","swift,swiftui,urlsession,xcode",0,0,0,0,Swift,2023-10-06T10:09:12Z,2023-10-06T10:19:19Z,https://github.com/prash5t/ipinfo-swiftui
MV,repo_search,Model View,789085809,luisebt995/SwiftUIFormRegistration,SwiftUIFormRegistration,Building a Registration Form with Combine and View Model.,,0,0,0,0,Swift,2024-04-19T17:10:42Z,2024-04-19T17:10:49Z,https://github.com/luisebt995/SwiftUIFormRegistration
MV,repo_search,Model View;Model-View,375616325,federik21/BoilerplateSwiftUI,BoilerplateSwiftUI,A Model View Coordinator boilerplate for SwiftUI,,0,0,0,0,Swift,2021-06-10T07:53:55Z,2021-06-11T12:21:02Z,https://github.com/federik21/BoilerplateSwiftUI
MV,repo_search,Model View,782815577,berkiyo/icon-changer,icon-changer,Swift + SwiftUI Icon Changer Model and View,,0,0,0,0,Swift,2024-04-06T05:38:34Z,2024-04-06T05:43:14Z,https://github.com/berkiyo/icon-changer
MV,repo_search,Model View,116938918,iamhspatel2160419/SwiftUIViewDrawPlayingCardViewAndModelClass,SwiftUIViewDrawPlayingCardViewAndModelClass,,,0,0,0,0,Swift,2018-01-10T09:43:34Z,2018-01-10T09:43:43Z,https://github.com/iamhspatel2160419/SwiftUIViewDrawPlayingCardViewAndModelClass
MV,repo_search,Model View,610863513,JoseArthurSoares/SwiftUIFormRegistration,SwiftUIFormRegistration,Projeto que constrói um formulário de registro com Combine e View Model.,,0,0,0,0,Swift,2023-03-07T16:24:25Z,2023-03-07T16:24:32Z,https://github.com/JoseArthurSoares/SwiftUIFormRegistration
MV,repo_search,Model View,719517257,maximilianlemberg/SwiftUI-Wrap,SwiftUI-Wrap,A SwiftUI wrapper for UIKit using a UIHostingViewController to wrap SwiftUI views with a generic view model and 2 actions.,,0,0,0,0,Swift,2023-11-16T10:39:44Z,2023-11-16T13:11:28Z,https://github.com/maximilianlemberg/SwiftUI-Wrap
MV,repo_search,Model View,676655875,adpaladines/SwiftUI-Clean-Architecture-Test-cases-for-ViewModel-Repository-and-NetworkManager,SwiftUI-Clean-Architecture-Test-cases-for-ViewModel-Repository-and-NetworkManager,"Clean Architecture, SOLID Principles, Final Project ideas",,0,0,0,0,Swift,2023-08-09T17:42:41Z,2023-09-01T13:11:14Z,https://github.com/adpaladines/SwiftUI-Clean-Architecture-Test-cases-for-ViewModel-Repository-and-NetworkManager
MV,repo_search,Model View,646583342,daniyalyousuf07/CoordinatorPattern-Swift-SwiftUI,CoordinatorPattern-Swift-SwiftUI,This repository demonstrates the implementation of the coordinator pattern with a shared view model between Swift and SwiftUI views.,,0,0,0,0,Swift,2023-05-28T21:12:37Z,2023-05-28T21:13:04Z,https://github.com/daniyalyousuf07/CoordinatorPattern-Swift-SwiftUI
MV,repo_search,Model View,305348709,paulw11/BookApp,BookApp,Example of separating model and view in SwiftUI,,0,0,0,0,Swift,2020-10-19T10:37:01Z,2020-10-19T11:34:14Z,https://github.com/paulw11/BookApp
MV,repo_search,Model View;Model-View,740246450,gemanepa/swiftui-statemanagement-samples,swiftui-statemanagement-samples,Examples of different state management approaches on iOS SwiftUI in the MVVM (Model-View-ViewModel) architecture,,0,0,0,0,Swift,2024-01-07T23:42:59Z,2025-03-10T19:25:01Z,https://github.com/gemanepa/swiftui-statemanagement-samples
MV,repo_search,Model View;Model-View,844149124,javid-guluzada/todo-app-swiftui,todo-app-swiftui,A simple to-do list app built using SwiftUI and the MVVM (Model-View-ViewModel) architecture.,,0,0,0,0,Swift,2024-08-18T14:33:00Z,2024-08-18T16:40:23Z,https://github.com/javid-guluzada/todo-app-swiftui
MV,repo_search,Model View,271580848,neilsmithdesign/004-swiftui-code-structure,004-swiftui-code-structure,Sample code to accompany the blog post: Code Structure in SwiftUI - Part 1: Separating model and view,,0,0,0,0,Swift,2020-06-11T15:24:17Z,2020-06-11T15:24:26Z,https://github.com/neilsmithdesign/004-swiftui-code-structure
MV,repo_search,Model View;Model-View,763914145,NirmalsinhRathod/SwiftUIFirebaseAuth,SwiftUIFirebaseAuth,SwiftUIFirebaseAuth App is a SwiftUI-based iOS application that implements Firebase Authentication using the MVVM (Model-View-ViewModel) architecture.,,0,0,0,0,Swift,2024-02-27T06:23:19Z,2025-11-10T09:35:10Z,https://github.com/NirmalsinhRathod/SwiftUIFirebaseAuth
MV,repo_search,Model View;Model-View,626594962,yamin335/SwiftUICurrencyConverter,SwiftUICurrencyConverter,This app is created to show a clean MVVM (Model View View Model) architecture based SwiftUI project that will help many developers to boost up their starting for a new project. For details and to successfully run the please see the README file.,,0,0,0,0,Swift,2023-04-11T19:32:11Z,2023-04-11T20:46:41Z,https://github.com/yamin335/SwiftUICurrencyConverter
MV,repo_search,Model View,1094645314,workingDog/ColorSlider,ColorSlider,SwiftUI View and data model for a dynamic color chooser,,0,0,0,0,Swift,2025-11-12T01:40:18Z,2025-12-12T00:08:08Z,https://github.com/workingDog/ColorSlider
MV,repo_search,Model View,886893251,trenskow/EineKleine3DRendererView,EineKleine3DRendererView,A library for rendering 3D models using [EineKleine3DRenderer](https://github.com/trenskow/EineKleine3DRenderer) in SwiftUI.,,0,0,0,0,Swift,2024-11-11T19:50:35Z,2024-11-12T20:01:35Z,https://github.com/trenskow/EineKleine3DRendererView
MV,repo_search,Model View;Model-View,817397133,ivansaul/SwiftUI-Map-Tour,SwiftUI-Map-Tour,A minimalistic MapTour app built with SwiftUI using MapKit. This project follows Model View ViewModel(MVVM) architecture principles for a modular and maintainable codebase.,"app,apple,combine,ios,map,mapkit,mvvm,swift,swiftui,xcode",0,0,0,0,Swift,2024-06-19T16:05:24Z,2025-06-19T05:42:08Z,https://github.com/ivansaul/SwiftUI-Map-Tour
MV,repo_search,Model View,1226245346,claustrofob/FeatureFactoryExample,FeatureFactoryExample,An example project demonstrating proper handling of view models in SwiftUI + MVVM architecture,,0,0,0,0,Swift,2026-05-01T06:29:12Z,2026-05-02T16:27:10Z,https://github.com/claustrofob/FeatureFactoryExample
MV,repo_search,Model View;Model-View,1081810614,rinshamol/QuotesApp---SwiftUI,QuotesApp---SwiftUI,"The Quotes App is a simple SwiftUI application built using the MVVM (Model-View-ViewModel) architecture. It displays inspirational quotes and allows users to mark their favorite ones. Users can view a random quote, see the author’s name, and tap the heart icon to toggle their favorites.",,0,0,0,0,Swift,2025-10-23T10:17:58Z,2025-10-23T10:21:56Z,https://github.com/rinshamol/QuotesApp---SwiftUI
MV,repo_search,Model View;Model-View,811859242,Buhle138/FormValidationMvApproach,FormValidationMvApproach,This is a simple form validation app using the Model view approach. In swiftui.,,0,0,0,0,Swift,2024-06-07T12:56:09Z,2024-06-07T14:21:53Z,https://github.com/Buhle138/FormValidationMvApproach
MV,repo_search,Model View,1126465735,DaveJabe/VMDefaults,VMDefaults,"A SwiftUI-friendly, Swift 6–safe way to bind UserDefaults to ObservableObject view models.",,0,0,0,0,Swift,2026-01-02T01:04:13Z,2026-03-30T16:33:07Z,https://github.com/DaveJabe/VMDefaults
MV,repo_search,Model View,1137601039,joeljoviios/GenericAPICall-Combine,GenericAPICall-Combine,"Steps: 1. Create a Model, Create a view model: Create a class or struct to hold the state and logic related to the API call. This view model should conform to the ObservableObject protocol so that the SwiftUI view can observe its changes, Create the SwiftUI view",,0,0,0,0,Swift,2026-01-19T15:28:11Z,2026-01-19T15:33:35Z,https://github.com/joeljoviios/GenericAPICall-Combine
MV,repo_search,Model View;Model-View,843067308,gabrieledintino/MVPrototype,MVPrototype,A Model-View architecture app developed for my Master's Degree Thesis on SwiftUI Patterns,,0,0,0,0,Swift,2024-08-15T17:57:26Z,2024-09-26T22:23:47Z,https://github.com/gabrieledintino/MVPrototype
MV,repo_search,Model View;Model-View,1031456734,dhruvappstack/SwiftUIToDoApp,SwiftUIToDoApp,"ToDoApp is a simple SwiftUI task manager built with the MVVM design pattern. Add, edit, complete, and delete tasks with a clean UI. The project demonstrates best practices for organizing SwiftUI apps using Models, Views, and ViewModels.",,0,0,0,0,Swift,2025-08-03T19:24:14Z,2025-08-03T19:31:44Z,https://github.com/dhruvappstack/SwiftUIToDoApp
MV,repo_search,Model View;Model-View,395988645,danstoakes/2021-finish-line-dash,2021-finish-line-dash,"A simple checkerboard-style board game that is written in Swift, implements SwiftUI and adheres to the MVVM (Model, View, View Model) architecture. The game features two players which race to the finish by rolling a dice.","mvvm-architecture,swift,swiftui",0,0,0,0,Swift,2021-08-14T11:30:59Z,2021-10-30T13:52:18Z,https://github.com/danstoakes/2021-finish-line-dash
MV,repo_search,Model View;Model-View,1088154637,Sagarkumar2707/SwiftUIFirebase,SwiftUIFirebase,"SwiftUIFirebaseAuth App is a SwiftUI-based iOS application that implements Firebase Authentication using the MVVM (Model-View-ViewModel) architecture. It provides features such as Google signup, password reset functionality, custom text input, and seamless login experience where the user does not need to login again after closing the application.",,0,0,0,0,Swift,2025-11-02T12:29:23Z,2025-11-02T12:33:00Z,https://github.com/Sagarkumar2707/SwiftUIFirebase
MV,repo_search,Model View,510121098,VoodooTango/Fructus,Fructus,"Fruits Enciclopedia developed in iOS, with an welcome view, a content view and a settings view. All using  SwiftUI data model, links and groupboxes.  ",,0,0,0,0,Swift,2022-07-03T19:48:56Z,2022-07-03T19:49:09Z,https://github.com/VoodooTango/Fructus
MV,repo_search,Model View,777557529,shazeen-1990/TOUCHDOWN-E-commerce-App-UI-UX-design-with-SwiftUI,TOUCHDOWN-E-commerce-App-UI-UX-design-with-SwiftUI,prototype an E-commerce app with SwiftUI | @Environment property wrapper | Observable Object | share the data model across the whole app | custom navigation bar |  Page Tab view,,0,0,0,0,Swift,2024-03-26T04:25:56Z,2024-03-26T04:37:30Z,https://github.com/shazeen-1990/TOUCHDOWN-E-commerce-App-UI-UX-design-with-SwiftUI
MV,repo_search,Model View,848280350,vrjustin/mvvmexample,mvvmexample,example mvvm pattern in swift with swiftui that we will refactor out the view models from.,,0,0,0,0,Swift,2024-08-27T13:27:05Z,2024-08-27T13:27:43Z,https://github.com/vrjustin/mvvmexample
MV,repo_search,Model View;Model-View,833655699,vorapulkit/SwiftUI-News-App,SwiftUI-News-App,This is a SwiftUI application that demonstrates the MVVM (Model-View-ViewModel) architecture with dependency injection managed via Swift Package Manager. The app fetches news articles using a freeware news API and presents them in a user-friendly interface. Built using Xcode 15 with a deployment target of iOS 15.,"api-integration,dependency-injection,git,ios,ios-15,mvvm,swift,swift-package-manager,swiftui,ui-testing,unit-testing,xcode-15",0,0,0,0,Swift,2024-07-25T13:36:11Z,2024-07-25T13:49:02Z,https://github.com/vorapulkit/SwiftUI-News-App
MV,repo_search,Model View;Model-View,909802158,ganesh-mywork19/LTC-assignment,LTC-assignment,"This is a simple iOS application built with SwiftUI, designed to demonstrate the Model-View-ViewModel (MVVM) architecture. ",,0,0,0,0,Swift,2024-12-29T20:18:04Z,2024-12-29T21:23:50Z,https://github.com/ganesh-mywork19/LTC-assignment
MV,repo_search,Model View;Model-View,918634964,Hasan-codeislife/cryptox,cryptox,"An interactive cryptocurrency application showcasing the latest trends in MVVM (Model-View-ViewModel) architecture, SwiftUI, and advanced API handling.",,0,0,0,0,Swift,2025-01-18T13:08:36Z,2026-05-04T11:49:14Z,https://github.com/Hasan-codeislife/cryptox
MV,repo_search,Model View,953109506,madcato/openai-configuration-ui,openai-configuration-ui,"SwiftUI View to handle the data to access any service that implements the OpenAI API: url, token, organization id and model","ios,openai,swift,swiftui,ui",0,0,0,0,Swift,2025-03-22T15:37:35Z,2025-05-12T13:14:11Z,https://github.com/madcato/openai-configuration-ui
MV,repo_search,Model View;Model-View,399526374,JohanLN/ios-mvvm-GitHub-MobileApp,ios-mvvm-GitHub-MobileApp,iOS project: Cloning the GitHub web tool to mobile format.  Design pattern -> MVVM (Model View ViewModel)  Language -> Swift 5  UI Framework -> SwiftUI,,0,0,0,0,Swift,2021-08-24T16:01:10Z,2021-08-31T13:35:56Z,https://github.com/JohanLN/ios-mvvm-GitHub-MobileApp
MV,repo_search,Model View;Model-View,244240905,JuanKun/MemberID,MemberID,A simple awards gallery application built by using SwiftUI as the UI-Framework and applying Model View ViewModel as the design architecture.,,0,0,0,0,Swift,2020-03-01T23:34:17Z,2020-03-11T02:24:11Z,https://github.com/JuanKun/MemberID
MV,repo_search,Model View,372668041,matiasrm/Search,Search,"Assemble a criss-cross with multiple columns and consume JSON with ObservableObject view models.  Then, I load images using KingFisher for SwiftUI.",,0,0,0,0,Swift,2021-06-01T01:24:13Z,2021-06-02T21:11:47Z,https://github.com/matiasrm/Search
MV,repo_search,Model View;Model-View,884610592,SakethReddy-Pundru/Cocktail,Cocktail,Sample SwiftUI Application with Static Data - The application follows the MVVM (Model-View-ViewModel) architecture combined with the Coordinator pattern to manage navigation.,,0,0,0,0,Swift,2024-11-07T04:10:11Z,2024-11-11T09:58:54Z,https://github.com/SakethReddy-Pundru/Cocktail
MV,repo_search,Model View;Model-View,1077467607,Dev-Malik/News-Fetcher,News-Fetcher,"A simple SwiftUI app built to learn MVVM architecture and Dependency Injection. It uses NavigationStack for clean navigation, separates logic into models, view models, and views, and demonstrates modular, testable, and scalable app design with clear state management and data flow.",,0,0,0,0,Swift,2025-10-16T09:39:03Z,2025-10-16T09:45:07Z,https://github.com/Dev-Malik/News-Fetcher
MV,repo_search,Model View,815810483,ProjectDreadman/MacAppTemplate,MacAppTemplate,"This repository serves as a template for building macOS applications using Swift and SwiftUI. It provides a structured starting point with example views and view models, allowing developers to quickly bootstrap their projects.",,0,0,0,0,Swift,2024-06-16T08:22:50Z,2026-03-30T01:18:37Z,https://github.com/ProjectDreadman/MacAppTemplate
MV,repo_search,Model View,1223226106,souravbar18/contact-list,contact-list,"A stylish and functional Contact Management App built using SwiftUI. This project showcases the ability to handle data models, list views, and seamless navigation between screens.",,0,0,0,0,Swift,2026-04-28T05:56:48Z,2026-04-28T06:05:39Z,https://github.com/souravbar18/contact-list
MV,repo_search,Model View;Model-View,1141931355,Heitoorr/Calculator,Calculator,"Este projeto é uma calculadora funcional para iOS, desenvolvida para consolidar conceitos fundamentais de SwiftUI e a aplicação do padrão de arquitetura MVVM (Model-View-ViewModel).",,0,0,0,0,Swift,2026-01-25T17:17:54Z,2026-01-25T17:20:10Z,https://github.com/Heitoorr/Calculator
MV,repo_search,Model View,1212192033,lancy98/Anticia,Anticia,"Anticia is a SwiftUI countdown app for tracking upcoming events, milestones, trips, birthdays, deadlines, and completed countdowns. It uses SwiftData for local persistence, SwiftUI Observation for view models, and local notifications to alert users when a countdown starts.",,0,0,0,0,Swift,2026-04-16T06:33:56Z,2026-04-26T14:19:49Z,https://github.com/lancy98/Anticia
MV,repo_search,Model View,815944401,ProjectDreadman/iOSAppTemplate,iOSAppTemplate,"This repository serves as a template for building iOS mobile applications using Swift and SwiftUI. It provides a structured starting point with example views and view models, allowing developers to quickly bootstrap their projects.  Resources",,0,0,0,0,Swift,2024-06-16T15:54:50Z,2026-03-30T01:24:38Z,https://github.com/ProjectDreadman/iOSAppTemplate
MV,repo_search,Model View;Model-View,1056281280,TonyCao368/SearchMusicApp,SearchMusicApp,"This project involves is built with SwiftUI, Combine and Model-View-Intent  architecture. It implement the DEEZER API to search music, explore radio stations and manage bookmarks.",,0,0,0,0,Swift,2025-09-13T18:55:13Z,2025-10-30T20:25:12Z,https://github.com/TonyCao368/SearchMusicApp
MV,repo_search,Model View;Model-View,452717933,developer-academy-unina/Session-Design-Patterns-in-App-Development,Session-Design-Patterns-in-App-Development,Model-View-ViewModel (MVVM) is a good Architectural Design Pattern to guarantee high cohesion and low coupling between SwiftUI's domain entities. Here is an activity you can start from to learn how to integrate it,"architettural-design-patterns,mvvm,swift,swiftui,workshop",0,0,0,0,Swift,2022-01-27T14:37:10Z,2022-12-29T11:31:54Z,https://github.com/developer-academy-unina/Session-Design-Patterns-in-App-Development
MV,repo_search,Model View;Model-View,733646907,altgsp/WeatherApp,WeatherApp,"O WeatherApp é um aplicativo para iOS desenvolvido em Swift, utilizando o padrão de design MVC (Model-View-Controller) para uma organização eficiente e modular do código.","appledeveloper,dev,ios,iosdeveloper,mobiledeveloper,swift,swiftui,xcode",0,0,0,0,Swift,2023-12-19T19:58:35Z,2023-12-19T20:18:01Z,https://github.com/altgsp/WeatherApp
MV,repo_search,Model View;Model-View,1032790648,Myselfneha/MusicPlayerService,MusicPlayerService,"A simple music player app built with SwiftUI using the MVVM architecture. It displays a list of songs with title and artist using mock data. Organized into Models, Views, ViewModels, and Services folders for clean structure. Ideal for beginners exploring SwiftUI and MVVM.          ",,0,0,0,0,Swift,2025-08-05T20:40:13Z,2025-08-05T21:11:32Z,https://github.com/Myselfneha/MusicPlayerService
MV,repo_search,Model View;Model-View,717087875,oliver0828-dev/Apple-Framework-Final---Edited-Version-,Apple-Framework-Final---Edited-Version-,"Sean Allen initially designed this App in his course SwiftUI Fundamentals. I had a chance to learn about MVVM (Model View ViewModel) and other techniques. I had experience programming with SwiftUI, while Sean integrated with UIKit to directly link the users to Safari. I used SwiftUI’s “Link” to move the tabs to Safari.",,0,0,0,0,Swift,2023-11-10T14:30:11Z,2023-11-10T14:48:42Z,https://github.com/oliver0828-dev/Apple-Framework-Final---Edited-Version-
MV,repo_search,Model View;Model-View,717087108,oliver0828-dev/Apple-Framework-Final-,Apple-Framework-Final-,"Sean Allen initially designed this App in his course SwiftUI Fundamentals. I had a chance to learn about MVVM (Model View ViewModel) and other techniques. I had experience programming with SwiftUI, while Sean integrated with UIKit to directly link the users to Safari. I used SwiftUI’s “Link” to move the tabs to Safari. T",,0,0,0,0,Swift,2023-11-10T14:28:01Z,2023-11-10T14:28:07Z,https://github.com/oliver0828-dev/Apple-Framework-Final-
MV,repo_search,Model View,1010192371,AseshNemal/NanoVerse,NanoVerse,"Built with SwiftUI + RealityKit for visionOS, NanoVerse lets users view and interact with biological or custom .usdz 3D models in a black immersive space with speech synthesis, lighting, and transform tools.",visonos,0,0,0,0,Swift,2025-06-28T14:50:20Z,2025-06-30T12:27:26Z,https://github.com/AseshNemal/NanoVerse
MV,repo_search,Model View;Model-View,872097068,pppjw2023/MetUCD-ios-app,MetUCD-ios-app,Use Model-View-Controller architecture to develop an ios mobile app in SwiftUI that allows users to check the current weather for a location of their choice by dropping a pin on a map.,,0,0,0,0,Swift,2024-10-13T19:12:09Z,2024-10-13T20:13:31Z,https://github.com/pppjw2023/MetUCD-ios-app
MV,repo_search,Model View;Model-View,1158419566,abhisekprusty977/News-Application,News-Application,"A news reader iOS application built with SwiftUI using the MVVM (Model-View-ViewModel) architectural pattern. The app fetches top headlines from an external news API and displays them in a clean, user-friendly interface.",,0,0,0,0,Swift,2026-02-15T10:44:43Z,2026-02-15T12:37:10Z,https://github.com/abhisekprusty977/News-Application
MV,repo_search,Model View;Model-View,810355528,Rakibrz/WeatherApp,WeatherApp,"The WeatherApp is a SwiftUI-based mobile application designed to provide users with real-time weather information for any specified city. The app is built using the Model-View-ViewModel (MVVM) architecture, ensuring a clean separation of concerns and a robust, maintainable codebase.","ios,ios-swift,mvvm,mvvm-ios,swiftui,weather,weather-app",0,0,0,0,Swift,2024-06-04T14:30:55Z,2024-06-05T11:00:34Z,https://github.com/Rakibrz/WeatherApp
MV,repo_search,Model View;Model-View,343594943,princealvinyusuf/Hacker-News,Hacker-News,"Base on the project, i was learned:  1. Swift Structures 2. Design Pattern (Model View Controller / MVP) 3. Swift Functions 4. Immutability 5. API (http://hn.algolia.com/api/v1/search?tags=front_page) 6. SwiftUI",,0,0,0,0,Swift,2021-03-02T00:17:26Z,2021-03-02T00:19:29Z,https://github.com/princealvinyusuf/Hacker-News
MV,repo_search,Model View,1047644337,Mario-Victor-Stavarache/ExpenseTracker,ExpenseTracker,"This is a project I made to present my understanding the of SwiftUI best practices (declarative UI, state-driven updates), MVVM principles (clear separation of Model and View), persistence with SwiftData, component-based design, and data visualization.",,0,0,0,0,Swift,2025-08-30T22:10:54Z,2025-10-03T13:34:55Z,https://github.com/Mario-Victor-Stavarache/ExpenseTracker
MV,repo_search,Model View,1182755655,NovaHelpsUnMe/pokemon-card-advanced-swift,pokemon-card-advanced-swift,"SwiftUI iOS project implementing a Pokémon-style card battle interface with game logic, view models, and Live Activity support. Built as part of advanced coursework and used to practice Swift, Xcode project structure, and Git version control.",,0,0,0,1,Swift,2026-03-15T23:23:01Z,2026-03-15T23:24:06Z,https://github.com/NovaHelpsUnMe/pokemon-card-advanced-swift
MV,repo_search,Model View;Model-View,1115883967,m-honcharenko/Feeder_iOS,Feeder_iOS,"RSS Feeder iOS Client | A high-performance news reader built with SwiftUI & Combine. Features a robust MVI-C (Model-View-Intent-Coordinator) architecture, Firebase backend integration, and a custom UIKit-based navigation stack for seamless user experience. Includes local sorting, offline caching, and asynchronous image processing.","combine,coordinator,firebase,ios,mvi,swift,swiftui,uikit",0,0,0,0,Swift,2025-12-13T18:45:53Z,2026-01-09T19:21:29Z,https://github.com/m-honcharenko/Feeder_iOS
MV,repo_search,Model View;Model-View,1125179324,Furqanali30/MoviesHub-MVVM-C,MoviesHub-MVVM-C,"A modern iOS Movies & TV Shows app built with SwiftUI using MVVM-C . The app leverages async/await for efficient concurrency, protocol-based dependency injection, and modular layers (Model, View and ViewModel) to ensure scalability, testability, and clean separation of concerns.",,0,0,0,0,Swift,2025-12-30T09:21:04Z,2025-12-30T10:17:07Z,https://github.com/Furqanali30/MoviesHub-MVVM-C
MV,repo_search,Model View;Model-View,1170752377,shehanish/Stanford_CS193p,Stanford_CS193p,A modern iOS application developed as part of Stanford's CS193p (Developing Applications for iOS) course. This project demonstrates best practices in building reactive user interfaces with SwiftUI and managing data flow using the MVVM (Model-View-ViewModel) architectural pattern.,,0,0,0,0,Swift,2026-03-02T13:32:53Z,2026-03-31T15:18:32Z,https://github.com/shehanish/Stanford_CS193p
MV,repo_search,Model View;Model-View,491474352,OBaller/CatsApp,CatsApp,"In this tutorial, we are going to fetch JSON data from an API and show it in a list view in SwiftUI. I will discuss how I structure my code base with MVVM (Model - View Model - View). Also I am including an extra layer for the networking logic because it helps make my code more reusable and write unit tests. You will also learn about error handling  with URLSession and how to show error information to the user. ",,0,0,0,0,Swift,2022-05-12T10:52:53Z,2022-05-12T10:58:08Z,https://github.com/OBaller/CatsApp
MV,repo_search,Model View,1074736331,PREMSAIKVARMAOFFICIAL/IBM_12Oct25App,IBM_12Oct25App,"A lightweight iOS app that fetches and displays posts from JSONPlaceholder API. Built using Swift 5.9, SwiftUI, MVVM architecture, and modern Swift Concurrency patterns (async/await). Includes error handling, pull-to-refresh, dark mode, and unit tests for networking and view models.",,0,0,0,0,Swift,2025-10-12T11:37:09Z,2025-10-12T11:51:27Z,https://github.com/PREMSAIKVARMAOFFICIAL/IBM_12Oct25App
MV,repo_search,Model View;Model-View,1235649971,aleem219/LoginWithCombine,LoginWithCombine,"This repository provides a reference implementation for performing REST API calls — including GET and POST methods — within a SwiftUI application. It demonstrates the use of Apple's Combine framework for reactive data handling, structured according to clean Model-View-ViewModel (MVVM) architectural principles.",,0,0,0,0,Swift,2026-05-11T14:22:10Z,2026-05-11T14:27:19Z,https://github.com/aleem219/LoginWithCombine
MV,repo_search,Model View;Model-View,745926711,Jaime-A-Perez/iOSAppTimetonic,iOSAppTimetonic,"📱This is a native iOS application developed in SwiftUI, employing the Model-View-ViewModel (MVVM) architecture. It's designed to provide a seamless and intuitive user experience, adhering to Apple's Human Interface Guidelines. This application allows users to log in using Timetonic's public API and view a list of books associated with their accoun",,0,0,0,0,Swift,2024-01-20T15:15:23Z,2024-02-11T00:54:18Z,https://github.com/Jaime-A-Perez/iOSAppTimetonic
MV,repo_search,Model View;Model-View,1193753426,55kt/DoctorApp,DoctorApp,"A SwiftUI practice project — UI implementation of a doctor appointment app based on a Figma design. Built following the MVVM architecture pattern with a clean project structure (Models, Views, ViewModels). This is a learning project focused on layout, structure, and architecture — no backend involved.",,0,0,0,0,Swift,2026-03-27T14:47:11Z,2026-04-02T17:27:29Z,https://github.com/55kt/DoctorApp
MV,repo_search,Model View;Model-View,1023563459,cansuozdizlekli/MobvenYoungTalentSwiftUI2025,MobvenYoungTalentSwiftUI2025,"mobvenyoungtalentswiftui2025 is a SwiftUI demo app built exclusively with the MVVM pattern. It fetches a single TODO item from https://jsonplaceholder.typicode.com/todos/1. Tap “Fetch Data” to see how the Model, View, and ViewModel layers collaborate to request, decode, and display the task.",,0,0,0,0,Swift,2025-07-21T10:53:39Z,2025-07-21T10:54:36Z,https://github.com/cansuozdizlekli/MobvenYoungTalentSwiftUI2025
MV,repo_search,Model View;Model-View,957427720,keshavsaini2218/ToDoList,ToDoList,"This is a simple yet efficient To-Do List iOS application built using Swift and SwiftUI, following the MVVM (Model-View-ViewModel) architecture. The app allows users to add, edit, delete, and mark tasks as completed, ensuring a smooth and user-friendly task management experience.",,0,0,0,0,Swift,2025-03-30T10:53:59Z,2025-03-30T11:00:59Z,https://github.com/keshavsaini2218/ToDoList
MV,repo_search,Model View,624404479,vitaliydragun2/MVVMExample,MVVMExample,"An example of MVVM architecture using SwiftUI and Combine. Another prominent feature is the ability to swap models and views without having to relaunch application. The project is fully working out of the box, just download and compile. It downloads images from my Flickr and Unsplash accounts",,0,0,0,0,Swift,2023-04-06T11:51:46Z,2023-04-09T14:47:14Z,https://github.com/vitaliydragun2/MVVMExample
MV,repo_search,Model View,1210931188,MohamedJaber/RickyAndMorty,RickyAndMorty,"This project is a SwiftUI iOS app for browsing Rick and Morty data from the public API. It uses a simple MVVM structure, has three main tabs for characters, locations, and episodes, and includes detail screens, pagination, async networking, caching, and testable view models with a mock network layer",,0,0,0,0,Swift,2026-04-14T22:47:25Z,2026-04-20T22:03:39Z,https://github.com/MohamedJaber/RickyAndMorty
MV,repo_search,Model View;Model-View,859262036,Rahul-1993/WeatherAppExercise,WeatherAppExercise,"A simple weather forecasting app built using SwiftUI, following the MVVM-C (Model-View-ViewModel-Coordinator) architecture pattern. The app fetches weather data from the OpenWeatherMap API and displays it in a user-friendly interface. Users can search for weather details by city or fetch weather information using their current location.",,0,0,0,0,Swift,2024-09-18T11:16:33Z,2024-10-21T16:28:21Z,https://github.com/Rahul-1993/WeatherAppExercise
MV,repo_search,Model View,1055705455,Ahmed-Hamam94/WWDC25Demo,WWDC25Demo,"WWDC25Demo is a modern SwiftUI demo application showcasing multi-tab navigation and integration with a language model for generating positive quotes. The app demonstrates the use of navigation stacks, custom tab bar behavior, and glass effect UI styling introduced in recent iOS releases. Users can view random numbers, access a quote generator.",,0,0,0,0,Swift,2025-09-12T17:09:09Z,2025-09-12T17:55:23Z,https://github.com/Ahmed-Hamam94/WWDC25Demo
MV,repo_search,Model View;Model-View,987513303,davenkarim/ADAKantin,ADAKantin,"ADA Kantin is a fully offline iOS app developed using Swift and SwiftUI, now refactored with a Model-View-ViewModel (MVVM) architecture. It helps learners at the Apple Developer Academy @ BINUS Tangerang (GOP 9) quickly discover and decide which meals to eat — enhanced with Siri and Shortcuts integration for hands-free experience.",,1,0,1,0,Swift,2025-05-21T07:26:10Z,2026-04-12T23:56:49Z,https://github.com/davenkarim/ADAKantin
MV,repo_search,Model View;Model-View,732929477,onincodes/ToDoListFeature,ToDoListFeature,"This project showcases a sleek To-Do list app concept with a focus on drag-and-drop functionality. Built using SwiftUI and CoreData and following the MVVM (Model-View-ViewModel) architecture, this app is designed to demonstrate my proficiency in creating intuitive user interfaces and leveraging the CoreData framework for local data storage.",,0,0,0,0,Swift,2023-12-18T07:23:33Z,2023-12-18T09:20:58Z,https://github.com/onincodes/ToDoListFeature
MV,repo_search,Model View;Model-View,710399639,Elaidzha1940/TodoListApp,TodoListApp,Build  a To-Do List from scratch using SwiftUI with a MVVM architecture pattern.  I also incorporate UserDefaults into the application to save and persist data between sessions.   Implemented MVVM architecture into an app and have a 100% complete app that could be submitted to the App Store!  MVVM stands for Model-View-ViewModel. ,,0,0,0,0,Swift,2023-10-26T16:02:22Z,2023-10-26T16:02:44Z,https://github.com/Elaidzha1940/TodoListApp
MV,repo_search,Model View,516218833,kenkarimi/Landmarks,Landmarks,A SwiftUI app that lists landmarks and their details using modeled data from a json file and also allows us to view these locations on a map. You can toggle a button to show only your favourite locations on the list or add/remove locations to your favourite list. Also includes a bit of swift graphics.,,0,0,0,0,Swift,2022-07-21T04:03:43Z,2022-07-21T04:19:20Z,https://github.com/kenkarimi/Landmarks
MV,readme_search,Model View,1123782434,gonzalezreal/textual,textual,Render and customize rich attributed text in SwiftUI,,0,0,0,0,,,,https://github.com/gonzalezreal/textual
MV,readme_search,Model View,1052370610,armin976/noema-ios,noema-ios,Noema iOS app source files,,0,0,0,0,,,,https://github.com/armin976/noema-ios
MV,readme_search,Model View,223523965,rakesthedon/Github-SwifUI,Github-SwifUI,,,0,0,0,0,,,,https://github.com/rakesthedon/Github-SwifUI
MV,readme_search,Model View,1142055409,Bansextus/Tahera-343B-V1-3,Tahera-343B-V1-3,Full Repository of the 343B vex robotics team changelog and pros projects,,0,0,0,0,,,,https://github.com/Bansextus/Tahera-343B-V1-3
MV,readme_search,Model View,1179832865,rachmatjackly/codex-thread-management,codex-thread-management,,,0,0,0,0,,,,https://github.com/rachmatjackly/codex-thread-management
MV,readme_search,Model View,602476120,davidmansourian/CodingTestHedvig,CodingTestHedvig,,,0,0,0,0,,,,https://github.com/davidmansourian/CodingTestHedvig
MV,readme_search,Model View,1169458167,chrn11/legado-ios,legado-ios,Legado iOS project with GitHub Actions CI,,0,0,0,0,,,,https://github.com/chrn11/legado-ios
MV,readme_search,Model View,572872339,hamed8080/Talk,Talk,A sample application to show the best practice of Chat and Async SDKs.,,0,0,0,0,,,,https://github.com/hamed8080/Talk
MV,readme_search,Model View,1124597358,sorty-organizer/Sorty,Sorty,Sorty: The FOSS AI File Organiser ,,0,0,0,0,,,,https://github.com/sorty-organizer/Sorty
MV,readme_search,Model View,827250984,UMC-README/front-ios,front-ios,,,0,0,0,0,,,,https://github.com/UMC-README/front-ios
MV,readme_search,Model View,1150343551,hrayleung/Jin,Jin,MacOS native ChatBot that just works.,,0,0,0,0,,,,https://github.com/hrayleung/Jin
MV,readme_search,Model View,538028026,mui-z/GithubRepoSearcher-FlowRouter,GithubRepoSearcher-FlowRouter,SwiftUI FlowRouter ,,0,0,0,0,,,,https://github.com/mui-z/GithubRepoSearcher-FlowRouter
MV,readme_search,Model View,1183548800,zerolabsco/hutch,hutch,an ios client for sourcehut,,0,0,0,0,,,,https://github.com/zerolabsco/hutch
MV,readme_search,Model View,1014137894,blebrun001/Integrated-Photogrammetry-Assistant,Integrated-Photogrammetry-Assistant,Integrated Photogrammetry Assistant,,0,0,0,0,,,,https://github.com/blebrun001/Integrated-Photogrammetry-Assistant
MV,readme_search,Model View,410333649,SebastianDanson/Saylo,Saylo,,,0,0,0,0,,,,https://github.com/SebastianDanson/Saylo
MV,readme_search,Model View,1124933135,shipshitdev/meterbar.app,meterbar.app,Track your AI coding assistant usage limits from the macOS menu bar,,0,0,0,0,,,,https://github.com/shipshitdev/meterbar.app
MV,readme_search,Model View,632826313,msasikanth/twine,twine,Twine: A multiplatform RSS reader built using Kotlin and Compose,,0,0,0,0,,,,https://github.com/msasikanth/twine
MV,readme_search,Model View,953065829,DSWU-UMC-8th/UMC-8th-Jade,UMC-8th-Jade,,,0,0,0,0,,,,https://github.com/DSWU-UMC-8th/UMC-8th-Jade
MV,readme_search,Model View,750239490,COD3COZY/ReadingFrame-iOS,ReadingFrame-iOS,"책을 기록하기에 가장 적합한 틀, ReadingFrame iOS",,0,0,0,0,,,,https://github.com/COD3COZY/ReadingFrame-iOS
MV,readme_search,Model View,912195868,THD-94/NewsApp,NewsApp,IOS with SwiftUI,,0,0,0,0,,,,https://github.com/THD-94/NewsApp
MV,readme_search,Model View,1046554536,jedisct1/ipcrypt-swift,ipcrypt-swift,Swift implementation of IP address encryption methods (ipcrypt),,0,0,0,0,,,,https://github.com/jedisct1/ipcrypt-swift
MV,readme_search,Model View,1142684659,yipihey/impress-apps,impress-apps,,,0,0,0,0,,,,https://github.com/yipihey/impress-apps
MV,readme_search,Model View,965506711,zxcvbnmzsedr/devhaven,devhaven,,,0,0,0,0,,,,https://github.com/zxcvbnmzsedr/devhaven
MV,readme_search,Model View,1207728633,gradpath-app/textual,textual,,,0,0,0,0,,,,https://github.com/gradpath-app/textual
MVVM,repo_search,MVVM,218088093,nalexn/clean-architecture-swiftui,clean-architecture-swiftui,"SwiftUI sample app using Clean Architecture. Examples of working with SwiftData persistence, networking, dependency injection, unit testing, and more.","architecture,clean-architecture,cleanarchitecture,demo,example-project,interactor,mvvm,sample,swift,swift-data,swift-testing,swiftdata,swiftui,swiftui-example,viewinspector",6541,812,6541,20,Swift,2019-10-28T16:00:51Z,2026-05-12T11:20:10Z,https://github.com/nalexn/clean-architecture-swiftui
MVVM,repo_search,MVVM,203359838,kudoleh/iOS-Clean-Architecture-MVVM,iOS-Clean-Architecture-MVVM,"Template iOS app using Clean Architecture and MVVM. Includes DIContainer, FlowCoordinator, DTO, Response Caching and one of the views in SwiftUI ","architecture,clean-architecture,ios-swift,mvvm,mvvm-architecture,mvvm-ios,swiftui,viewmodel,viewmodels,xcode",4365,725,4365,10,Swift,2019-08-20T11:11:19Z,2026-05-12T06:34:00Z,https://github.com/kudoleh/iOS-Clean-Architecture-MVVM
MVVM,repo_search,MVVM,96780778,eleev/ios-learning-materials,ios-learning-materials,"📚 Curated list of articles, tutorials and repos that may help you dig a little bit deeper into iOS [and Apple Platforms].","arkit,article,awesome-list,clean-code,combine,coreml,coreml-framework,curated-list,design-patterns,ios,learning,metal,mvvm,scenekit,spritekit,swift,swiftui,tutorial,uikit,xcode",3051,393,3051,2,Swift,2017-07-10T13:30:11Z,2026-05-11T02:11:40Z,https://github.com/eleev/ios-learning-materials
MVVM,repo_search,MVVM,324267700,pakerwreah/Calendr,Calendr,Menu bar calendar for macOS - MVVM | RxSwift | AppKit | SwiftUI,"agenda,calendar,events,macos,meetings,menubar,mvvm,productivity,reminders,rxswift,schedule,work",2217,88,2217,6,Swift,2020-12-25T01:53:36Z,2026-05-11T12:15:41Z,https://github.com/pakerwreah/Calendr
MVVM,repo_search,MVVM,340845988,rundfunk47/stinsen,stinsen,"Coordinators in SwiftUI. Simple, powerful and elegant.","coordinator,coordinator-pattern,coordinators,ios,macos,macosx,mvvm,mvvm-c,swift,swift-library,swift5,swiftui,tvos,watchos",958,109,958,43,Swift,2021-02-21T07:43:58Z,2026-05-01T22:26:33Z,https://github.com/rundfunk47/stinsen
MVVM,repo_search,MVVM,190473015,kitasuke/SwiftUI-MVVM,SwiftUI-MVVM,Sample iOS project built by SwiftUI + MVVM and Combine framework using GitHub API,,806,78,806,1,Swift,2019-06-05T21:46:32Z,2026-05-11T05:20:41Z,https://github.com/kitasuke/SwiftUI-MVVM
MVVM,repo_search,MVVM,107319016,VergeGroup/swift-verge,swift-verge,"🟣 A robust Swift state-management framework designed for complex applications, featuring an integrated ORM for efficient data handling.","data-driven,dispatcher,flux,ios,memoization,mvvm,performance-monitoring,redux,rxswift,state-shape,state-tree,store-pattern,swift,swiftui,uikit,verge,vuex",801,40,801,9,Swift,2017-10-17T20:15:00Z,2026-05-04T01:25:28Z,https://github.com/VergeGroup/swift-verge
MVVM,repo_search,MVVM,334569269,sameersyd/Expenso-iOS,Expenso-iOS,"A Simple Expense Tracker App built to demonstrate the use of SwiftUI, CoreData, Charts, Biometrics (Face & Touch ID), Export CSV and MVVM Architecture.","biometrics,charts,coredata,expense-tracker,export-csv,faceid,figma,hacktoberfest,ios,ios-app,ios14,material-design,mvvm,mvvm-architecture,sameersyd,swift,swiftui,touchid,ui-design,xcode",743,98,743,7,Swift,2021-01-31T04:08:06Z,2026-05-10T15:49:37Z,https://github.com/sameersyd/Expenso-iOS
MVVM,repo_search,MVVM,221225972,QuickBirdEng/SwiftUI-Architectures,SwiftUI-Architectures,"Three different architectures (Model-View, Redux, MVVM) for using SwiftUI implemented at the example of a chat app","architectural-patterns,architecture,ios,ios-swift,ios-ui,model-view,redux,swift,swiftui,swiftui-example,swiftui-mvvm",692,56,692,3,Swift,2019-11-12T13:35:52Z,2026-04-24T17:18:36Z,https://github.com/QuickBirdEng/SwiftUI-Architectures
MVVM,repo_search,MVVM,282316089,jasonjrr/MVVM.Demo.SwiftUI,MVVM.Demo.SwiftUI,,,649,50,649,0,Swift,2020-07-24T21:06:52Z,2026-05-08T16:08:55Z,https://github.com/jasonjrr/MVVM.Demo.SwiftUI
MVVM,repo_search,MVVM,246861001,V8tr/ModernMVVM,ModernMVVM,"A movie iOS app built with the MVVM architecture, Combine and SwiftUI frameworks https://www.vadimbulavin.com/modern-mvvm-ios-app-architecture-with-combine-and-swiftui/.","combine,ios,mvvm,swift,swiftui",473,41,473,7,Swift,2020-03-12T14:53:38Z,2026-04-14T23:01:24Z,https://github.com/V8tr/ModernMVVM
MVVM,repo_search,MVVM,221362858,tuan188/CleanArchitecture,CleanArchitecture,Clean Architecture with Combine + SwiftUI,"clean-architecture,combine,dto,functional-reactive-programming,ios,mvvm,protocol-oriented-programming,swift,swiftui,unit-testing",372,56,372,1,Swift,2019-11-13T03:17:19Z,2026-04-09T03:32:02Z,https://github.com/tuan188/CleanArchitecture
MVVM,repo_search,MVVM,388441602,mouredev/Twitimer-iOS,Twitimer-iOS,App iOS correspondiente al proyecto twitimer.com de la comunidad MoureDev,"ios,ios-app,ios-swift,mvvm,mvvm-architecture,mvvm-ios,swift,swiftui,tutorial,xcode",315,49,315,0,Swift,2021-07-22T11:42:12Z,2026-04-25T23:51:32Z,https://github.com/mouredev/Twitimer-iOS
MVVM,repo_search,MVVM,304237810,lagoueduCol/iOS-linyongjian,iOS-linyongjian,A WeChat-like iOS app using MVVM and RxSwift. Also implemented two separate UI layers using UIKit and SwiftUI without changing any other layers.,"ios,swift",267,102,267,6,Swift,2020-10-15T07:00:04Z,2026-04-03T21:17:15Z,https://github.com/lagoueduCol/iOS-linyongjian
MVVM,repo_search,MVVM,343688789,sameersyd/Wiggles-iOS,Wiggles-iOS,Beautiful Puppy adoption app built to Demonstrate the SwiftUI and MVVM Architecture,"androiddevchallenge,dark-theme,figma,ios,ios-app,ios14,material-design,mvvm,mvvm-architecture,puppy,sameersyd,swift,swiftui,ui-design,wiggles,xcode",251,40,251,0,Swift,2021-03-02T07:49:52Z,2026-05-11T13:00:38Z,https://github.com/sameersyd/Wiggles-iOS
MVVM,repo_search,MVVM,385093461,hollyoops/RecoilSwift,RecoilSwift,"A New, Functional, Modern Reactive State Management Library for UIKit and SwiftUI (The iOS implementation of Recoil)","functional-programming,ios,mvvm,recoil,redux,reswift,state-mangement,swift,swiftui,tca",241,6,241,0,Swift,2021-07-12T01:39:46Z,2025-12-10T05:41:54Z,https://github.com/hollyoops/RecoilSwift
MVVM,repo_search,MVVM,368056656,huynguyencong/SwiftUI-MVVM-C,SwiftUI-MVVM-C,"An iOS template project using SwiftUI, Combine and MVVM-C software architecture","combine,coordinator,mvvm,swiftui",200,29,200,1,Swift,2021-05-17T04:40:51Z,2026-05-12T10:05:24Z,https://github.com/huynguyencong/SwiftUI-MVVM-C
MVVM,repo_search,MVVM,369757818,sameersyd/Skailer,Skailer,Beautiful Music Player app built using SwiftUI to demonstrate Neumorphic design pattern and MVVM architecture.,"dark-theme,figma,ios,ios-app,material-design,mvvm,mvvm-architecture,neumorphic-ui,neumorphism,sameersyd,skailer,skeuomorphic,skeuomorphism,swift,swiftui,ui-design,xcode",191,18,191,0,Swift,2021-05-22T08:37:22Z,2026-04-23T09:21:26Z,https://github.com/sameersyd/Skailer
MVVM,repo_search,MVVM,662509373,mohanedy/swifty-marvel,swifty-marvel,A SwiftUI app to showcase my iOS development skills ( Clean Architecture  + MVVM + CoreData + Swinject + Async Await + Unit Testing + Arkana + Mockingbird + CI Pipeline ),"clean-architecture,clean-code,codecov,combine,github-actions,ios,marvel-api,mvvm,swift,swiftui,swinject,unit-testing",171,13,171,0,Swift,2023-07-05T09:35:42Z,2026-04-20T14:31:42Z,https://github.com/mohanedy/swifty-marvel
MVVM,repo_search,MVVM,477761375,maxhumber/BreadBuddy,BreadBuddy,Recipe scheduler for iOS,"cadi,ios,ios-app,mvvm,swift,swiftui,swiftui-example",160,7,160,1,Swift,2022-04-04T15:28:40Z,2026-05-03T18:52:36Z,https://github.com/maxhumber/BreadBuddy
MVVM,repo_search,MVVM,108067923,fimuxd/GITGET,GITGET,GitHub의 Contributions를 iOS의 Widget으로 보여주는 App,"combine,contributions,gitget,github,ios,ios-swift,mvvm,oauth2,rxcocoa,rxswift,swift,swiftui,today-extension,widget,widgetkit",156,20,156,3,Swift,2017-10-24T02:39:14Z,2026-04-15T00:57:55Z,https://github.com/fimuxd/GITGET
MVVM,repo_search,MVVM,1119662514,cliffordh/swiftui-indie-stack,swiftui-indie-stack,A modern SwiftUI Starter Template based on a production iOS mobile app. Designed with performance and best practices in mind to help new and experienced iOS developers bootstrap their app development with vetted solutions.,"boilerplate,firebase-auth,indie-dev,ios-swift,ios-swiftui,mvvm,revenuecat,starter-template,swiftui,swiftui-demo,swiftui-framework,telemetrydeck,vibecoding",154,23,154,0,Swift,2025-12-19T16:27:59Z,2026-05-12T08:14:11Z,https://github.com/cliffordh/swiftui-indie-stack
MVVM,repo_search,MVVM,370168841,SwiftfulThinking/SwiftUI-Crypto-MVVM-CoreData-Combine,SwiftUI-Crypto-MVVM-CoreData-Combine,"Full source code for the SwiftUI Crypto App. The complete tutorial is available for free on my YouTube channel @SwiftfulThinking. The project uses MVVM Architecture, CoreData and Combine. Live cryptocurrency data is downloaded from CoinGecko API.",,153,22,153,1,Swift,2021-05-23T22:22:22Z,2026-04-15T08:17:27Z,https://github.com/SwiftfulThinking/SwiftUI-Crypto-MVVM-CoreData-Combine
MVVM,repo_search,MVVM,1209350807,Lcharvol/MacSift,MacSift,"Transparent macOS disk cleaner — groups files by app, moves to Trash (never permanent). SwiftUI + Liquid Glass, built for macOS Tahoe.","cleanup,disk-cleaner,liquid-glass,macos,macos-tahoe,mvvm,native-app,swift,swiftui",150,4,150,0,Swift,2026-04-13T10:41:30Z,2026-05-11T11:13:27Z,https://github.com/Lcharvol/MacSift
MVVM,repo_search,MVVM,383234918,sameersyd/BoxFeed,BoxFeed,"News App 📱 built to demonstrate the use of SwiftUI 3 features, Async/Await, CoreData and MVVM architecture pattern.","codeable,coredata,figma,hacktoberfest,ios,ios15,material-design,mvvm,mvvm-architecture,news,newsapi,newsapp,sameersyd,swift,swiftui,swiftui3,ui-design,xcode",143,16,143,0,Swift,2021-07-05T18:41:28Z,2026-04-15T02:01:51Z,https://github.com/sameersyd/BoxFeed
MVVM,repo_search,MVVM,748365070,felilo/SUICoordinator,SUICoordinator,"Navigation coordinators for SWiftUI. Simple, powerful and elegant.","architecture-components,composition-root,coordinator-pattern,mvvm,mvvm-c,navigation-stack,swift,swiftui,tca,viper",137,9,137,0,Swift,2024-01-25T20:23:24Z,2026-05-02T21:37:34Z,https://github.com/felilo/SUICoordinator
MVVM,repo_search,MVVM,1018596023,brillcp/PokedexUI,PokedexUI,"A simple Pokedex app written in SwiftUI that implements the PokeAPI, using Swift Concurrency, MVVM architecture and pagination","app,architecture,await-async,concurrency,ios,ios-swift,mvvm,mvvm-architecture,mvvm-ios,pagination,pokeapi,pokedex,pokemon,pokemon-api,swift,swift-concurrency,swiftdata,swiftui",124,6,124,0,Swift,2025-07-12T15:50:57Z,2026-05-12T17:09:13Z,https://github.com/brillcp/PokedexUI
MVVM,repo_search,MVVM,191690453,contirobert/Weather-SwiftUI,Weather-SwiftUI,A weather app that uses the Dark Sky API built using SwiftUI! Get the current weather for a particular location and check out the 5-day forecast!,"api,bindableobject,gradient,json,mvvm,stacks,swift,swiftui,weather",118,18,118,5,Swift,2019-06-13T04:25:30Z,2025-09-05T01:17:18Z,https://github.com/contirobert/Weather-SwiftUI
MVVM,repo_search,MVVM,343415847,QuickBirdEng/XUI,XUI,"XUI makes modular, testable architectures for SwiftUI apps a breeze!","app-architecture,architecture,ios,mvvm,mvvm-c,state,state-management,swift,swift-ui,swiftui",118,15,118,4,Swift,2021-03-01T12:54:10Z,2024-10-04T16:16:26Z,https://github.com/QuickBirdEng/XUI
MVVM,repo_search,MVVM,877223606,RobertDresler/SwiftUINavigation,SwiftUINavigation,Framework for Implementing Clean Navigation in SwiftUI,"clean,coordinator,deeplink,ios,modular,modular-architecture,mvvm,navigation,navigationmodel,navigationstack,navigationview,presenting,router,routing,separation-of-concerns,swift,swiftui,swiftui-navigation,tabview,xcode",114,9,114,11,Swift,2024-10-23T09:51:14Z,2026-05-01T05:39:16Z,https://github.com/RobertDresler/SwiftUINavigation
MVVM,repo_search,MVVM,654217912,hoangatuan/iMovie,iMovie,A SwiftUI project that apply Modular Architect & Clean Architect & MVVM-C. ,"clean-architecture,modular-architecture,mvvm,swiftui",112,11,112,8,Swift,2023-06-15T16:25:20Z,2026-04-21T02:03:42Z,https://github.com/hoangatuan/iMovie
MVVM,repo_search,MVVM,637045640,kudoleh/iOS-Clean-Architecture-MVVM-Views-In-Code,iOS-Clean-Architecture-MVVM-Views-In-Code,"Template iOS app using Clean Architecture, MVVM and Views written in code. Includes DIContainer, FlowCoordinator, DTO, Response Caching and one of the views in SwiftUI ",,105,10,105,1,Swift,2023-05-06T10:38:44Z,2026-05-12T10:06:20Z,https://github.com/kudoleh/iOS-Clean-Architecture-MVVM-Views-In-Code
MVVM,repo_search,MVVM,496131183,mouredev/Memory-Game,Memory-Game,Resolución reto de programación mensual Rviewer x MoureDev (Mayo 2022),"dark-mode,ios,ios-app,ios-swift,mvvm,mvvm-architecture,mvvm-ios,swift,swiftui,xcode",97,2,97,0,Swift,2022-05-25T07:42:59Z,2026-04-14T23:46:47Z,https://github.com/mouredev/Memory-Game
MVVM,repo_search,MVVM,1177129787,YuriCernov/swiftui-app-template,swiftui-app-template,"Production-ready SwiftUI app template (MVVM, Navigation, Networking, Storage, DI)","ios,mvvm-architecture,swift,swiftui,template",92,17,92,0,Swift,2026-03-09T18:13:57Z,2026-05-12T14:42:13Z,https://github.com/YuriCernov/swiftui-app-template
MVVM,repo_search,MVVM,592182093,mehrankmlf/EasyCrypto,EasyCrypto,Clean Architecture and MVVM + Coordinator and Combine ,"api,apimanager,architecture,clean-architecture,combine,coredata,coredata-swiftui,dependency-injection,ios,ios-app,ios-open-source,mvvm-architecture,swift,swift5,swiftui,swiftui-example,swiftui-learning,unit-testing,viewmodel",91,11,91,0,Swift,2023-01-23T06:02:29Z,2026-04-11T17:33:52Z,https://github.com/mehrankmlf/EasyCrypto
MVVM,repo_search,MVVM,593097277,Yoddikko/yoddChatGPT,yoddChatGPT,"This app uses the OpenAISwift library, ChatGPTSwift library and OpenAI library to communicate with the popular ChatGPT artificial intelligence. The app allows you to have a quick message exchange with a simple and clean interface, but with useful features.","chat,chatbot,chatgpt,chatgpt3,dall-e,image-generation,ios,ipad,ipados,mit-license,mvvm,mvvm-architecture,mvvm-pattern,openai,openaiswift,swift,swift5,swiftlint,swiftlint-config,swiftui",89,12,89,1,Swift,2023-01-25T08:23:19Z,2026-03-03T02:01:36Z,https://github.com/Yoddikko/yoddChatGPT
MVVM,repo_search,MVVM,250414951,MeTazz1/SwiftUI-Template-MVVM,SwiftUI-Template-MVVM,"A ready-to-use SwiftUI MVVM template to use when creating a new project, including Core Data and standard App Configuration",,82,13,82,1,Swift,2020-03-27T01:46:44Z,2025-12-27T05:16:34Z,https://github.com/MeTazz1/SwiftUI-Template-MVVM
MVVM,repo_search,MVVM,264790120,nickm01/NavigationFlow,NavigationFlow,iOS Multi-Screen Data Entry Flow with SwiftUI and MVVM,"navigation,swift,swiftui",80,6,80,0,Swift,2020-05-18T01:09:31Z,2025-08-01T12:11:06Z,https://github.com/nickm01/NavigationFlow
MVVM,repo_search,MVVM,541942594,MostafaNafie/swiftui-mvvm-di,swiftui-mvvm-di,A Modular SwiftUI iOS app with MVVM architecture utilizing IoC and DI.,"coordinator-pattern,dependency-injection,ios,modular,modularization,mvvm,search,swift,swiftui,swinject",79,11,79,1,Swift,2022-09-27T06:47:29Z,2026-03-14T11:34:38Z,https://github.com/MostafaNafie/swiftui-mvvm-di
MVVM,repo_search,MVVM,311387736,matteom/HackerNews,HackerNews,A sample app to illustrate the MVVM in iOS apps with SwiftUI,"app,app-development,architectural-patterns,architecture,hacker-news,ios,ios-app,iosdev,iosdeveloper,iosdevelopment,mvvm,mvvm-architecture,mvvm-pattern,mvvm-sample,swift,swiftui,swiftui-example",78,14,78,1,Swift,2020-11-09T15:48:54Z,2026-02-28T01:09:04Z,https://github.com/matteom/HackerNews
MVVM,repo_search,MVVM,200501113,Oztechan/iosCCC,iosCCC,":moneybag: A Currency Converter & Calculator IOS application to check, convert and calculate to popular currencies to your favorite ones.","calculator,combine,coredata,coredata-swift,currencies,ios,mvvm,swift,swiftui,userdefaults",73,11,73,0,Swift,2019-08-04T14:13:44Z,2025-05-19T21:33:14Z,https://github.com/Oztechan/iosCCC
MVVM,repo_search,MVVM,517418740,alexdremov/PathPresenter,PathPresenter,Pure SwiftUI state-driven library to present view sequences and hierarchies.,"architecture,ios,ios-swift,ios-ui,mvvm,routing,swift,swift-package-manager,swift-ui,swiftui,swiftui-animations,swiftui-demo,swiftui-example,swiftui-framework",72,3,72,0,Swift,2022-07-24T19:32:08Z,2026-03-14T10:50:58Z,https://github.com/alexdremov/PathPresenter
MVVM,repo_search,MVVM,345203280,SwiftfulThinking/SwiftUI-Todo-List-MVVM-UserDefaults,SwiftUI-Todo-List-MVVM-UserDefaults,Full source code for the SwiftUI Todo List. The complete tutorial is available for free on my YouTube channel @SwiftfulThinking. The project uses MVVM architecture and UserDefaults to persist data.,,71,13,71,0,Swift,2021-03-06T21:55:07Z,2025-08-19T11:25:13Z,https://github.com/SwiftfulThinking/SwiftUI-Todo-List-MVVM-UserDefaults
MVVM,repo_search,MVVM,588840940,sergeyleschev/social-network,social-network, Social Network in SwiftUI with MVVM (Mobile + Back). Firebase for Login/Register. @ S. Leschev. Google Engineering Level: L6+,"firebase,ios,mvvm,social-network,swift,swift-package-manager,swiftui,swiftui-framework,ui-components",68,7,68,0,Swift,2023-01-14T07:30:47Z,2025-12-03T19:43:10Z,https://github.com/sergeyleschev/social-network
MVVM,repo_search,MVVM,209666691,giftbott/MVVM-in-SwiftUI,MVVM-in-SwiftUI,MVVM in SwiftUI (WWDC Player),"mvvm,swiftui,swiftuiexample,wwdcplayer",66,8,66,0,Swift,2019-09-19T23:39:27Z,2026-02-25T20:58:28Z,https://github.com/giftbott/MVVM-in-SwiftUI
MVVM,repo_search,MVVM,192929105,PPacie/CombineBookSearch,CombineBookSearch,SwiftUI + Combine + MVVM - Book search example,,65,6,65,0,Swift,2019-06-20T13:53:56Z,2025-09-30T20:24:55Z,https://github.com/PPacie/CombineBookSearch
MVVM,repo_search,MVVM,727694094,rushisangani/SwiftMVVMDemo,SwiftMVVMDemo,Swift + MVVM + XCTests + SOLID + SwiftPackage,"async-await,combine,combine-framework,coordinator-pattern,ios-swift,mvvm-architecture,mvvm-ios,solid-principles,swift,swiftpackage,swiftui,swiftui-example,unittest,xctests",65,14,65,0,Swift,2023-12-05T11:38:46Z,2026-04-23T21:27:10Z,https://github.com/rushisangani/SwiftMVVMDemo
MVVM,repo_search,MVVM,215071889,fimuxd/BringMyOwnBeer-Combine,BringMyOwnBeer-Combine,👈 이 녀석을 Combine+SwiftUI로 구현해보는 예제 (Let'Swift 2019),"banksalad,brewdog,combine,combine-framework,ios,letswift,mvvm,punkapi,rainist,swift5,swiftui,xcode11",65,8,65,0,Swift,2019-10-14T14:56:26Z,2024-07-07T17:36:53Z,https://github.com/fimuxd/BringMyOwnBeer-Combine
MVVM,repo_search,MVVM,817589486,nazmulkp/Clean-Architecture-Swiftui-MVVM,Clean-Architecture-Swiftui-MVVM,"SwiftUI sample app using Clean Architecture. Examples of working with local and remote data, dependency injection, unit testing, and more.","clean-architecture,dependency-injection,ios,modularity,mvvm,mvvm-architecture,swift,swiftui",59,10,59,0,Swift,2024-06-20T03:43:08Z,2026-04-25T10:28:55Z,https://github.com/nazmulkp/Clean-Architecture-Swiftui-MVVM
MVVM,repo_search,MVVM,202471445,marty-suzuki/Ricemill,Ricemill,🌾 ♻️ 🍚 Unidirectional Input / Output framework with Combine. Supports both of SwiftUI and UIKit.,"combine,mvvm,swift,swiftui",59,2,59,0,Swift,2019-08-15T04:00:39Z,2026-03-14T16:52:42Z,https://github.com/marty-suzuki/Ricemill
MVVM,repo_search,MVVM,299386599,nalexn/uikit-swiftui,uikit-swiftui,UIKit to SwiftUI migration sample project built with MVVM-R,"locks-and-keys,mvvm,mvvm-r,swiftui,uikit",58,11,58,0,Swift,2020-09-28T17:43:10Z,2026-01-22T13:23:08Z,https://github.com/nalexn/uikit-swiftui
MVVM,repo_search,MVVM,242413689,denissimon/iOS-MVVM-Clean-Architecture,iOS-MVVM-Clean-Architecture,Example iOS app designed using MVVM-C and Clean Architecture. Uses Swift Concurrency.,"app,architecture,async-await,clean-architecture,clean-code,coordinator,demo-app,interactor,ios,ios-app,mvvm,mvvm-architecture,mvvm-c,sqlite,swift,swift-concurrency,swift6,swiftui,viewmodel,xcode",58,12,58,0,Swift,2020-02-22T21:23:56Z,2026-04-07T09:05:25Z,https://github.com/denissimon/iOS-MVVM-Clean-Architecture
MVVM,repo_search,MVVM,567665729,barisozgenn/YoutubeMusicClone-SwiftUI-UIKit,YoutubeMusicClone-SwiftUI-UIKit,"SwiftUI & UIKit - YouTube Music Clone - iOS 16 MVVM, Firebase Store, Bottom Sheet, Sheet Animations","apple-music,bottom-sheet,firestore,ios16,spotify,swift-animation,swiftui,swiftui-animation,uikit,youtube,youtube-music",57,12,57,0,Swift,2022-11-18T09:42:57Z,2026-04-20T20:15:06Z,https://github.com/barisozgenn/YoutubeMusicClone-SwiftUI-UIKit
MVVM,repo_search,MVVM,687030701,stolyarenkoks/Dynamic-Island-SwiftUI-Demo,Dynamic-Island-SwiftUI-Demo,Dynamic Island Avatar Transition like Telegram App,"animation,dynamicisland,ios,mvvm,swift,swiftui,telegram,transition",55,2,55,0,Swift,2023-09-04T13:03:41Z,2026-05-10T13:39:48Z,https://github.com/stolyarenkoks/Dynamic-Island-SwiftUI-Demo
MVVM,repo_search,MVVM,1073475562,gahntpo/GhibliSwiftUIApp,GhibliSwiftUIApp,"SwiftUI app with async/await, Observation feature,  MVVM + service layer, iOS 26, Xcode 26","async-await,networking,rest-api,swiftconcurrency,swiftui,swiftui-demo,swiftui-example",52,9,52,1,Swift,2025-10-10T07:02:43Z,2026-05-10T02:20:04Z,https://github.com/gahntpo/GhibliSwiftUIApp
MVVM,repo_search,MVVM,482771833,gahntpo/CoordinatorProject,CoordinatorProject,Demonstrates the Coordinator pattern for an iOS project that included UIKit and SwiftUI screens,"architecture,coordinator-pattern,ios,ios-app,mvvm,mvvm-architecture,mvvm-pattern,swiftui,swiftui-together-with-uikit,uikit",50,15,50,0,Swift,2022-04-18T08:27:25Z,2025-11-03T15:33:21Z,https://github.com/gahntpo/CoordinatorProject
MVVM,repo_search,MVVM,381460066,zafarivaev/swiftui-mvvm-clean,swiftui-mvvm-clean,Sample app showcasing usage of Clean MVVM architecture in SwiftUI and Combine. Written for a Medium tutorial.,"clean-architecture,combine,mvvm,swift,swiftui",48,16,48,0,Swift,2021-06-29T18:24:10Z,2025-07-24T16:11:54Z,https://github.com/zafarivaev/swiftui-mvvm-clean
MVVM,repo_search,MVVM,454147339,developersancho/SwiftRorty.iOS,SwiftRorty.iOS,"🚀 Sample iOS Clean Architecture on SwiftRorty App focused on the scalability, testability and maintainability written in Swift, following best practices using Swift-UI.","clean-architecture,combine-framework,coredata,mvvm,resolver,swift,swiftlint,swiftui",48,6,48,0,Swift,2022-01-31T19:48:03Z,2026-04-01T20:14:41Z,https://github.com/developersancho/SwiftRorty.iOS
MVVM,repo_search,MVVM,472107584,SwiftfulThinking/SwiftfUI-Map-App-MVVM,SwiftfUI-Map-App-MVVM,Full source code for the SwiftUI Map App. The complete tutorial is available for free on my YouTube channel @SwiftfulThinking. The project uses MVVM architecture and MapKit.,,47,4,47,2,Swift,2022-03-20T21:30:35Z,2026-04-23T07:39:12Z,https://github.com/SwiftfulThinking/SwiftfUI-Map-App-MVVM
MVVM,repo_search,MVVM,719460000,k1ckdown/MovieCatalog,MovieCatalog,"Movies app demonstrating implementation of Clean Architecture, Dependency Injection, MVVM with View State and Coordinator in SwiftUI","clean-architecture,coordinator,coordinator-pattern,dependency-injection,ios,keychain,movies-app,mvvm,mvvm-c,mvvm-clean-architecture,realmswift,state-machine,swift,swift-concurrency,swiftui,swiftui-mvvm,swiftui-navigation,udf,urlsession,viewstate",47,3,47,0,Swift,2023-11-16T08:04:04Z,2026-04-09T10:29:41Z,https://github.com/k1ckdown/MovieCatalog
MVVM,repo_search,MVVM,336081695,simanw/SwiftUI-MVVM-Demo,SwiftUI-MVVM-Demo,SwiftUI + MVVM + Combine,,46,4,46,1,Swift,2021-02-04T21:02:50Z,2026-04-30T01:56:40Z,https://github.com/simanw/SwiftUI-MVVM-Demo
MVVM,repo_search,MVVM,672634498,codeforany/Online_Groceries_Shop_App_with_MVVM_in_SwiftUI,Online_Groceries_Shop_App_with_MVVM_in_SwiftUI,,,43,25,43,1,Swift,2023-07-30T18:38:33Z,2026-02-28T06:54:13Z,https://github.com/codeforany/Online_Groceries_Shop_App_with_MVVM_in_SwiftUI
MVVM,repo_search,MVVM,344735084,sameersyd/Counder,Counder,Countdown Tracker app built using SwiftUI and MVVM Architecture.,"androiddevchallenge,bubble,counder,countdown-timer,dark-theme,figma,ios,ios-app,ios14,material-design,mvvm,mvvm-architecture,sameersyd,swift,swiftui,timer,ui-design,xcode",42,5,42,0,Swift,2021-03-05T07:51:31Z,2026-04-09T02:35:59Z,https://github.com/sameersyd/Counder
MVVM,repo_search,MVVM,483914385,vipinsainitech/Twitter-Clone-SwiftUI,Twitter-Clone-SwiftUI,Twitter Clone in SwiftUI with MVVM and Firebase,"combine,firebase,mvvm-architecture,swiftui,twitter",41,16,41,0,Swift,2022-04-21T05:11:14Z,2025-11-26T07:08:49Z,https://github.com/vipinsainitech/Twitter-Clone-SwiftUI
MVVM,repo_search,MVVM,651816678,5j54d93/Mac-Battery-Inspector,Mac-Battery-Inspector,A macOS app develop with SwiftUI in MVVM that could inspect mac's battery info.,"applesmartbattery,battery,darkmode,iokit,iopscopypowersourcesinfo,mac,macos,menubarextra,mvvm,swift,swiftui",40,5,40,1,Swift,2023-06-10T07:22:17Z,2025-12-21T09:11:14Z,https://github.com/5j54d93/Mac-Battery-Inspector
MVVM,repo_search,MVVM,257317127,matteom/Banking,Banking,,"app-development,architecture,ios-developer,ios-development,mvc,mvc-architecture,mvc-pattern,mvvm,mvvm-architecture,mvvm-pattern,swiftui,swiftui-demo,swiftui-example,swiftui-learning",40,6,40,1,Swift,2020-04-20T15:04:24Z,2026-04-11T18:04:06Z,https://github.com/matteom/Banking
MVVM,repo_search,MVVM,471808876,Aayush9029/Medo,Medo,Menu bar macOS app,"coredata,macos,macos-app,menubar-app,mvvm,swiftui,todoapp",38,5,38,0,Swift,2022-03-19T20:47:10Z,2026-04-24T06:24:44Z,https://github.com/Aayush9029/Medo
MVVM,repo_search,MVVM,277754607,IrelDev/XcodeCleaner,XcodeCleaner,macOS application allows you to analyze and free up disk space used by Xcode cache files. Built with Swift & SwiftUI,"coredata,macos,mvvm,swift,swiftui,utility,xcodecleaner",36,6,36,2,Swift,2020-07-07T08:01:08Z,2024-12-19T16:15:51Z,https://github.com/IrelDev/XcodeCleaner
MVVM,repo_search,MVVM,506972159,adam-zethraeus/Republished,Republished,⏩ `Republished` is a property wrapper that enables nesting SwiftUI ObservableObjects.,"mvvm,observableobject,swift,swiftui",36,2,36,0,Swift,2022-06-24T10:38:21Z,2025-08-21T16:03:09Z,https://github.com/adam-zethraeus/Republished
MVVM,repo_search,MVVM,770109682,Team-B1ND/dodamdodam-ios,dodamdodam-ios,"학생들을 위해, 학생들이 만든 스마트 스쿨 플랫폼 '도담도담'","clean-architecture,ios,mvvm,swift,swift-concurrency,swiftui,swinject,tuist",35,2,35,12,Swift,2024-03-10T23:36:15Z,2026-04-24T01:17:41Z,https://github.com/Team-B1ND/dodamdodam-ios
MVVM,repo_search,MVVM,588135858,wangxiang4/dolphin-ios,dolphin-ios,一个基于Swift5、SwiftUi、CocoaPods、 RxSwift、Moya、Swinject、RxTheme、Kingfisher、FLEX、KafkaRefresh等前沿技术搭建的MVVM架构IOS客户端,"cryptoswift,dropdown,flex,hacktoberfest,hacktoberfest2022,kafkarefresh,kingfisher,moya,quick,ramanimatedtabbarcontroller,rxdatasources,rxswift,rxswiftext,rxtheme,snapkit,swiftdate,swifterswift,swinject,whatsnewkit",35,9,35,0,Swift,2023-01-12T12:13:49Z,2025-11-27T14:27:40Z,https://github.com/wangxiang4/dolphin-ios
MVVM,repo_search,MVVM,349845039,brunoccy/SPM-Coordinator-SwiftUI,SPM-Coordinator-SwiftUI,Modular Architecture with MVVM-C + SPM + SwiftUI,,33,6,33,1,Swift,2021-03-20T22:06:48Z,2025-12-09T08:20:07Z,https://github.com/brunoccy/SPM-Coordinator-SwiftUI
MVVM,repo_search,MVVM,191801605,CutFlame/StarWarsContacts,StarWarsContacts,An example of MVVM-Coordinators pattern with SwiftUI,,33,9,33,0,Swift,2019-06-13T16:56:25Z,2025-02-05T10:44:32Z,https://github.com/CutFlame/StarWarsContacts
MVVM,repo_search,MVVM,253242876,irmusyafa/ios-weatherapp-swiftui,ios-weatherapp-swiftui,iOS WeatherApp with SwiftUI,"ios,json,mvvm,openweathermap,swift,swiftui,weather-app",33,5,33,0,Swift,2020-04-05T13:35:12Z,2025-09-05T14:55:20Z,https://github.com/irmusyafa/ios-weatherapp-swiftui
MVVM,repo_search,MVVM,790291100,RoyNkem/SwiftUI-AI-Voice-Assistant,SwiftUI-AI-Voice-Assistant,A multi-platform app for voice-based interactions built using SwiftUI with advanced AI capabilities.,"gpt-4,ios,macos,mvvm,openai-api,swiftui,text-to-speech,visionos,whisper",33,4,33,0,Swift,2024-04-22T16:01:09Z,2026-04-22T20:05:44Z,https://github.com/RoyNkem/SwiftUI-AI-Voice-Assistant
MVVM,repo_search,MVVM,193131841,niazoff/Chat,Chat,A basic SwiftUI chat app that leverages the new URLSessionWebSocketTask.,"combine,ios,mvvm,swift,swiftui,urlsessionwebsockettask",32,6,32,1,Swift,2019-06-21T16:46:20Z,2025-12-06T22:11:57Z,https://github.com/niazoff/Chat
MVVM,repo_search,MVVM,541990690,barisozgenn/LuxTaxiSwiftUI,LuxTaxiSwiftUI,"Like Uber app SwiftUI iOS 16 MVVM, GraphQL, Firebase Phone Auth, Bottom Sheet, MapViewRepresentable","firebase-phone-authentication,graphql,mapview,swiftui,swiftui-animations,uiviewrepresentable",31,5,31,0,Swift,2022-09-27T08:55:18Z,2026-03-12T03:34:01Z,https://github.com/barisozgenn/LuxTaxiSwiftUI
MVVM,repo_search,MVVM,678064553,RoyNkem/Braze_2.0,Braze_2.0,Braze is a Crypto Currency App created using SwiftUI with MVVM architecture.,"appdevelopment,braze,coingecko-api,combine-framework,cryptocurrency,filemanager-module,ios-app,json-api,mvvm-architecture,networking,swift,swiftui",29,5,29,3,Swift,2023-08-13T15:13:00Z,2026-03-27T14:35:57Z,https://github.com/RoyNkem/Braze_2.0
MVVM,repo_search,MVVM,492427539,cesmejia/SwiftUI-MVVM-CoreData-Async-Unit-Tests-Template,SwiftUI-MVVM-CoreData-Async-Unit-Tests-Template,"This is the default Xcode SwiftUI Core Data Template updated with: MVVM Architecture, Concurrency (Async/await) and Unit-Tests",,29,0,29,0,Swift,2022-05-15T08:19:03Z,2026-02-23T21:30:32Z,https://github.com/cesmejia/SwiftUI-MVVM-CoreData-Async-Unit-Tests-Template
MVVM,repo_search,MVVM,190883877,vinhnx/CombineUnsplash,CombineUnsplash,"A sample project exploring MVVM pattern with SwiftUI/Combine, using Unsplash API (via Picsum.photos API)","awesome,combine,learning-by-doing,swift,swiftui,swiftui-example",29,2,29,0,Swift,2019-06-08T12:13:00Z,2025-10-13T11:18:48Z,https://github.com/vinhnx/CombineUnsplash
MVVM,repo_search,MVVM,195598762,liemvo/swiftui_moviedb,swiftui_moviedb,"SwiftUI, ParserData, Render Remote Image, Navigation, MVVM and Unit Testing",,28,7,28,0,Swift,2019-07-07T01:45:45Z,2022-12-07T21:29:56Z,https://github.com/liemvo/swiftui_moviedb
MVVM,repo_search,MVVM,365364973,Ongomobile/Firebase-SwiftUI-MVVM,Firebase-SwiftUI-MVVM,,,28,2,28,0,Swift,2021-05-07T22:16:23Z,2025-09-19T09:42:23Z,https://github.com/Ongomobile/Firebase-SwiftUI-MVVM
MVVM,repo_search,MVVM,512280318,santi-g-s/CoreDataExample,CoreDataExample,An Example showcasing how to use CoreData within an MVVM structure with SwiftUI,,28,3,28,2,Swift,2022-07-09T20:33:17Z,2025-12-26T01:35:42Z,https://github.com/santi-g-s/CoreDataExample
MVVM,repo_search,MVVM,599053768,darvin/BookReader,BookReader,"BookReader 📚 is a SwiftUI 📱 based iOS/Mac application 📲 for reading PDF 📝 books. It is designed 🎨 using MVVM pattern and uses Combine 🔍 and UIKit to wrap PDFKit and some other GUI elements. The application supports seamless zoom 🔍 preserving scrolling, invert colors 🌈 and programming languages 🧑‍💻 syntax highlighting in the PDF 📚 books.","book,mvvm,ocr,pdf,swift,swiftui",29,3,29,1,Swift,2023-02-08T11:02:16Z,2026-04-17T08:39:09Z,https://github.com/darvin/BookReader
MVVM,repo_search,MVVM,506749508,kotleni/MoneyTracker-ios,MoneyTracker-ios,Just an iOS application for tracking your money. Support EN and RU languages.,"combine,coredata,ios,mvvm,storekit,swiftui",28,0,28,0,Swift,2022-06-23T18:27:06Z,2024-10-18T03:54:51Z,https://github.com/kotleni/MoneyTracker-ios
MVVM,repo_search,MVVM,192417823,niazoff/Weather,Weather,A simple SwiftUI weather app using MVVM.,"combine,mvvm,swift,swiftui",27,4,27,0,Swift,2019-06-17T20:57:16Z,2025-12-05T01:38:26Z,https://github.com/niazoff/Weather
MVVM,repo_search,MVVM,360685351,Rillieux/Fish,Fish,"""Fish"" as in ""teach a man to fish ... "" A study in SwiftUI+CoreData+MVVM ...","coredata,mvvm,swiftui",27,0,27,0,Swift,2021-04-22T21:24:15Z,2026-03-22T10:42:20Z,https://github.com/Rillieux/Fish
MVVM,repo_search,MVVM,791870604,ngocpd-1250/clean_swiftui_combine,clean_swiftui_combine,Clean Architecture  MVVM using SwiftUI + Combine,"clean-architecture,navigation-architecture-component,swift,swiftui,xcodegen",26,5,26,0,Swift,2024-04-25T14:29:24Z,2025-12-15T02:18:00Z,https://github.com/ngocpd-1250/clean_swiftui_combine
MVVM,repo_search,MVVM,844787337,cesmejia/SwiftUI-Reactive-Clean-Architecture-MVVM,SwiftUI-Reactive-Clean-Architecture-MVVM,The simplest SwiftUI Reactive Clean Architecture MVVM Example with Composition Root and Coordinator Pattern Navigation with Unit Test,,27,1,27,0,Swift,2024-08-20T01:05:59Z,2026-04-18T18:34:51Z,https://github.com/cesmejia/SwiftUI-Reactive-Clean-Architecture-MVVM
MVVM,repo_search,MVVM,544101909,barisozgenn/BowlShopSwiftUI,BowlShopSwiftUI,"E-Commerce app SwiftUI iOS 16 MVVM, GraphQL, Firebase Phone Auth, Bottom Sheet, AnyLayout, Combine & PassthroughSubject, Simple UI & Unit Tests ","anylayout,bottomsheet,firebase-phone-authentication,geometryreader,graphql,swiftui,swiftui-animations",26,3,26,0,Swift,2022-10-01T16:46:30Z,2026-02-21T04:39:16Z,https://github.com/barisozgenn/BowlShopSwiftUI
MVVM,repo_search,MVVM,330656803,tigi44/CleanArchitectureWithMVVM,CleanArchitectureWithMVVM,"Clean Architecture With MVVM on iOS(using SwiftUI, Combine, SPM)","clean-architecture,combine,ios,mvvm-pattern,swift-package-manager,swiftui",25,8,25,0,Swift,2021-01-18T12:18:50Z,2025-12-21T08:45:39Z,https://github.com/tigi44/CleanArchitectureWithMVVM
MVVM,repo_search,MVVM,342747613,ketyung/SwiftUIPdf,SwiftUIPdf,Sample source code for tutorial - Build a PDF composer app with PDFKit - the SwiftUI and MVVM way . Unlicensed license. https://unlicense.org/ ,,25,3,25,3,Swift,2021-02-27T01:58:09Z,2025-07-19T21:37:07Z,https://github.com/ketyung/SwiftUIPdf
MVVM,repo_search,MVVM,740201893,omarthamri/FacebookClone,FacebookClone,A facebook clone implemented using swiftui and firebase.,"facebook-app,facebook-clone,facebook-ui,firebase,firebase-auth,firebase-firestore,firebase-firestore-,ios-app,mvvm,swiftui,ui-template",25,8,25,0,Swift,2024-01-07T20:14:34Z,2026-01-05T04:06:54Z,https://github.com/omarthamri/FacebookClone
MVVM,repo_search,MVVM,1065327069,dotaeva/scaffolding,scaffolding,Macro-powered SwiftUI navigation using the Coordinator pattern — type-safe routes with zero boilerplate.,"coordinators,flowstacks,ios,modular,mvvm,mvvm-c,navigation,spm,stinsen,swift,swift-macro,swiftui",25,2,25,0,Swift,2025-09-27T13:56:12Z,2026-05-04T18:52:00Z,https://github.com/dotaeva/scaffolding
MVVM,repo_search,MVVM,275527045,tirtavium/SwiftUI-Combine-CleanMVVM,SwiftUI-Combine-CleanMVVM,,"architecture,clean,clean-architecture,clean-code,combine,ios,mvvm-architecture,mvvm-pattern,note-app,swift,swiftui,unittest,vip,viper,viper-architecture,xcode",24,5,24,0,Swift,2020-06-28T07:01:25Z,2025-10-13T11:19:03Z,https://github.com/tirtavium/SwiftUI-Combine-CleanMVVM
MVVM,repo_search,MVVM,288258753,kojiba/SwiftUI-architectures,SwiftUI-architectures,"Comparison of SwiftUI Architecture approaches: Component, Protocol (MVVM-C), Reactive (MVVM-C)","architectures,generic-programming,mvvm-c,mvvm-coordinator,protocol-oriented-programming,reactive-programming,swift,swift5,swiftui,view,viewmodel",24,2,24,0,Swift,2020-08-17T18:39:52Z,2025-08-27T12:24:25Z,https://github.com/kojiba/SwiftUI-architectures
MVVM,repo_search,MVVM,545087801,barisozgenn/CryptoTrackMultiPlatformSwiftUI,CryptoTrackMultiPlatformSwiftUI,"Crypto & Portfolio Track SwiftUI - macOS 13 Ventura & iOS 16.1 & watchOS 9.1 & tvOS 16.1 & MacOS MenuBar App - MVVM, Combine","cryptocurrency,ios16,macos,macos13,menubar-app,swiftui",24,4,24,0,Swift,2022-10-03T19:03:46Z,2026-03-20T04:43:53Z,https://github.com/barisozgenn/CryptoTrackMultiPlatformSwiftUI
MVVM,repo_search,MVVM,445423886,watery-desert/ToDoAppCoreData,ToDoAppCoreData,MVVM + Core Data + Local Notification,"ios,swift,swiftui",24,1,24,0,Swift,2022-01-07T06:38:39Z,2024-12-08T12:10:59Z,https://github.com/watery-desert/ToDoAppCoreData
MVVM,repo_search,MVVM;Model View ViewModel;Model-View-ViewModel,358152548,App-Lobby/TaskManager,TaskManager,A practice application created in Swift with SwiftUI Framework. Followed Model View ViewModel Architecture (MVVM).,"apple,ios,moderntodo,mvvm,swift,swiftui",23,2,23,0,Swift,2021-04-15T06:32:54Z,2025-01-30T08:20:40Z,https://github.com/App-Lobby/TaskManager
MVVM,repo_search,MVVM,661290599,AhmedMenaim/GitHubFullApp,GitHubFullApp,"iOS Github App implemented using SwiftUI, MVVM, DI  & Clean architecture concepts","clean-architecture,combine,datasource,factory,ios,mvvm,mvvm-architecture,network,repository-pattern,resolver,swift,swiftui,swiftui-example,swiftui-tutorials",23,0,23,0,Swift,2023-07-02T11:41:17Z,2025-11-09T15:36:21Z,https://github.com/AhmedMenaim/GitHubFullApp
MVVM,repo_search,MVVM,213363519,danielbastidasr/swiftui-mvvm,swiftui-mvvm,SwiftUI demo. Login View -> Tabbar with a list detail view,"mvvm-architecture,swiftui,swiftui-demo,swiftui-lists,swiftui-login,swiftui-mvvm,swiftui-state-management",22,5,22,0,Swift,2019-10-07T11:17:40Z,2025-11-15T09:03:20Z,https://github.com/danielbastidasr/swiftui-mvvm
MVVM,repo_search,MVVM,635427854,TharinduKetipe/MVVMC-SwiftUI,MVVMC-SwiftUI,,,22,4,22,0,Swift,2023-05-02T17:11:04Z,2026-02-20T20:23:08Z,https://github.com/TharinduKetipe/MVVMC-SwiftUI
MVVM,repo_search,MVVM,191674033,akifumi/mvvm-with-combine-in-swiftui,mvvm-with-combine-in-swiftui,MVVM with Combine in SwiftUI,,22,3,22,0,Swift,2019-06-13T02:09:09Z,2023-08-22T02:28:07Z,https://github.com/akifumi/mvvm-with-combine-in-swiftui
MVVM,repo_search,MVVM,273251515,Swift-Compiled/pokelist,pokelist,"Accompanies a blog post on MVVM, SwiftUI and combine",,22,4,22,4,Swift,2020-06-18T13:52:09Z,2024-03-24T01:58:46Z,https://github.com/Swift-Compiled/pokelist
MVVM,repo_search,MVVM,989425658,pushpendra996/apps-click-cal-ai-ios,apps-click-cal-ai-ios,"A Swift-based iOS app that lets users take a photo of food, analyzes ingredients and calories using OpenAI Vision API, allows editing, and saves logs with a calendar view. Built with MVVM architecture using Cursor AI and SweetPad for efficient AI-assisted development.","swift,swiftui",22,13,22,0,Swift,2025-05-24T04:30:50Z,2026-03-27T11:42:10Z,https://github.com/pushpendra996/apps-click-cal-ai-ios
MVVM,repo_search,MVVM,594180545,aisultanios/MyPlaylists,MyPlaylists,🎵 Complete Apple Music clone that I've built using Swift (UIKit + SwiftUI). I have used MVVM & MVC patterns to implement app's business logic.,"applemusicapi,ios,swift,swiftui,unit-testing",22,1,22,0,Swift,2023-01-27T19:40:45Z,2026-04-29T15:11:36Z,https://github.com/aisultanios/MyPlaylists
MVVM,repo_search,MVVM,341720977,sujinnaljin/EmojiCommit,EmojiCommit,잔디 대신 이모지로 커밋 단계를 표현해보자 👩🏻‍💻,"combine,github-actions,google-admob,localization,mvvm,nimble,quick,swiftui,unit-test,widget",22,2,22,0,Swift,2021-02-23T23:36:28Z,2024-12-27T01:12:56Z,https://github.com/sujinnaljin/EmojiCommit
MVVM,repo_search,MVVM,599423795,saurabhdave/KrishnaGPT,KrishnaGPT,"Krishna GPT: This iOS AI app, influenced by the teachings of the Bhagavad Gita, provides answers with a spiritual perspective to help you uncover hidden truths.","ai,artificial-intelligence,bhagvatgita,chatgpt,chatgpt-api,gitagpt,ios,iosdeveloper,multilingual,mvvm,openai,swift,swiftui,swiftui-learning",22,4,22,1,Swift,2023-02-09T05:16:49Z,2026-03-24T23:22:03Z,https://github.com/saurabhdave/KrishnaGPT
MVVM,repo_search,MVVM,289513619,iamsatishsharma/SwiftUIMVVM,SwiftUIMVVM,SwiftUI + MVVM + Alamofire. Let's create a little application to understand how SwiftUI and Alamofire implemented in MVVM.,"alamofire,alamofireexample,mvvm,mvvm-architecture,sdwebimage,swift,swiftui,swiftui-mvvm-alamofire,swiftyjson",21,5,21,1,Swift,2020-08-22T15:22:00Z,2026-05-10T03:48:39Z,https://github.com/iamsatishsharma/SwiftUIMVVM
MVVM,repo_search,MVVM,34681688,cocoascientist/Luna,Luna,Tracking the moon phase using SwiftUI and Combine,"combine,moon-phase,mvvm,swift,swiftui",21,6,21,0,Swift,2015-04-27T17:49:32Z,2024-06-30T17:15:04Z,https://github.com/cocoascientist/Luna
MVVM,repo_search,MVVM,463104937,hamitseyrek/SwiftUIAnimationTutorials,SwiftUIAnimationTutorials,"This repository was created for animation tutorials. { SwiftUI, Animation}","animation,gridview,mvvm,navigation-search,spritekit,swift,swiftui,swiftui-animations,swiftui-example",20,0,20,0,Swift,2022-02-24T10:29:50Z,2025-11-10T12:47:56Z,https://github.com/hamitseyrek/SwiftUIAnimationTutorials
MVVM,repo_search,MVVM,382924404,tinhpv/clean-architecture-mvvm-swiftui,clean-architecture-mvvm-swiftui,"Implementation for Clean Architecture, MVVM","combine,mvvm,swift,swiftui",19,3,19,0,Swift,2021-07-04T18:41:17Z,2025-08-01T12:13:27Z,https://github.com/tinhpv/clean-architecture-mvvm-swiftui
MVVM,repo_search,MVVM,1030635925,muhittincamdali/iOSAppTemplates,iOSAppTemplates,"SwiftUI starter portfolio with 20 tracked app templates, standalone roots, proof surfaces, and gallery assets.","app-templates,clean-architecture,ios,ios-app-templates,ios-development,mvvm,starter-kit,swift,swift-package-manager,swiftui",19,4,19,8,Swift,2025-08-02T02:25:00Z,2026-05-10T06:44:44Z,https://github.com/muhittincamdali/iOSAppTemplates
MVVM,repo_search,MVVM,818736187,Jimmy-Jung/UIFusionKit,UIFusionKit,UIKit과 SwiftUI 통합을 통해 일관된 MVVM 아키텍처와 상태 관리를 지원하는 라이브러리입니다.,,18,1,18,0,Swift,2024-06-22T17:56:27Z,2026-04-23T02:33:58Z,https://github.com/Jimmy-Jung/UIFusionKit
MVVM,repo_search,MVVM,332285393,rphlfc/MovieApp,MovieApp,"Movie app using SwiftUI, MVVM, and The Movie Database API.",,18,2,18,0,Swift,2021-01-23T18:54:46Z,2024-12-14T02:58:33Z,https://github.com/rphlfc/MovieApp
MVVM,repo_search,MVVM,264880366,glennraya/temperatura-swiftui,temperatura-swiftui,"An iOS weather app built on SwiftUI just for fun. This app uses MVVM design pattern, Core Location and uses the Open Weather Map API.",,18,2,18,0,Swift,2020-05-18T08:44:38Z,2026-03-07T09:40:18Z,https://github.com/glennraya/temperatura-swiftui
MVVM,repo_search,MVVM,780654237,Antomated/Crypro,Crypro,"MVVM, SwiftUI, Combine, CoreData, No 3rd party libraries.","coingecko,coingecko-api,combine,coredata,mvvm,personal-project,pet-project,swift,swiftui,swiftui-example",18,1,18,0,Swift,2024-04-01T23:00:20Z,2026-04-09T10:29:42Z,https://github.com/Antomated/Crypro
MVVM,repo_search,MVVM,415344103,inokinn/NaroViewer,NaroViewer,「小説家になろう」のビューワーアプリです。 SwiftUI & Combine と MVVM の習作。,,18,1,18,0,Swift,2021-10-09T15:15:21Z,2025-10-30T09:28:11Z,https://github.com/inokinn/NaroViewer
MVVM,repo_search,MVVM,402701883,armanabkar/PizzaShop,PizzaShop,🍕 Food Ordering iOS application.,"arkit,async-await,autolayout,coredata,haptic-feedback,ios,mapkit,mvvm,nodejs,notification-center,scenekit,swift,swiftui,userdefaults,widgetkit,xctest",18,2,18,0,Swift,2021-09-03T08:36:24Z,2025-02-09T16:39:53Z,https://github.com/armanabkar/PizzaShop
MVVM,repo_search,MVVM,408234292,cipolleschi/MVVM,MVVM,A sample project to use a clean MVVM architecture with SwiftUI,,17,3,17,0,Swift,2021-09-19T20:52:56Z,2025-05-26T05:49:52Z,https://github.com/cipolleschi/MVVM
MVVM,repo_search,MVVM,233478210,farooq94/Combine-SwiftUI-MVVM,Combine-SwiftUI-MVVM,Dynamic List using SwiftUI / COMBINE / MVVM ,,17,2,17,0,Swift,2020-01-13T00:05:49Z,2024-12-02T00:51:37Z,https://github.com/farooq94/Combine-SwiftUI-MVVM
MVVM,repo_search,MVVM,462131812,mind0w/HelloCleanArchitectureWithSwiftUI,HelloCleanArchitectureWithSwiftUI,"CleanArchitecture for SwiftUI with Combine, Concurrency","clean-architecture,combine,concurrency,mvvm,spm,swiftpackagemanager,swiftui",17,1,17,0,Swift,2022-02-22T04:04:24Z,2024-10-28T16:34:52Z,https://github.com/mind0w/HelloCleanArchitectureWithSwiftUI
MVVM,repo_search,MVVM,980051370,viniciusbinder/LayeredArchitectureExample,LayeredArchitectureExample,Domain-based expense tracker app with Repository pattern,"clean-architecture,dependency-injection,domain-driven-design,ios,mvvm,repository-pattern,swift,swift-concurrency,swift-testing,swiftdata,swiftui,unit-testing",17,5,17,0,Swift,2025-05-08T13:38:23Z,2025-06-30T03:30:11Z,https://github.com/viniciusbinder/LayeredArchitectureExample
MVVM,repo_search,MVVM,468966804,RathaKrishna/SpotifyDemo,SpotifyDemo,"A Full Spotify App based on the Swift 5.5 that fetches album, tracks, playlists, episodes  from api.spotify.com.","api,app,avqueueplayer,customsegment,demo-app,ios,ios-app,ios-demo,ios-swift,ios-ui,music-player,mvvm,mvvm-architecture,spotify,spotify-api,spotify-clone,swift,swift5,swiftui",17,2,17,0,Swift,2022-03-12T03:19:34Z,2024-05-15T15:56:01Z,https://github.com/RathaKrishna/SpotifyDemo
MVVM,repo_search,MVVM,450980404,camapblue/boilerplate-mvvm-swiftui,boilerplate-mvvm-swiftui,,,16,5,16,1,Swift,2022-01-23T01:51:32Z,2025-11-26T10:28:13Z,https://github.com/camapblue/boilerplate-mvvm-swiftui
MVVM,repo_search,MVVM,646125657,huyparody/CleanArchitecture-MVVM-C-SwiftUI,CleanArchitecture-MVVM-C-SwiftUI,Example of Clean Architecture iOS app using Combine and MVVM-C pattern in SwiftUI,"clean-architecture,clean-code,combine,depedency-injection,ios,swift,switfui",16,8,16,0,Swift,2023-05-27T11:17:55Z,2025-09-03T16:58:10Z,https://github.com/huyparody/CleanArchitecture-MVVM-C-SwiftUI
MVVM,repo_search,MVVM,752260211,siuzanna/Meditation-App-SwiftUI-MVVM,Meditation-App-SwiftUI-MVVM,"The Meditation App, developed using Swift and SwiftUI, MVVM, provides users with curated collections of meditations and categories. Its detailed views offer a deeper dive into each meditation, allowing users to access session details and listen to radio streams seamlessly.","grid-layout,ios,ios-app,meditation-app,mvvm,mvvm-architecture,radio,swift,swiftui,swiftui-components,swiftui-example,swiftui-learning",16,3,16,0,Swift,2024-02-03T14:08:18Z,2026-01-23T13:57:10Z,https://github.com/siuzanna/Meditation-App-SwiftUI-MVVM
MVVM,repo_search,MVVM,834112684,igorkulman/SwiftUISampleApp,SwiftUISampleApp,SwiftUI rewrite of my iOSSampleApp aimed to learn SwiftUI.,"binding,coordinator,coordinator-pattern,dependency-injection,ios,mvvm,mvvm-architecture,mvvm-c,mvvm-coordinator,swift,swiftui",16,6,16,0,Swift,2024-07-26T12:52:26Z,2026-02-27T17:11:44Z,https://github.com/igorkulman/SwiftUISampleApp
MVVM,repo_search,MVVM,449766115,5j54d93/Google-Blogger-iOS-App,Google-Blogger-iOS-App,"List posts with infinite scroll from Google Blogger API in MVVM architecture, and using SwiftUI to design like Medium iOS App, which could read, search, save, comment posts, and so many excellent features！","api,apple,appstorage,asyncimage,blogger,coredata,google,guesture,infinite-scroll,ios,ipad,iphone,medium,mvvm,swift,swiftui,watchos,webkit,widget,xcode",16,9,16,0,Swift,2022-01-19T16:19:04Z,2025-10-23T07:44:32Z,https://github.com/5j54d93/Google-Blogger-iOS-App
MVVM,repo_search,MVVM,897767461,frankois944/KTViewModelBuilder,KTViewModelBuilder,A Swift macro for wrapping a Kotlin ViewModel into a SwiftUI ObservableObject with unidirectional/bidirectional Kotlin binding,"ios,kotlin-multiplatform,mvvm,skie,swiftui",16,0,16,0,Swift,2024-12-03T07:52:01Z,2026-03-11T15:46:18Z,https://github.com/frankois944/KTViewModelBuilder
MVVM,repo_search,MVVM,645761214,bhumika-ios/Image3DView,Image3DView,Reimagine Reality with Image 3D View,"animation,mvvm,sencekit,swift,swiftui",16,1,16,0,Swift,2023-05-26T11:27:40Z,2024-12-10T02:27:12Z,https://github.com/bhumika-ios/Image3DView
MVVM,repo_search,MVVM;Model View ViewModel;Model-View-ViewModel,958761960,appbeyond-io/ArchPatternWeather-iOS,ArchPatternWeather-iOS,Repository showing simple implementation on MV (Model-View) Pattern and MVVM (Model-View-ViewModel) Pattern in SwiftUI using weather forecast example,,16,1,16,0,Swift,2025-04-01T18:08:49Z,2026-02-26T06:14:50Z,https://github.com/appbeyond-io/ArchPatternWeather-iOS
MVVM,repo_search,MVVM,1119446345,Kartikayy007/Pace,Pace,"A modern iOS fitness tracker built with SwiftUI. Features real-time GPS tracking, a 3D animated companion (SceneKit), and HealthKit integration, all demonstrated within a clean MVVM architecture.",,16,1,16,0,Swift,2025-12-19T09:32:55Z,2026-02-22T05:50:58Z,https://github.com/Kartikayy007/Pace
MVVM,repo_search,MVVM,967816309,AhmedRagab99/GitWizard,GitWizard,"A modern, SwiftUI-based Git client that brings the power of Git to your fingertips with a beautiful, intuitive interface.","appkit,caching,combine,concurrency,git,git-client,gitclient,macos,mvvm,mvvm-architecture,swift,swift5,swiftui,xcode",16,1,16,0,Swift,2025-04-17T03:43:41Z,2026-05-01T11:50:51Z,https://github.com/AhmedRagab99/GitWizard
MVVM,repo_search,MVVM,313883359,JohnYezub/NewsFeed_SwiftUI_MVVM,NewsFeed_SwiftUI_MVVM,"Simple SwiftUI app with Widgets and WatchOS. Example(demo), that displays list of US news for today (thanks https://newsapi.org/).","deeplinking,deeplinks,mvvm,mvvm-pattern,newsfeed,swiftui,swiftui-demo,swiftui-example,watchkit,watchos,widgetkit,widgets,xcode12",15,8,15,2,Swift,2020-11-18T09:25:02Z,2025-08-15T03:31:57Z,https://github.com/JohnYezub/NewsFeed_SwiftUI_MVVM
MVVM,repo_search,MVVM,839126433,AhmedMenaim/Modular-MoviesList-SwiftUI-MVVM,Modular-MoviesList-SwiftUI-MVVM,"Modular MoviesList App using SwiftUI, combine and MVVM with clean architecture.","caching,clean-architecture,combine,dependency-injection,ios,modularization,mvvm,network-layer,swift,swiftui",15,4,15,3,Swift,2024-08-07T02:56:36Z,2026-02-19T23:13:09Z,https://github.com/AhmedMenaim/Modular-MoviesList-SwiftUI-MVVM
MVVM,repo_search,MVVM,460103211,atereshkov/my-finance,my-finance,Finance App written in Swift and SwiftUI. Modular MVVM architecture (SPM) with Composition Root.,"async-await,composition-root,ios,modular-architecture,modularization,mvvm,spm,swift,swiftui",15,3,15,0,Swift,2022-02-16T17:15:52Z,2025-10-06T09:13:25Z,https://github.com/atereshkov/my-finance
MVVM,repo_search,MVVM,448793971,niuware/SimpleNavigation,SimpleNavigation,Simple iOS app to showcase navigation with coordinators in SwiftUI + MVVM.,"coordinator-pattern,ios,mvvm,mvvm-architecture,swift,swiftui,xcode",15,2,15,0,Swift,2022-01-17T07:29:41Z,2024-10-30T20:37:40Z,https://github.com/niuware/SimpleNavigation
MVVM,repo_search,MVVM,693903004,urielortega/clean-pad,clean-pad,A minimalist notes app for iOS. Created with SwiftUI.,"documents-directory,mvvm,swift,swiftui",15,2,15,0,Swift,2023-09-20T00:20:00Z,2026-03-28T22:58:59Z,https://github.com/urielortega/clean-pad
MVVM,repo_search,MVVM,528051037,williamsouef/Travel-Booking-App-SwiftUI,Travel-Booking-App-SwiftUI," E-commerce travel booking app to book hotels and activities, ios, SwiftUI ","applepay,ecommerce,ios,mapkit,mvvm,swift,swiftui,travel,travelapp",15,2,15,2,Swift,2022-08-23T15:24:30Z,2026-03-22T21:10:53Z,https://github.com/williamsouef/Travel-Booking-App-SwiftUI
MVVM,repo_search,MVVM,495136161,AliMert/HabitTracker-SwiftUI,HabitTracker-SwiftUI,"SwiftUI, CoreData, MVVM, swipe to delete, drag and drop to organize items",,15,1,15,0,Swift,2022-05-22T17:56:55Z,2025-10-29T11:31:57Z,https://github.com/AliMert/HabitTracker-SwiftUI
MVVM,repo_search,MVVM,760276438,sajib-ghosh-iOS/Product_Clean_Architecture,Product_Clean_Architecture,An iOS app which fetches product list from public api. This project is built using Clean architecture with MVVM and SwiftUI.,,15,1,15,0,Swift,2024-02-20T05:38:20Z,2026-01-05T04:52:37Z,https://github.com/sajib-ghosh-iOS/Product_Clean_Architecture
MVVM,repo_search,MVVM,838301367,BerkaySancar/ShoppingApp-SwiftUI-MVVM,ShoppingApp-SwiftUI-MVVM,iOS 16+ Shopping App Demo with SwiftUI and MVVM architecture. API by DummyJSON.,"dummyjson,ios,mvvm,restapi,shopping,shopping-app,swiftui",14,3,14,0,Swift,2024-08-05T11:13:00Z,2025-12-11T02:54:51Z,https://github.com/BerkaySancar/ShoppingApp-SwiftUI-MVVM
MVVM,repo_search,MVVM,376993024,StewartLynch/SwufitUI-Validation-and-MVVM,SwufitUI-Validation-and-MVVM,Completed project for the video using MVVM and SwiftUI for field validation,,14,3,14,0,Swift,2021-06-15T00:40:40Z,2025-07-19T08:42:53Z,https://github.com/StewartLynch/SwufitUI-Validation-and-MVVM
MVVM,repo_search,MVVM,786232605,bahadirseyfi/SwiftUI-KMM-MVVM,SwiftUI-KMM-MVVM,"Simple App, Tech: SwifUI - MVVM - Kotlin Multi Platform - SwiftData | Mapkit, Swift Macros",swifui---mvvm-kotlin-multi-platform-swiftdata,13,0,13,0,Swift,2024-04-13T20:23:50Z,2026-04-09T15:55:02Z,https://github.com/bahadirseyfi/SwiftUI-KMM-MVVM
MVVM,repo_search,MVVM,475890158,indently/MVVMPokedex,MVVMPokedex,"Another Pokemon Pokedex written in vanilla SwiftUI, this time with MVVM",,13,3,13,0,Swift,2022-03-30T13:25:09Z,2025-01-03T06:42:50Z,https://github.com/indently/MVVMPokedex
MVVM,repo_search,MVVM,332804000,rphlfc/MealApp,MealApp,"Meal App using a design from Dribbble, SwiftUI, MVVM, and The Meal Database API",,13,4,13,0,Swift,2021-01-25T16:08:20Z,2025-08-27T14:13:29Z,https://github.com/rphlfc/MealApp
MVVM,repo_search,MVVM,498965742,dekapd99/Tasker,Tasker,"Aplikasi iOS Advanced Level To Do List dengan Firebase (Firestore, Firestore Swift, Auth, Database, Function, dan Storage), SwiftUI, dan MVVM Design Pattern","firebase-auth,firebase-firestore,ios-app,mvvm-ios,swift5,swiftui",13,1,13,1,Swift,2022-06-02T02:33:20Z,2024-12-02T00:58:33Z,https://github.com/dekapd99/Tasker
MVVM,repo_search,MVVM,505168270,cnatom/MemorizeSwiftUI,MemorizeSwiftUI,斯坦福2021春季SwiftUI 2.0课程项目,"mvvm,study-project,swift,swiftui",12,4,12,0,Swift,2022-06-19T16:54:45Z,2025-11-01T03:35:42Z,https://github.com/cnatom/MemorizeSwiftUI
MVVM,repo_search,MVVM,345399927,luthfipun/SwiftUI-OTP-Firebase-PhoneAuth,SwiftUI-OTP-Firebase-PhoneAuth,Implementation SwiftUI OTP Firebase Phone Authentication,"firebase,firebase-auth,firebase-phone-authentication,firebase-phone-verification,mvvm,swiftui",12,3,12,0,Swift,2021-03-07T16:46:47Z,2024-02-22T15:01:17Z,https://github.com/luthfipun/SwiftUI-OTP-Firebase-PhoneAuth
MVVM,repo_search,MVVM,318470363,romeoflute/instagramswiftui,instagramswiftui,"Instagram clone using SwiftUI, MVVM, and Firestore",,12,1,12,0,Swift,2020-12-04T09:43:36Z,2024-12-03T16:20:56Z,https://github.com/romeoflute/instagramswiftui
MVVM,repo_search,MVVM,737130064,Mohanad-Ramadan/Netflix-Clone,Netflix-Clone,"A highly detailed Netflix-clone app, constructed with Programmatic UI and SwiftUI. It prioritizes advanced networking, adheres to MVVM architecture, and employs concurrency for optimal performance.",,12,5,12,0,Swift,2023-12-29T23:09:22Z,2025-01-21T21:48:32Z,https://github.com/Mohanad-Ramadan/Netflix-Clone
MVVM,repo_search,MVVM,777741751,11010001101001/News,News,"News app sample: SwiftUI, MVVM, Combine, Metal shaders, SwiftData and more 💦","app,apple,cicd,combine,iosapp,metal,mvvm,news,notifications,shaders,swift,swiftdata,swiftui,swiftui-example,tests,widgets",12,0,12,0,Swift,2024-03-26T12:29:37Z,2026-04-28T16:11:36Z,https://github.com/11010001101001/News
MVVM,repo_search,MVVM,315304440,oskarko/Pokedex,Pokedex,Build A Pokedex With SwiftUI 2.0 | MVVM | Network Layer | iOS 14 | Swift 5,"ios,kingfisher,mvvm,network,swift5,swiftui,xcode",12,0,12,0,Swift,2020-11-23T12:13:24Z,2026-02-08T16:58:37Z,https://github.com/oskarko/Pokedex
MVVM,repo_search,MVVM,371759600,descifrador17/Animeote,Animeote,Browse and Save thousands of Anime Quotes. MVVM + SwiftUI + Core Data + Neomorphic Design + API Integration,"api-service,coredata,neumorphism,swiftui,swiftui-property-wrappers",12,0,12,0,Swift,2021-05-28T16:28:41Z,2026-01-26T06:21:46Z,https://github.com/descifrador17/Animeote
MVVM,repo_search,MVVM,608874236,felilo/ALCoordinator,ALCoordinator,"Coordinators either UIKit or SWiftUI. Simple, powerful and elegant.","coordinator-pattern,mvvm,mvvm-c,navigation-stack,swift,swiftui,viper",12,0,12,0,Swift,2023-03-02T23:00:53Z,2025-03-15T10:47:32Z,https://github.com/felilo/ALCoordinator
MVVM,repo_search,MVVM,1120444650,claustrofob/Router,Router,Simple and effective routing system for SwiftUI apps,"clean-architecture,coordinator-pattern,mvvm,mvvm-c,navigationstack,router,routing,spm,swift,swiftpackagemanager,swiftui",12,0,12,0,Swift,2025-12-21T08:18:12Z,2026-04-27T05:33:04Z,https://github.com/claustrofob/Router
MVVM,repo_search,MVVM,916160098,MineRala/PlantAppSwiftUI,PlantAppSwiftUI,PlantApp: SwiftUI+MVVM+Free API+Onboarding+Paywall+Pixel Perfect+Responsive UI+Custom Fonts+Error Handling+Async/Await+ Dependecy Injection,,12,1,12,0,Swift,2025-01-13T15:12:35Z,2026-05-08T06:02:45Z,https://github.com/MineRala/PlantAppSwiftUI
MVVM,repo_search,MVVM,269092936,billidani7/CaloriesMVVM,CaloriesMVVM,A simple demonstration of MVVM architecture in SwiftUI & Combine,,11,2,11,0,Swift,2020-06-03T13:17:01Z,2025-06-10T12:01:40Z,https://github.com/billidani7/CaloriesMVVM
MVVM,repo_search,MVVM,560488213,devmehmetates/MedExp-MVVM,MedExp-MVVM,This application was created to answer the question of how we can implement the MVVM design pattern in a testable way with SwiftUI.,,11,1,11,0,Swift,2022-11-01T15:59:23Z,2026-02-25T01:22:02Z,https://github.com/devmehmetates/MedExp-MVVM
MVVM,repo_search,MVVM,498279627,dekapd99/iNews,iNews,"Aplikasi iOS Berita Internasional dengan SwiftUI, API dari newsapi.org, MVVM Design Pattern, dan Paw","api,ios-app,mvvm-ios,paw,swift5,swiftui",11,0,11,3,Swift,2022-05-31T09:58:31Z,2023-12-29T01:01:40Z,https://github.com/dekapd99/iNews
MVVM,repo_search,MVVM;Model View ViewModel;Model-View-ViewModel,810786434,DixPatel009/ListView,ListView,"This project is a demonstration of using SwiftUI with the MVVM (Model-View-ViewModel) architecture pattern to fetch data from an API, store it in CoreData, and display it in a ListView.","coredata,coredata-swiftui,listview,mvvm,mvvm-architecture,restful-api,swiftui",11,1,11,0,Swift,2024-06-05T10:58:28Z,2025-06-20T22:52:02Z,https://github.com/DixPatel009/ListView
MVVM,repo_search,MVVM,636454789,BhavaniReddyAndem/Carousel-Slider,Carousel-Slider,A customized super simple carousel slider to present different dog breeds and their data with images fetched from  dog ceo api using SwiftUI for iOS,"animation,carousel,carousel-component,carousel-slider,carousel-ui,carouselview,combine,dogapi,dogbreed,hero,heroanimation,herocarousel,mvvm,slider,swift,swiftui",11,0,11,0,Swift,2023-05-04T22:16:13Z,2026-03-10T09:05:11Z,https://github.com/BhavaniReddyAndem/Carousel-Slider
MVVM,repo_search,MVVM,1214945201,godblessamki/Workout-Tracker,Workout-Tracker,"IronTrack is a native iOS workout tracker built with SwiftUI and SwiftData. It allows users to create custom workout routines and exercises. During active sessions, it automatically displays the maximum weight and reps from the previous session for instant progress tracking. Designed with MVVM architecture, it offers a fast, local-first experience.",,11,0,11,1,Swift,2026-04-19T09:09:02Z,2026-04-30T10:24:59Z,https://github.com/godblessamki/Workout-Tracker
MVVM,repo_search,MVVM,296003322,cicerocamargo/swiftui-mvvm,swiftui-mvvm,Exemplos de como implementar MVVM no iOS com SwiftUI + Combine,,10,4,10,0,Swift,2020-09-16T10:45:24Z,2024-07-09T15:17:33Z,https://github.com/cicerocamargo/swiftui-mvvm
MVVM,repo_search,MVVM,352613277,cicerocamargo/SwiftUI-MVVM-Coordinator,SwiftUI-MVVM-Coordinator,"A way to implement the Coordinator pattern with SwiftUI + MVVM, decoupling connected Views.",,10,5,10,0,Swift,2021-03-29T11:06:30Z,2024-06-19T00:51:00Z,https://github.com/cicerocamargo/SwiftUI-MVVM-Coordinator
MVVM,repo_search,MVVM,459571376,applebyte1992/SwiftUIBootstrap,SwiftUIBootstrap,SwiftUIBootStrap contains Swift UI along with MVVM and Combine.,,10,1,10,1,Swift,2022-02-15T12:35:03Z,2023-08-19T20:59:42Z,https://github.com/applebyte1992/SwiftUIBootstrap
MVVM,repo_search,MVVM,190992655,antranapp/PixabaySwiftUICombine,PixabaySwiftUICombine,Sample app implementing MVVM using SwiftUI and Combine to search for images on pixabay.com,"combine,swiftui,wwdc19",10,2,10,0,Swift,2019-06-09T10:25:18Z,2024-07-07T17:36:52Z,https://github.com/antranapp/PixabaySwiftUICombine
MVVM,repo_search,MVVM,373983337,russell-archer/MyFilesExplorer,MyFilesExplorer,SwiftUI app that uses the Dropbox API to enable browsing of folders and files. Runs on iOS and macOS clients.,"dropbox,mvvm,swiftui",10,0,10,0,Swift,2021-06-04T23:51:10Z,2024-07-29T10:01:46Z,https://github.com/russell-archer/MyFilesExplorer
MVVM,repo_search,MVVM,381313487,rphlfc/PopularMovies,PopularMovies,Lista de filmes populares usando a API do The Movie Database com MVVM e SwiftUI.,,10,0,10,0,Swift,2021-06-29T09:42:19Z,2025-02-28T11:06:07Z,https://github.com/rphlfc/PopularMovies
MVVM,repo_search,MVVM,613847496,Brsrld/DunbleNews,DunbleNews,SwiftUI + Unit Testing + Async-Await + StateFulMVVM + Testable Network Layer + İmage Caching + StaggeredView ,"async,await,imagecaching,mvvm,stateful,swiftui,testable,unit-testing",10,1,10,0,Swift,2023-03-14T11:48:06Z,2026-02-25T01:19:26Z,https://github.com/Brsrld/DunbleNews
MVVM,repo_search,MVVM,680696445,MatheusFerreiraZx/PokedexUI,PokedexUI,"This project is a Pokédex application built with Swift, SwiftUI, and the MVVM architecture. It was created as a personal project to learn more about these technologies.","mit,mobile-development,pokeapi,pokedex,pokemon,swift,swiftui",10,1,10,0,Swift,2023-08-20T05:13:51Z,2025-09-12T14:47:00Z,https://github.com/MatheusFerreiraZx/PokedexUI
MVVM,repo_search,MVVM,191310441,PangMo5/AniTime,AniTime,"Anime schedule, korean subtitle for iOS with SwiftUI + Combine and MVVM architecture",,9,5,9,0,Swift,2019-06-11T06:45:27Z,2025-02-23T08:49:56Z,https://github.com/PangMo5/AniTime
MVVM,repo_search,MVVM,621687121,smbrmoyo/SwiftUIProfileNavigationTutorial,SwiftUIProfileNavigationTutorial,A SwiftUI tutorial on how to enable navigation between profiles in an app,"mvvm,navigationstack,swiftui,viewmodel",9,3,9,0,Swift,2023-03-31T07:11:51Z,2025-10-22T11:22:32Z,https://github.com/smbrmoyo/SwiftUIProfileNavigationTutorial
MVVM,repo_search,MVVM,276616966,m4rr/iOS-macOS-MVVM-Demo,iOS-macOS-MVVM-Demo,"Example UIKit/SwiftUI Photo Lib app, built using MVVM architecture","catalyst,demo,example,ios,macos,mvvm,networking,swift,swiftui",9,2,9,0,Swift,2020-07-02T10:28:49Z,2024-11-13T14:39:01Z,https://github.com/m4rr/iOS-macOS-MVVM-Demo
MVVM,repo_search,MVVM,566767799,barisozgenn/NetflixCloneSwiftUIMacOS,NetflixCloneSwiftUIMacOS,"Netflix Simple Clone - SwiftUI - macOS 13 Ventura - MVVM, Realm, window & sheet & item layered animations, AVKit custom represented player","combine,macos-ventura,macos13,netflix,netflix-clone,swiftui",9,5,9,0,Swift,2022-11-16T11:32:34Z,2026-02-22T03:59:11Z,https://github.com/barisozgenn/NetflixCloneSwiftUIMacOS
MVVM,repo_search,MVVM,306309212,SageTheThird/WhatsCooking-iOS,WhatsCooking-iOS,"WhatsCooking is a Recipe App built on top of TheMealDB, built with SwiftUI, Alamofire, RxSwift, with MVVM Architecture.",,9,4,9,0,Swift,2020-10-22T11:03:06Z,2025-06-26T18:14:16Z,https://github.com/SageTheThird/WhatsCooking-iOS
MVVM,repo_search,MVVM,341476198,dinhquan/SwiftUICleanArchitecture,SwiftUICleanArchitecture,iOS Clean Architecture with SwiftUI,"combine,mvvm,reactive-programming,swiftui",9,0,9,0,Swift,2021-02-23T08:06:39Z,2024-06-21T07:20:52Z,https://github.com/dinhquan/SwiftUICleanArchitecture
MVVM,repo_search,MVVM,530977569,Swift-Coding-Club/TossSecuritiesStockCloneAPP,TossSecuritiesStockCloneAPP,토스 증권 클론 및  앱 출시  예정 프로젝트 ,"chartview,clean-architecture,clean-code,design-patterns,mvvm,scc-2nd,swiftui",9,4,9,0,Swift,2022-08-31T07:26:11Z,2024-03-22T06:59:40Z,https://github.com/Swift-Coding-Club/TossSecuritiesStockCloneAPP
MVVM,repo_search,MVVM,873100291,edon2005/CoordinatorX,CoordinatorX,"A SwiftUI navigation framework for iOS, macOS, tvOS, watchOS, and visionOS, based on the coordinator pattern.","coordinator,coordinator-pattern,ios,ios-swift,ios-swiftui,macos,macos-swift,mvvm,mvvm-architecture,mvvm-c,swift,swiftui,swiftui-coordinator,swiftui-framework,tvos,tvos-framework,visionos,visionos-app,watchos,watchos-development",9,4,9,0,Swift,2024-10-15T15:46:17Z,2026-01-06T14:14:06Z,https://github.com/edon2005/CoordinatorX
MVVM,repo_search,MVVM,543799602,RoyNkem/Braze,Braze,Braze is a Crypto Currency App created using SwiftUI with MVVM architecture.,"appdevelopment,coinbase-api,combine-framework,coredata-swift,cryptocurrency,filemanager-module,ios-app,mvvm-architecture,swift,swiftui",9,0,9,3,Swift,2022-09-30T21:38:44Z,2025-02-23T15:32:29Z,https://github.com/RoyNkem/Braze
MVVM,repo_search,MVVM,404415292,weihas/AHUer,AHUer,"IOS AHUer, which help user, and use SwiftUI","coredata,ios,moya,mvvm,swift,swiftui",9,0,9,0,Swift,2021-09-08T16:16:32Z,2026-04-21T03:30:18Z,https://github.com/weihas/AHUer
MVVM,repo_search,MVVM,235145175,ThaysPrado/weatherSwiftUI,weatherSwiftUI,Sample iOS project built by SwiftUI + MVVM and Combine framework using https://www.metaweather.com/api/,"alamofire,combine,mvvm-architecture,swiftui",9,0,9,0,Swift,2020-01-20T16:24:15Z,2023-07-03T07:03:26Z,https://github.com/ThaysPrado/weatherSwiftUI
MVVM,repo_search,MVVM,1031061210,Saharshv/Foundation-Model-Tutorial,Foundation-Model-Tutorial,"iOS 26 chat app showcasing FoundationModels framework: on-device LLMs, tool calling, EventKit integration, and privacy-first AI implementation","apple-intelligence,chat-app,eventkit,foundation-models,ios,ios26,llm,mvvm,on-device-ai,swift,swiftui,tutorial",9,0,9,0,Swift,2025-08-02T23:26:34Z,2026-03-11T21:50:03Z,https://github.com/Saharshv/Foundation-Model-Tutorial
MVVM,repo_search,MVVM,369256078,alizainprasla/MVVM-Combine-SwiftUI,MVVM-Combine-SwiftUI,"Binance app using SwiftUI, Combine and MVVM Design Pattern","combine,mvvm,swift,swiftui",8,3,8,0,Swift,2021-05-20T15:32:18Z,2025-10-05T00:46:37Z,https://github.com/alizainprasla/MVVM-Combine-SwiftUI
MVVM,repo_search,MVVM,318271696,IrfanKhatik/SwiftUI,SwiftUI,SwiftUI-2-CoreData-MVVM-URLSession-DataTaskPublisher,,8,1,8,0,Swift,2020-12-03T17:35:55Z,2024-03-31T11:24:47Z,https://github.com/IrfanKhatik/SwiftUI
MVVM,repo_search,MVVM,279033222,ABashkirova/white-noise-swiftUI,white-noise-swiftUI,А simple white noise app to help with sleep.,"ios,mvvm,swift,swiftui",8,2,8,0,Swift,2020-07-12T09:36:10Z,2024-04-06T12:44:26Z,https://github.com/ABashkirova/white-noise-swiftUI
MVVM,repo_search,MVVM,440090801,jerryga/SwiftUI-MVVM-Combine,SwiftUI-MVVM-Combine,A demo demonstrates how to use combine and MVVM in the SwiftUI app.,,8,1,8,0,Swift,2021-12-20T08:11:29Z,2025-11-27T09:32:02Z,https://github.com/jerryga/SwiftUI-MVVM-Combine
MVVM,repo_search,MVVM,592444879,Onaeem26/CoreDataMVVMSwiftUI,CoreDataMVVMSwiftUI,Implementing CoreData in SwiftUI project using Model View View-Model (MVVM) architecture.,,8,0,8,0,Swift,2023-01-23T18:43:33Z,2025-07-24T17:11:21Z,https://github.com/Onaeem26/CoreDataMVVMSwiftUI
MVVM,repo_search,MVVM,475360556,kanekin/NetworkDemo,NetworkDemo,An app to demo networking with SwiftUI/MVVM,,8,0,8,0,Swift,2022-03-29T08:58:16Z,2024-09-12T11:08:37Z,https://github.com/kanekin/NetworkDemo
MVVM,repo_search,MVVM,359474769,ibru/my-tube,my-tube,iOS app using SwiftUI + MVVM + Redux + Clean Architecture,,8,0,8,1,Swift,2021-04-19T13:44:39Z,2024-01-23T10:47:09Z,https://github.com/ibru/my-tube
MVVM,repo_search,MVVM,743130899,sabapathy7/SOLIDPrinciplesExample,SOLIDPrinciplesExample,Demonstrating SOLID principles with Examples,"mvvm,network,solid-principles,spm,swift,swiftui",8,3,8,0,Swift,2024-01-14T12:34:06Z,2025-04-10T05:13:44Z,https://github.com/sabapathy7/SOLIDPrinciplesExample
MVVM,repo_search,MVVM,807446622,samyoney/SwiftCleanBase,SwiftCleanBase,An iOS app built with SwiftUI (MVVM architecture framework),,8,0,8,0,Swift,2024-05-29T05:56:28Z,2026-02-25T01:17:54Z,https://github.com/samyoney/SwiftCleanBase
MVVM,repo_search,MVVM,761779929,iamnaran/dragon-fly-ios,dragon-fly-ios,"A iOS App made with SwiftUI, SwiftData , MVVM, NavigationStack","ios,ios26,loginflow,mvvm,navigation-router,navigationstack,swiftdata,swiftdata-example,swiftui,swiftui-app,swiftui-example",8,0,8,0,Swift,2024-02-22T13:32:18Z,2025-11-01T07:59:09Z,https://github.com/iamnaran/dragon-fly-ios
MVVM,repo_search,MVVM,307538081,prashuk/iOS-Fitness,iOS-Fitness,,"combine,firebase,mvvm,swift,swiftui",8,2,8,0,Swift,2020-10-27T00:07:17Z,2025-02-20T06:20:01Z,https://github.com/prashuk/iOS-Fitness
MVVM,repo_search,MVVM,256513894,akinoavx13/weather-swiftui,weather-swiftui,Testing SwiftUI. Accessible weather app for the blind and visually impaired. Made with https://darksky.net/dev,"accessibility,blind-people,clean-a,combine,darksky-api,firebase,impaired,ios,mvvm,rxswift,swift,swiftlint,swiftui,xcode",8,0,8,0,Swift,2020-04-17T13:41:35Z,2022-01-20T13:09:50Z,https://github.com/akinoavx13/weather-swiftui
MVVM,repo_search,MVVM,522407401,Aksiomka/NavigationTest,NavigationTest,An iOS application written to demonstrate new navigation in SwiftUI,"ios,ios-app,mvvm,swift,swiftui",8,0,8,0,Swift,2022-08-08T04:44:28Z,2025-07-24T13:04:59Z,https://github.com/Aksiomka/NavigationTest
MVVM,repo_search,MVVM,463850287,tomsmolik/ios-alamofire-client-example,ios-alamofire-client-example,REST Client based on Alamofire 5 and RxSwift library. Supports OAuth2 and Basic authentication interceptor.,"alamofire,cocoapods,examples,mvvm,networking,oauth2,rxswift,swiftui",8,2,8,0,Swift,2022-02-26T12:44:47Z,2025-10-19T17:36:39Z,https://github.com/tomsmolik/ios-alamofire-client-example
MVVM,repo_search,MVVM,738692782,JonatanOrtiz/Similarity,Similarity,"An app dedicated to the study and implementation of SOLID, MVVM-C, Modularization, SwiftUI, Combine, SPM, XCodeGen, Makefile, SwiftGen, SwiftLint, iOS Automation, CI/CD (Jenkin, Fastlane, Github App) and other technologies and patterns.","automation,ci-cd,combine,fastlane,githubapp,jenkins,makefile,modularization,mvvm-c,solid,spm,swift-package-manager,swiftgen,swiftlint,swiftui,xcodegen",8,2,8,0,Swift,2024-01-03T20:28:28Z,2025-12-27T18:02:43Z,https://github.com/JonatanOrtiz/Similarity
MVVM,repo_search,MVVM,664650774,Allyns/SmallSquareBox,SmallSquareBox,"一个个人项目，swift+swiftui,mvvm，网络请求，下拉刷新，上拉加载，复杂布局，本地存储，多个小应用实战",,8,2,8,0,Swift,2023-07-10T12:54:42Z,2026-03-05T07:46:56Z,https://github.com/Allyns/SmallSquareBox
MVVM,repo_search,MVVM,853712613,banghuazhao/AdRevenue-Watch,AdRevenue-Watch,An iOS app built with SwiftUI and Swift Concurrency to fetch and display AdMob network reports. Follows MVVM + Clean Architecture for maintainability and scalability.,"admob,api-integration,async-await,clean-architecture,google-apis,ios,ios-development,mobile-app,mvvm,oauth2,swift,swift-concurrency,swiftui",8,1,8,0,Swift,2024-09-07T10:20:14Z,2025-11-11T06:36:39Z,https://github.com/banghuazhao/AdRevenue-Watch
MVVM,repo_search,MVVM,532628424,nagornik/Math-Game-iOS,Math-Game-iOS,"An iOS game written in SwiftUI, using MVVM. Game generates a question - two numbers you must add and generates four answers only one of which is correct. You must tap a button with the correct answer in 5 seconds while the timer goes down showing animated color ring.","app,game,ios,ios-game,puzzle,swift,swiftui",8,0,8,0,Swift,2022-09-04T18:48:39Z,2026-01-05T07:17:04Z,https://github.com/nagornik/Math-Game-iOS
MVVM,repo_search,MVVM,524391031,5j54d93/Quoridor-iOS-Game,Quoridor-iOS-Game,An iOS game develop with SwiftUI & Firebase in MVVM with so many excellent features！UI refer to STARLUX、Pokémon GO and Instagram. User could login with many social media accounts and play Quoridor with others on Internet.,"admod,authentication,crashlytics,emailsingin,facebooklogin,firebase,firestorage,firestore,googlesignin,localizable,mvvm,quoridor,swiftui,twittersignin",8,1,8,0,Swift,2022-08-13T12:18:10Z,2025-02-05T10:09:58Z,https://github.com/5j54d93/Quoridor-iOS-Game
MVVM,repo_search,MVVM,1117290937,Rich627/SmartCard,SmartCard,iOS app to maximize credit card rewards with smart recommendations,"cashback,credit-card,credit-card-rewards,ios,ios-app,mvvm,personal-finance,rewards,swift,swiftui",8,1,8,7,Swift,2025-12-16T05:27:32Z,2026-03-31T08:50:22Z,https://github.com/Rich627/SmartCard
MVVM,repo_search,MVVM,662278703,yusasarisoy/Talkaid,Talkaid,"Talkaid is an interactive messaging iOS app that allows users to engage in conversations with an AI assistant. Users have the option to interact with the AI assistant through text input via the keyboard or by sending voice messages, facilitating seamless communication.","ai,aiassistant,api,async-await,chatbot,chatgpt,mock,mockapi,mvvm,network,networking,openai,protocol,reactive-programming,swift,swiftlint,swiftui,unit-testing",8,2,8,0,Swift,2023-07-04T19:02:36Z,2026-03-04T03:24:00Z,https://github.com/yusasarisoy/Talkaid
MVVM,repo_search,MVVM,559914896,Abdulmoeezz/MVVM_SWIFTUI,MVVM_SWIFTUI,,,7,3,7,0,Swift,2022-10-31T11:16:43Z,2022-11-04T00:00:30Z,https://github.com/Abdulmoeezz/MVVM_SWIFTUI
MVVM,repo_search,MVVM,733112482,0xYanis/Clean-SwiftUI,Clean-SwiftUI,A simple example of a CleanSwift architecture with SwiftUI,"clean-architecture,clean-swift,coordinator,dependency-injection,example,mvvm,mvvm-coordinator,sample,swift,swiftui",7,2,7,0,Swift,2023-12-18T15:35:52Z,2024-12-14T13:25:24Z,https://github.com/0xYanis/Clean-SwiftUI
MVVM,repo_search,MVVM,198201216,mishagray/yacpa,yacpa,An MVVM example using SwiftUI and Combine,,7,0,7,0,Swift,2019-07-22T10:31:46Z,2020-03-07T15:05:15Z,https://github.com/mishagray/yacpa
MVVM,repo_search,MVVM,1079954776,matteom/SwiftDataMVVM,SwiftDataMVVM,A sample iOS app in SwiftUI showcasing the MVVM architectural pattern with SwiftData.,"dynamic-property,mvvm,mvvm-architecture,property-wrapper,swift,swiftdata,swiftui,unit-testing",7,0,7,0,Swift,2025-10-20T16:35:48Z,2026-04-29T05:12:35Z,https://github.com/matteom/SwiftDataMVVM
MVVM,repo_search,MVVM,641648752,ryanbalieiro/SwiftUI-Pokedex,SwiftUI-Pokedex,📕 An implementation of a Pokédex illustrating the integration of SwiftUI framework with Clean MVVM architecture.,,7,0,7,0,Swift,2023-05-16T22:01:15Z,2026-03-14T00:04:34Z,https://github.com/ryanbalieiro/SwiftUI-Pokedex
MVVM,repo_search,MVVM,725972101,stolyarenkoks/Traffic-Light-SwiftUI-Demo,Traffic-Light-SwiftUI-Demo,Custom traffic light component inspired by a real traffic light.,"animation,ios,mvvm,swift,swiftui,trafficlight",7,0,7,0,Swift,2023-12-01T09:03:20Z,2026-05-10T13:20:14Z,https://github.com/stolyarenkoks/Traffic-Light-SwiftUI-Demo
MVVM,repo_search,MVVM,825349987,ArunaUd92/MVVM-CleanArchitecture,MVVM-CleanArchitecture,"Template iOS app using Clean Architecture and MVVM. The app is built using SwiftUI and Combine. It includes the following components: UseCase, Repository, Network, and ViewModels, ensuring a modular, maintainable, and testable architecture.","clean-architecture,ios,mvvm,mvvm-architecture,swift,swiftui,viewmodel,xcode",7,1,7,0,Swift,2024-07-07T14:40:42Z,2025-06-29T04:20:56Z,https://github.com/ArunaUd92/MVVM-CleanArchitecture
MVVM,repo_search,MVVM,262434713,c-villain/CovidStatApp,CovidStatApp,SwiftUI & Combine app using Covid19 API. Based on MVVM with a custom Flux (Redux) implementation.,"coredata,flux,ios,maccatalyst,macos,mvvm,mvvm-architecture,redux,servicelocator,swift-package-manager,swiftui,swiftui-example",7,0,7,0,Swift,2020-05-08T21:43:44Z,2023-01-19T11:39:17Z,https://github.com/c-villain/CovidStatApp
MVVM,repo_search,MVVM,742699080,Nexters/Don-t-Forget---iOS,Don-t-Forget---iOS,[🔚 서비스 종료] 음력 기반 디데이 서비스 - 챙겨챙겨의 아요 레포입니다 ,"clean-architecture,mvvm,swift,swiftui",7,0,7,6,Swift,2024-01-13T05:12:05Z,2025-05-28T05:00:47Z,https://github.com/Nexters/Don-t-Forget---iOS
MVVM,repo_search,MVVM,498965579,dekapd99/CovStats,CovStats,"Aplikasi iOS Statistik Internasional Penyebaran Covid-19 dengan SwiftUI, MVVM Design Pattern, dan REST APIs dari rapidapi.com","covid-19,ios-app,mvvm-ios,rest-api,swift5,swiftui",7,0,7,0,Swift,2022-06-02T02:32:32Z,2022-08-01T17:52:44Z,https://github.com/dekapd99/CovStats
MVVM,repo_search,MVVM,623161876,mbabicz/SwiftMeal,SwiftMeal,"SwiftUI-based system, utilizing Firebase and MVVM architecture. A complete food service solution with dedicated customer, delivery and restaurant apps.","firebase,ios,mobile-app,restaurant,swift,swift5,swiftui,xcode",7,0,7,0,Swift,2023-04-03T20:26:24Z,2024-11-09T17:27:12Z,https://github.com/mbabicz/SwiftMeal
MVVM,repo_search,MVVM,1117974923,gentle-giraffe-apps/GentleDesignShowcase,GentleDesignShowcase,"A curated showcase of modern iOS UI screens, interactions, and design-system patterns built with SwiftUI.","design-system,ios,mvvm,swift-charts,swift-concurrency,swiftui,tuist",7,0,7,0,Swift,2025-12-17T04:49:56Z,2026-03-18T15:50:36Z,https://github.com/gentle-giraffe-apps/GentleDesignShowcase
MVVM,repo_search,MVVM,507963394,maxhumber/Ponkan,Ponkan,"Mandarin Chinese to Pinyin, IRT.","cadi,ios,ios-app,mvvm,swift,swiftui",7,0,7,0,Swift,2022-06-27T15:27:06Z,2024-03-31T01:48:59Z,https://github.com/maxhumber/Ponkan
MVVM,repo_search,MVVM,300313798,Glaver/MovieBase,MovieBase,An iOS app written in Swift with SwiftUI. Shows information about movies and TV show using theMovieDataBase API,"combine,movies,mvvm,realmswift,swift,swiftui,tmdb,tmdb-api,tmdb-client",7,0,7,0,Swift,2020-10-01T14:43:34Z,2025-11-08T19:25:39Z,https://github.com/Glaver/MovieBase
MVVM,repo_search,MVVM,627813105,FireLord/SlideNews,SlideNews,News app SwiftUI. SwiftData for data retrieval. Resembles  next-gen Inshorts app. Employed clean MVVM architecture and crafted custom shapes using SwiftUI's Path and Bézier curve concept. With smooth animations all over the app for good UX.,"animation,clean-architecture,ios,ios-app,mvvm-architecture,mvvm-ios,news-app,newsapi,swift,swiftdata,swiftui,uibezierpath",7,0,7,0,Swift,2023-04-14T08:56:49Z,2025-11-12T17:35:02Z,https://github.com/FireLord/SlideNews
MVVM,repo_search,MVVM,951166118,SardarSaqibKhan/Qibla-finder,Qibla-finder,"To find the heading direction to specific city, country etc, by using iPhone","compass,ios,mecca,mvvm,qibla-direction,qibla-finder,swift,swiftui",7,0,7,0,Swift,2025-03-19T09:06:02Z,2025-10-14T15:53:17Z,https://github.com/SardarSaqibKhan/Qibla-finder
MVVM,repo_search,MVVM,733445412,FX-PR0JECT/CHECKPASS-iOS,CHECKPASS-iOS,🛜 Bluetooth Beacon 기반 출석 체크 시스템 애플리케이션,"alamofire,clean-architecture,combine,ios,mvvm,rest-api,swift,swiftui",7,0,7,4,Swift,2023-12-19T10:48:30Z,2025-01-12T20:59:22Z,https://github.com/FX-PR0JECT/CHECKPASS-iOS
MVVM,repo_search,MVVM,445596606,AhmedNasserSh/LOL-Champions,LOL-Champions,LOL Champions app is a small Multi-Module demo application to demonstrate modern iOS application tech-stacks with a Multi-module and MVVM architecture,"async-await,clean-architecture,combi,combine,modularization,mvvm-architecture,swift,swiftlint,swiftui,swiinject,uitesting,unit-testing",7,1,7,1,Swift,2022-01-07T17:12:46Z,2024-01-09T06:13:47Z,https://github.com/AhmedNasserSh/LOL-Champions
MVVM,repo_search,MVVM,386897923,MC3-WIP/monitool,monitool,🚀 Monitool is an iOS App that helps small business owner to monitor their employee. Owner can then assign task to their employee which employee will need to do and submit proof of work in the form of photos.,"apple,authentication,cocoapods,database,firebase,ios,ipad,iphone,mvvm,swiftui",7,0,7,4,Swift,2021-07-17T09:45:22Z,2025-03-08T02:14:51Z,https://github.com/MC3-WIP/monitool
MVVM,repo_search,MVVM,195787325,Czajnikowski/Babylon,Babylon,My demo submission to Babylon Health,"combine,combine-framework,ios,ios13,mvvm,reactive,reactive-programming,swift,swift5,swiftplaygrounds,swiftui",7,0,7,0,Swift,2019-07-08T10:11:14Z,2024-06-13T08:47:13Z,https://github.com/Czajnikowski/Babylon
MVVM,repo_search,MVVM,183854634,SKrotkih/TwilioCallKitQuickstart,TwilioCallKitQuickstart,Refactoring codebase of the Twilio Voice Swift Quickstart for iOS,"callkit,combine,concurrency,ios,mvvm,redux,swift,swift5,swiftpackage,swiftui,twilio,twilio-voice",7,1,7,1,Swift,2019-04-28T04:14:55Z,2023-03-09T15:16:39Z,https://github.com/SKrotkih/TwilioCallKitQuickstart
MVVM,repo_search,MVVM,453098653,SimformSolutionsPvtLtd/SwiftUI-Combine-MVVM,SwiftUI-Combine-MVVM,,,6,3,6,1,Swift,2022-01-28T14:31:08Z,2025-04-10T05:10:07Z,https://github.com/SimformSolutionsPvtLtd/SwiftUI-Combine-MVVM
MVVM,repo_search,MVVM,250776029,holixfactory/RxSwift-MVVM-SwiftUI-SampleApp,RxSwift-MVVM-SwiftUI-SampleApp,,,6,4,6,0,Swift,2020-03-28T11:21:24Z,2025-05-11T13:55:16Z,https://github.com/holixfactory/RxSwift-MVVM-SwiftUI-SampleApp
MVVM,repo_search,MVVM,214985237,KamikazeZirou/SwiftUI-MVVM,SwiftUI-MVVM,,,6,2,6,1,Swift,2019-10-14T08:11:11Z,2023-10-26T11:22:35Z,https://github.com/KamikazeZirou/SwiftUI-MVVM
MVVM,repo_search,MVVM,273891642,kiratheone/SwiftUI-MVVM-Combine-FoodRecipes,SwiftUI-MVVM-Combine-FoodRecipes,"A Sample iOS project built using the MVVM design pattern, Combine, dependency injection, and SwiftUI Framework","combine,dependency-injection,ios,mvvm,sw,swiftui",6,1,6,0,Swift,2020-06-21T11:35:35Z,2025-05-22T22:49:02Z,https://github.com/kiratheone/SwiftUI-MVVM-Combine-FoodRecipes
MVVM,repo_search,MVVM,457676466,alexsurdulescu/swiftui-async-networking-example,swiftui-async-networking-example,,"async-await,mvvm,mvvm-ios,swift-networking,swiftui,swiftui-async,swiftui-mvvm",6,3,6,0,Swift,2022-02-10T07:35:48Z,2024-05-07T00:54:44Z,https://github.com/alexsurdulescu/swiftui-async-networking-example
MVVM,repo_search,MVVM,304669750,laurensnol/SwiftUI-MVVM-Example,SwiftUI-MVVM-Example,Fully working SwiftUI MVVM project with CoreData and One-To-Many relationship.,"coredata,mvvm,swiftui",6,1,6,0,Swift,2020-10-16T15:39:56Z,2025-01-16T17:38:37Z,https://github.com/laurensnol/SwiftUI-MVVM-Example
MVVM,repo_search,MVVM,232935133,dimzfresh/SwiftUI-MVVM-GraphQL,SwiftUI-MVVM-GraphQL,,,6,0,6,0,Swift,2020-01-10T00:49:28Z,2021-10-04T00:42:31Z,https://github.com/dimzfresh/SwiftUI-MVVM-GraphQL
MVVM,repo_search,MVVM,384995108,anhnc55/Combine-MVVM,Combine-MVVM,Sample project with Combine + SwiftUI/UIKit and MVVM architecture,,6,0,6,0,Swift,2021-07-11T16:14:58Z,2024-01-24T07:24:52Z,https://github.com/anhnc55/Combine-MVVM
MVVM,repo_search,MVVM,466754084,indently/iPet,iPet,A simple app that demonstrates how you can take care of your very own pet in SwiftUI with MVVM.,,6,2,6,0,Swift,2022-03-06T14:01:35Z,2026-01-23T17:32:09Z,https://github.com/indently/iPet
MVVM,repo_search,MVVM,593373064,mbabicz/ChattingAPP,ChattingAPP,SwiftUI realtime chat app based on MVVM and Firebase.,"chat,chat-application,firebase,ios,realtime,swift,swiftui,xcode",6,0,6,0,Swift,2023-01-25T21:07:34Z,2023-05-19T12:16:34Z,https://github.com/mbabicz/ChattingAPP
MVVM,repo_search,MVVM,272553526,GiovanniE93-zz/DemoSwiftUI,DemoSwiftUI,A simple demo code for MVVM pattern using SwiftUI,,6,0,6,0,Swift,2020-06-15T22:06:16Z,2020-12-10T03:07:36Z,https://github.com/GiovanniE93-zz/DemoSwiftUI
MVVM,repo_search,MVVM,922687218,DrcKarim/CryptoProfitCalculator,CryptoProfitCalculator,Crypto Profit Calculator IOS Application. SwiftUI/Design Patterns/MVVM,,6,0,6,0,Swift,2025-01-26T20:58:25Z,2025-10-20T09:57:59Z,https://github.com/DrcKarim/CryptoProfitCalculator
MVVM,repo_search,MVVM,565594083,mbabicz/ShoppingApp,ShoppingApp,Shopping app with Firebase. Developed using SwiftUI and MVVM architecture.,"firebase,ios,mobile-app,shopping-app,swift,swiftui,xcode",6,0,6,0,Swift,2022-11-13T22:03:26Z,2025-03-18T19:32:31Z,https://github.com/mbabicz/ShoppingApp
MVVM,repo_search,MVVM,492433562,dancarvajc/TMDB-SwiftUI-iOS,TMDB-SwiftUI-iOS,"An iOS app that consume info from de TMDB API. Developed with SwiftUI, MVVM, Async/Await working on iOS 14+.","swiftui,tmdb,tmdb-rest-api",6,1,6,0,Swift,2022-05-15T08:48:31Z,2024-11-06T16:06:52Z,https://github.com/dancarvajc/TMDB-SwiftUI-iOS
MVVM,repo_search,MVVM,633543345,nssina/NSGitHub,NSGitHub,A mini GitHub client written in SwiftUI.,"github,mvvm,swift,swiftui",6,0,6,0,Swift,2023-04-27T18:24:14Z,2024-08-02T10:11:47Z,https://github.com/nssina/NSGitHub
MVVM,repo_search,MVVM,500088702,vdshko/TicTacToe,TicTacToe,TicTacToe game - written using SwiftUI in tandem with AppState-MVVM architecture.,"appstate,mvvm-architecture,swiftui",6,0,6,0,Swift,2022-06-05T12:16:02Z,2026-04-16T07:52:00Z,https://github.com/vdshko/TicTacToe
MVVM,repo_search,MVVM,264180495,arjun011/The-Film,The-Film,The Film this project is making in SwiftUI with MVVM architecture. And try to cover all controls and make some good UI. ,swiftui,6,0,6,0,Swift,2020-05-15T11:50:52Z,2023-07-17T12:41:40Z,https://github.com/arjun011/The-Film
MVVM,repo_search,MVVM,475726834,YAPP-Github/20th-iOS-Team-2-FE,20th-iOS-Team-2-FE,SOFA: 우리 가족만의 공간 👨‍👩‍👧‍👦,"combine,mvvm,swiftui",6,0,6,4,Swift,2022-03-30T05:06:56Z,2024-10-16T16:12:43Z,https://github.com/YAPP-Github/20th-iOS-Team-2-FE
MVVM,repo_search,MVVM,524633458,ThePerfectLegend/FootStats,FootStats,"The project uses MVVM architecture, interface created with SwiftUI, network requests with async/await",,6,1,6,0,Swift,2022-08-14T10:04:50Z,2024-12-08T15:23:45Z,https://github.com/ThePerfectLegend/FootStats
MVVM,repo_search,MVVM,719643325,Elaidzha1940/The-Crypto-App,The-Crypto-App,"⌨️ Build SwiftUI Crypto Tracker App with MVVM, Core Data, Combine, and API requests.",,6,1,6,0,Swift,2023-11-16T15:47:40Z,2025-02-22T22:08:36Z,https://github.com/Elaidzha1940/The-Crypto-App
MVVM,repo_search,MVVM,272032477,roynx98/trending-anime,trending-anime,📱 An iOS app made with SwiftUI and Combine for showing trending Animes,"anime,combine,ios,mvvm,swiftui",6,0,6,0,Swift,2020-06-13T15:12:42Z,2024-01-24T10:30:12Z,https://github.com/roynx98/trending-anime
MVVM,repo_search,MVVM,783177872,Livsy90/ProjectSUICoordinator,ProjectSUICoordinator,A fully developed iOS application built with SwiftUI and structured around the MVVM + Coordinator architecture pattern.,,6,0,6,0,Swift,2024-04-07T06:34:19Z,2026-01-16T01:14:42Z,https://github.com/Livsy90/ProjectSUICoordinator
MVVM,repo_search,MVVM,244392237,abdulbasit18/PaperShift-AdventCalender,PaperShift-AdventCalender,"A generic Advent Calendar iOS Application consisting of 24 door with amazing gifts using SwiftUI, Combine, MVVM, Unit Testing","advent-calendar-ios,architecture,combine-framework,gifts,mvvm,mvvm-c,swiftui",6,0,6,0,Swift,2020-03-02T14:31:56Z,2024-12-15T09:34:17Z,https://github.com/abdulbasit18/PaperShift-AdventCalender
MVVM,repo_search,MVVM,579208738,aisultanios/GramFlwrs,GramFlwrs,📊 An instagram analytics tool that I've built using Swift (SwiftUI + WidgetKit). I have used MVVM pattern to implement app's business logic.,"ios,swift,swiftui,widgetkit",6,1,6,0,Swift,2022-12-16T23:56:49Z,2024-12-27T12:17:35Z,https://github.com/aisultanios/GramFlwrs
MVVM,repo_search,MVVM;Model View ViewModel;Model-View-ViewModel,753764780,mustafos/AppStore,AppStore,"This project is a fully functional clone of the Apple AppStore, developed using Swift, SwiftUI, Combine, and the MVVM (Model-View-ViewModel) architecture. It aims to demonstrate best practices in building modern iOS applications, emphasizing a clean and maintainable codebase.","combine,mvvm,restful-api,search-algorithm,swift,swiftui",6,0,6,0,Swift,2024-02-06T18:47:15Z,2025-08-07T11:17:33Z,https://github.com/mustafos/AppStore
MVVM,repo_search,MVVM,434900039,GodwiniOS/SwiftSearch,SwiftSearch,,"combine,http,ios,mvvm,swift,swiftui",6,0,6,0,Swift,2021-12-04T12:51:36Z,2026-01-31T12:16:10Z,https://github.com/GodwiniOS/SwiftSearch
MVVM,repo_search,MVVM,1059734400,izamontenegro/Altroo,Altroo,"Altroo is an application designed for professional caregivers, built to efficiently organize and share care activities. Developed in Swift, it combines UIKit, SwiftUI, Combine, CoreData, and CloudKit, ensuring secure synchronization, offline functionality, and integrated communication between caregivers, family members, and healthcare professionals","combine,coordinator-pattern,healthcare,mvvm,swift,swiftui,uikit",6,0,6,0,Swift,2025-09-18T21:38:55Z,2025-12-22T12:34:46Z,https://github.com/izamontenegro/Altroo
MVVM,repo_search,MVVM,630669411,d108/Core-Motion-Gesture,Core-Motion-Gesture,"In SwiftUI, we use the accelerometer to detect a custom gesture of a user shaking their device in a double shaking motion. Our project represents a clean, modern approach to iOS development and is fun to play with.","accelerometer,combine,core-motion,ios,ios-app,mvvm,swiftui",6,0,6,0,Swift,2023-04-20T22:17:34Z,2025-10-05T22:10:35Z,https://github.com/d108/Core-Motion-Gesture
MVVM,repo_search,MVVM,277054628,boyvanamstel/Farlake,Farlake,"👨‍🎨 Catalyst app that uses MVVM, Coordinators, UIKit, SwiftUI, Combine, NSCache, URLCache and more to display paintings by Johannes Vermeer made available through the Rijksmuseum API.","catalyst,combine,coordinator,ios,ipados,macos,mvvm,nscache,swift,swiftui,uicollectionviewcompositionallayout,uicollectionviewdiffabledatasource,uiwindowscenedelegate,urlcache",6,1,6,0,Swift,2020-07-04T06:41:22Z,2022-10-07T12:08:11Z,https://github.com/boyvanamstel/Farlake
MVVM,repo_search,MVVM,437693159,Datafox-JCP/LoginDemo,LoginDemo,Login screen - Sample screen created for job application,"combine,mvvm,regex,swift,swiftui,validation,work",6,1,6,0,Swift,2021-12-13T00:52:15Z,2023-03-06T20:39:50Z,https://github.com/Datafox-JCP/LoginDemo
MVVM,repo_search,MVVM,698527055,Harry-KNIGHT/Random-Dogs-Widget-iOS17,Random-Dogs-Widget-iOS17,"Explore the latest widget capabilities, including the addition of buttons for enhanced user interactions.","dependency-injection,ios,mvvm,swift,swiftui,swiftuiexample,widget,widgetkit",6,0,6,0,Swift,2023-09-30T07:12:35Z,2025-08-07T03:11:11Z,https://github.com/Harry-KNIGHT/Random-Dogs-Widget-iOS17
MVVM,repo_search,MVVM,701078774,ecemozturkk/ChatBot,ChatBot,This is a SwiftUI-based iOS application that integrates with the OpenAI API to provide a chatbot powered by ChatGPT. The app allows users to engage in conversations with the chatbot and store their chats using Firebase as the backend.,"chatbot,chatgpt,firebase,firebase-auth,firestore-database,mvvm,openai-api,swiftui",6,1,6,0,Swift,2023-10-05T21:47:25Z,2025-04-15T21:54:26Z,https://github.com/ecemozturkk/ChatBot
MVVM,repo_search,MVVM,948631595,Archichil/UniWeather,UniWeather,"Sleek, modern weather application inspired by Apple's design philosophy. Written for iOS 17 and watchOS 11 using Swift and SwiftUI.","ai,apple,combine,ios,ios17,mapkit,maps,mvvm,swift,swiftdata,swiftui,uikit,watchos,weather,weather-app,weather-forecast,widgetkit",6,1,6,0,Swift,2025-03-14T17:15:23Z,2026-02-05T03:03:36Z,https://github.com/Archichil/UniWeather
MVVM,repo_search,MVVM,634712935,karami-mehdi/BookBench,BookBench,"BookBench is a dynamic iOS app that streamlines library seat reservations. It uses SwiftUI and follows MVVM architecture. Key features include SignUp, LogIn, and Reset Password views with Firebase integration. The visually appealing launch screen and custom Lottie animation enhance the user experience.","firebase-auth,firebase-database,forgot-password,forgot-password-email,ios,login,mvvm,signup,swiftui",6,0,6,0,Swift,2023-05-01T01:39:28Z,2025-12-02T22:18:34Z,https://github.com/karami-mehdi/BookBench
MVVM,repo_search,MVVM,332559506,Gtwatt1/SpeechifyT,SpeechifyT,"An iOS app that records, play and transcribe using google speech to text api.","accessibility,audio,audioplayer,audiorecorder,combine,localization,mvvm,speech-to-text,swiftui",6,0,6,0,Swift,2021-01-24T21:25:23Z,2025-07-03T13:35:57Z,https://github.com/Gtwatt1/SpeechifyT
MVVM,repo_search,MVVM,784579415,ferrydwianta/TinniPal,TinniPal,"TinniPal is an iOS app built with SwiftUI, it is a sound mask app to help tinnitus sufferers get distracted from their tinnitus and make it less noticeable. This app is equipped with natural sounds library, where user can get distracted from the tinnitus ringing and get relaxed or calm at the same time.","avfoundation,combine-framework,ios,mvvm,relaxing-sounds,sounds,soundscape,swift,swiftui,tinnitus",6,0,6,0,Swift,2024-04-10T06:07:06Z,2026-03-26T05:00:27Z,https://github.com/ferrydwianta/TinniPal
MVVM,repo_search,MVVM,945732555,Jeon0976/iOS-CleanArchitecture-Sample,iOS-CleanArchitecture-Sample,모듈화가 적용된 Clean Architecture iOS 샘플 앱입니다.,"cleanarchitecture,combine,coordinator,dicontainer,ios,lrucache,mvvm,protocol-oriented-programming,swiftconcurrency,swiftui,tuist,uikit,unittest,xctest",6,0,6,1,Swift,2025-03-10T03:19:04Z,2026-01-19T01:52:48Z,https://github.com/Jeon0976/iOS-CleanArchitecture-Sample
MVVM,repo_search,MVVM,536871902,benlmyers/MVVM-SwiftUI,MVVM-SwiftUI,A simple SwiftUI MVVM multiplatform project template.,,5,4,5,0,Swift,2022-09-15T05:06:51Z,2025-01-17T01:27:40Z,https://github.com/benlmyers/MVVM-SwiftUI
MVVM,repo_search,MVVM,419301547,PacktPublishing/SwiftUI-Tic-Tac-Toe-Online-Multiplayer-Game-for-iOS-15-MVVM,SwiftUI-Tic-Tac-Toe-Online-Multiplayer-Game-for-iOS-15-MVVM,"SwiftUI Tic Tac Toe Online Multiplayer Game for iOS 15, MVVM, by Packt Publishing",,5,5,5,0,Swift,2021-10-20T11:29:04Z,2024-12-12T09:59:38Z,https://github.com/PacktPublishing/SwiftUI-Tic-Tac-Toe-Online-Multiplayer-Game-for-iOS-15-MVVM
MVVM,repo_search,MVVM,730695187,KareemAbdelSattar/GithubApp,GithubApp,SwiftUI - MVVM - Combine,,5,1,5,0,Swift,2023-12-12T13:29:43Z,2024-02-04T16:25:30Z,https://github.com/KareemAbdelSattar/GithubApp
MVVM,repo_search,MVVM,277244135,rifqifadh/GameCatalog,GameCatalog,SwiftUI with MVVM,"mvvm-architecture,swiftui",5,1,5,0,Swift,2020-07-05T06:26:11Z,2023-07-11T12:07:35Z,https://github.com/rifqifadh/GameCatalog
MVVM,repo_search,MVVM,536061643,yoshiysh/swiftui_architecture_mvvm,swiftui_architecture_mvvm,,,5,0,5,2,Swift,2022-09-13T09:55:14Z,2023-09-04T15:41:54Z,https://github.com/yoshiysh/swiftui_architecture_mvvm
MVVM,repo_search,MVVM,616737468,doyeonjeong/SwiftUI-MVVM-Test,SwiftUI-MVVM-Test,MVVM DataFlow 파악을 위해 만들어 본 작은 예제 프로젝트,,5,1,5,0,Swift,2023-03-21T01:20:55Z,2024-10-11T00:49:43Z,https://github.com/doyeonjeong/SwiftUI-MVVM-Test
MVVM,repo_search,MVVM,887146719,heyflavio/SwiftUI-MVVM-C-Best-Practices,SwiftUI-MVVM-C-Best-Practices,,,5,0,5,0,Swift,2024-11-12T08:48:11Z,2026-02-18T11:21:40Z,https://github.com/heyflavio/SwiftUI-MVVM-C-Best-Practices
MVVM,repo_search,MVVM,337440070,MortezaNedaei/SwiftUI-Github-Client,SwiftUI-Github-Client,"iOS Github Client built in SwiftUI, MVVM, Combine using Github-API","combine,github-api,ios,mvvm,observable-object,published,swift,swifui,urlsession",5,2,5,0,Swift,2021-02-09T14:58:50Z,2023-12-05T15:45:28Z,https://github.com/MortezaNedaei/SwiftUI-Github-Client
MVVM,repo_search,MVVM,217129132,AndriyZaec/CarRentalApp,CarRentalApp,CarRentalApp based on MVVM using SwiftUI + Combine,,5,0,5,0,Swift,2019-10-23T18:42:14Z,2025-07-22T17:53:34Z,https://github.com/AndriyZaec/CarRentalApp
MVVM,repo_search,MVVM,300374852,theirfanshah/CookinSwiftUI-MVVM-tvOS,CookinSwiftUI-MVVM-tvOS,A Recipe App Written in SwiftUI Using TheMealDB APIs,,5,0,5,0,Swift,2020-10-01T18:01:26Z,2025-10-08T12:33:26Z,https://github.com/theirfanshah/CookinSwiftUI-MVVM-tvOS
MVVM,repo_search,MVVM,557141009,jayesh15111988/SwiftUIMVVMDemo,SwiftUIMVVMDemo,A repo for the code that demos how to use MVVM architecture with SwiftUI for iOS development,"mvvm,mvvm-architecture,network,swift,swiftui,swiftui-demo,swiftui-example",5,0,5,0,Swift,2022-10-25T06:35:59Z,2023-04-11T12:55:30Z,https://github.com/jayesh15111988/SwiftUIMVVMDemo
MVVM,repo_search,MVVM,221928734,techpro-studio/SwiftUIAppArchitecture,SwiftUIAppArchitecture,SwiftUI App architecture we use.  Feel free to contribute!,"architecture,factories,mvvm,swiftui,swinject",5,0,5,0,Swift,2019-11-15T13:23:37Z,2025-11-23T05:51:04Z,https://github.com/techpro-studio/SwiftUIAppArchitecture
MVVM,repo_search,MVVM,728822623,omarthamri/CarRentalApp,CarRentalApp,A simple car rental app implemented using swiftui,"car,car-rental,car-rental-app,car-rental-ui,ios,ios-app,mvvm,rent,rental,swift,swiftui,template,turo-clone,ui-template",5,2,5,0,Swift,2023-12-07T19:14:25Z,2025-03-30T10:39:04Z,https://github.com/omarthamri/CarRentalApp
MVVM,repo_search,MVVM,460664603,MatthewWurl/SwiftUI-Pokedex,SwiftUI-Pokedex,A Pokédex app created with the SwiftUI framework that utilizes data from PokeAPI. | iOS 17 | Swift 5.10 | MVVM | Networking,"ios,mvvm,pokeapi,pokedex,pokemon,swift,swiftui",5,0,5,0,Swift,2022-02-18T01:09:29Z,2024-12-11T03:34:41Z,https://github.com/MatthewWurl/SwiftUI-Pokedex
MVVM,repo_search,MVVM,298387476,phetsana/BoardGameList-MVVM-Input-Output,BoardGameList-MVVM-Input-Output,Sample code exploring SwiftUI and Combine using MVVM architecture with inputs/outputs ViewModel,,5,1,5,0,Swift,2020-09-24T20:26:08Z,2025-12-22T02:06:11Z,https://github.com/phetsana/BoardGameList-MVVM-Input-Output
MVVM,repo_search,MVVM,511908550,sorawitt/TaskManagement,TaskManagement,SwiftUI 3.0 - Task Manager App + Core Data - Complex UI - MVVM - CRUD - Xcode 13 - SwiftUI Tutorial,"ios,mvvm,swiftui,tutorial-sourcecode",5,1,5,0,Swift,2022-07-08T13:39:41Z,2025-03-18T17:13:35Z,https://github.com/sorawitt/TaskManagement
MVVM,repo_search,MVVM,320804839,rockname/SwiftUITodoApp,SwiftUITodoApp,A sample todo app to experiment on a migration from UIKit + RxSwift to SwiftUI + Combine.,"combine,coredata,mvvm,rxswift,swift,swiftui,todoapp",5,0,5,0,Swift,2020-12-12T10:32:59Z,2022-02-25T17:49:04Z,https://github.com/rockname/SwiftUITodoApp
MVVM,repo_search,MVVM,372984470,nstele/NewsAPPMVVM,NewsAPPMVVM,"Sample project to learn how to use swiftui 2.0 with Combine, we look into using SwiftUI MVVM, also interact with an API to get our newsfeed, use SPM(Swift Package Manager) to speed up our development flow and handle swiftui layout with views such as VStack.",,5,2,5,0,Swift,2021-06-01T23:21:46Z,2023-12-26T06:36:03Z,https://github.com/nstele/NewsAPPMVVM
MVVM,repo_search,MVVM,970471750,way2dipak/WeatherApp-SwiftUI,WeatherApp-SwiftUI,"A SwiftUI-based weather app using AccuWeather API with animated backgrounds, hourly and 5-day forecasts.","accuweather,combine,forecast,ios,mvvm,swiftui,weather,weather-api,weather-app",5,0,5,0,Swift,2025-04-22T04:23:38Z,2025-09-22T02:39:23Z,https://github.com/way2dipak/WeatherApp-SwiftUI
MVVM,repo_search,MVVM,354408792,adumrewal/tmdb-ios-app,tmdb-ios-app,The movie database (TMDb) iOS App in Swift with MVVM architecture.,"coredata,coredata-swift,ios,movies,mvvm,mvvm-architecture,notification,nuke,pagination,sample-app,swift,swiftui,themoviedb,tmdb,tmdb-api,urlsession",5,3,5,0,Swift,2021-04-03T22:40:52Z,2026-04-07T04:42:18Z,https://github.com/adumrewal/tmdb-ios-app
MVVM,repo_search,MVVM,631043015,Ryuk-C/CryptoVault-SwiftUI,CryptoVault-SwiftUI,CryptoVault shows you the current crypto market price and the news about crypto currencies.,"alamofire,combine,coredata,kingfisher,lottie-animation,lottie-ios,mvvm,swiftlint,swiftui",5,0,5,0,Swift,2023-04-21T19:22:28Z,2026-04-09T10:29:40Z,https://github.com/Ryuk-C/CryptoVault-SwiftUI
MVVM,repo_search,MVVM,739099486,sabapathy7/iOSNetworkExample,iOSNetworkExample,"This example app showcases how to leverage the power of Combine, Async-await, and Escaping Closures provided by NetworkKit ","async-await,closure,combine-framework,mvvm,mvvm-architecture,spm,swift,swift-package-manager,swiftui",5,3,5,0,Swift,2024-01-04T19:12:21Z,2025-04-10T05:14:05Z,https://github.com/sabapathy7/iOSNetworkExample
MVVM,repo_search,MVVM,836334913,dave-testaverde/CryptoSpy,CryptoSpy,"App for monitoring the cryptocurrency market using SwiftUI, Clean Architecture, MVVM and CoinGecko APIs",,5,0,5,0,Swift,2024-07-31T16:19:32Z,2026-03-16T23:18:30Z,https://github.com/dave-testaverde/CryptoSpy
MVVM,repo_search,MVVM,339207758,rphlfc/Netflix,Netflix,Tela principal do aplicativo da Netflix feita com SwiftUI usando MVVM e The MovieDB API,,5,1,5,0,Swift,2021-02-15T21:09:40Z,2022-02-22T03:49:04Z,https://github.com/rphlfc/Netflix
MVVM,repo_search,MVVM,492877239,ThePerfectLegend/Crypto-Tracker,Crypto-Tracker,"The project uses MVVM Architecture, SwiftUI, Combine, CoreData. Live cryptocurrency data is downloaded from CoinGecko API.","combine,coredata,mvvm,swiftui",5,1,5,0,Swift,2022-05-16T14:44:17Z,2025-04-03T21:26:11Z,https://github.com/ThePerfectLegend/Crypto-Tracker
MVVM,repo_search,MVVM,396488102,burhanaras/ListenHub-AudioBooks,ListenHub-AudioBooks,An audio book app to show modern iOS development with SwiftUI + Combine on MVVM-C architecture.,"combine,mvvm,swift,swiftui",5,0,5,0,Swift,2021-08-15T20:38:37Z,2025-03-09T10:21:51Z,https://github.com/burhanaras/ListenHub-AudioBooks
MVVM,repo_search,MVVM,467418406,dayo2n/Instagram-Clone,Instagram-Clone,인스타그램 클론 코딩으로 SwiftUI와 MVVM을 공부합니다 😵‍💫,"instagram,ios,mvvm,swiftui",5,0,5,1,Swift,2022-03-08T08:05:47Z,2026-01-19T08:44:37Z,https://github.com/dayo2n/Instagram-Clone
MVVM,repo_search,MVVM,253118641,apple-avadhesh/NovelCOVID-Swift,NovelCOVID-Swift,"This project is a COVID case tracking app built with Swift, SwiftUI, and Combine, using the MVVM architecture.",,5,0,5,0,Swift,2020-04-04T23:30:33Z,2024-10-28T02:10:43Z,https://github.com/apple-avadhesh/NovelCOVID-Swift
MVVM,repo_search,MVVM,574705060,TriosDevs/todolist-ios,todolist-ios,A to-do app for creating lists of task. Powered by SwiftUI & MVVM Design Patterns and UIKit & MVC Design Patterns.,"api,ios,mvvm,swift,swiftui,todolist,uikit",5,1,5,0,Swift,2022-12-05T22:35:15Z,2024-06-20T06:57:01Z,https://github.com/TriosDevs/todolist-ios
MVVM,repo_search,MVVM,960376929,mohsinbmwm3/FormKit,FormKit,"FormKit is a lightweight and modular SwiftUI library for building declarative forms with real-time validation. It simplifies field binding, touched state tracking, and error display—all with native SwiftUI support.","form,ios,ios-swift,ios15,mvvm,swift,swift5,swiftui,swiftui-app",5,0,5,0,Swift,2025-04-04T10:28:42Z,2026-02-03T20:28:36Z,https://github.com/mohsinbmwm3/FormKit
MVVM,repo_search,MVVM,998031420,jeria93/CineMate,CineMate,"SwiftUI-based movie browser app using TMDB API. Built with MVVM, async/await, and secure API handling. Part of my iOS portfolio.","async-await,dependency-injection,ios,mvvm,portfolio,swift,swiftui,tmdb,tmdb-api,xcode",5,0,5,1,Swift,2025-06-07T18:08:57Z,2026-04-12T20:20:16Z,https://github.com/jeria93/CineMate
MVVM,repo_search,MVVM,821072405,Vitor-costa-diniz/SwiftData_and_CoreData,SwiftData_and_CoreData,Using both CoreData and SwiftData in the same project.,"coredata,mvvm,repository,swift,swiftdata,swiftui,unit-test,xctest",5,0,5,0,Swift,2024-06-27T18:52:54Z,2025-05-08T14:22:38Z,https://github.com/Vitor-costa-diniz/SwiftData_and_CoreData
MVVM,repo_search,MVVM,957401333,AranFononi/TodayToDo-App,TodayToDo-App,"An iOS To-Do app built with SwiftUI, featuring a colorful, user-friendly interface that supports both light and dark modes. It allows users to easily manage tasks, mark them as completed, and customize settings for a personalized experience. This project uses SwiftData for efficient data management and showcases my practice with SwiftUI. ","iosapp,mvvm,swift,swiftdata-example,swiftdataapp,swiftui-example,swiftui-learning,swiftuiapp,swiftuitodolist,todoapp,todolist,todolistapp",5,0,5,0,Swift,2025-03-30T09:24:04Z,2026-04-15T06:44:06Z,https://github.com/AranFononi/TodayToDo-App
MVVM,repo_search,MVVM,448319527,hamadayuuki/practice-iOS-architectures,practice-iOS-architectures,TCA,"ios,layered-architecture,mvc,mvvm,swift,swiftui,tca,viper",5,0,5,0,Swift,2022-01-15T15:44:50Z,2025-04-24T00:04:54Z,https://github.com/hamadayuuki/practice-iOS-architectures
MVVM,repo_search,MVVM,925605259,ANSCoder/RetailApp,RetailApp,"RetailApp is an iOS shopping app built with Swift, SwiftUI, and Combine, demonstrating modern architecture patterns like Dependency Injection and MVVM. It allows users to browse products, view details, and manage their cart.","dependency-injection,ios-swift,mock,swift-package-manager,swiftui-example,swiftui-learning,swinject,unit-testing",5,1,5,0,Swift,2025-02-01T09:24:16Z,2026-04-10T11:44:54Z,https://github.com/ANSCoder/RetailApp
MVVM,repo_search,MVVM,564656085,artemiosdev/Small-projects,Small-projects,"Here are examples of small applications, in order to study various functionality. Each of the applications has ready-made templates/usage examples","api,firebase,gcd,ios,mvc,mvvm,notes,swift,swiftui,uikit",5,0,5,0,Swift,2022-11-11T07:28:18Z,2024-11-04T07:03:35Z,https://github.com/artemiosdev/Small-projects
MVVM,repo_search,MVVM,1008591416,serhatkildaci/USDZtoPNG,USDZtoPNG,🎯 Professional macOS app that converts USDZ 3D models to high-quality PNG images with advanced rotation controls and studio lighting,"3d,3d-models,converter,image-processing,macos,mvvm,png,rendering,scenekit,swift,swiftui,usdz",5,0,5,0,Swift,2025-06-25T19:32:49Z,2026-05-02T02:43:34Z,https://github.com/serhatkildaci/USDZtoPNG
MVVM,repo_search,MVVM,643675817,dekapd99/Cardyo,Cardyo,🫀 🫁 Cardyo is a sports WatchOS application that records and calculates cardiovascular metrics with HealthKit. This application is designed for people who enjoy sports commonly played in Indonesia and wants to tracked their cardiovascular metrics. 👟 🏸,"calories-burned,cardio,clockkit,health-app,healthkit,mvvm,sports,swift5,swiftui,watchkit,watchos,xcode14",5,0,5,0,Swift,2023-05-21T22:43:53Z,2024-09-20T08:45:59Z,https://github.com/dekapd99/Cardyo
MVVM,repo_search,MVVM,376570450,b099l3/DinkleBot-NativeiOS,DinkleBot-NativeiOS,"A Destiny 2 companion app, that shows useful information for my needs. Also a testbed for me learning modern swift. ","alamofire,bungie-destiny-api,coordinator,coordinator-pattern,destiny-2,destiny2,ios,mvvm,realm,realmswift,swift,swiftmvvm,swiftui",5,1,5,5,Swift,2021-06-13T14:57:49Z,2025-03-31T14:00:36Z,https://github.com/b099l3/DinkleBot-NativeiOS
MVVM,repo_search,MVVM,795768761,KNUTICE/KNUTICE-iOS,KNUTICE-iOS,📢 핑프들을 위한 공지사항 알림 서비스,"clean-architecture,combine,coredata,ios,mvvm,rxswift,swift,swiftconcurrency,swiftui,tca,tuist,uikit,widgetkit",5,1,5,0,Swift,2024-05-04T02:26:53Z,2026-05-11T01:58:31Z,https://github.com/KNUTICE/KNUTICE-iOS
MVVM,repo_search,MVVM,819708472,giirugiru/MVVM-Combine-SwiftUI,MVVM-Combine-SwiftUI,,,4,4,4,0,Swift,2024-06-25T03:50:06Z,2024-09-18T18:20:33Z,https://github.com/giirugiru/MVVM-Combine-SwiftUI
MVVM,repo_search,MVVM,287591695,FightPandemics/FightPandemics-iOS-SwiftUI,FightPandemics-iOS-SwiftUI,Fight Pandemics iOS App: A place to offer and request help. Pandemics will happen. We help communities prepare and respond.,"combine,mvvm,swift5,swiftui",4,3,4,25,Swift,2020-08-14T17:47:44Z,2023-01-05T17:03:31Z,https://github.com/FightPandemics/FightPandemics-iOS-SwiftUI
MVVM,repo_search,MVVM,590193449,r3econ/swiftui-mvvm,swiftui-mvvm,SwiftUI iOS app showcasing MVVM architecture,"ios,mvvm,swift,swiftui",4,0,4,0,Swift,2023-01-17T21:15:42Z,2025-09-10T20:11:39Z,https://github.com/r3econ/swiftui-mvvm
MVVM,repo_search,MVVM,786703567,JARNBOY/Coffee_Papon_OPN_WK,Coffee_Papon_OPN_WK,MVVM+C + SwiftUI,,4,0,4,0,Swift,2024-04-15T06:30:40Z,2024-08-21T08:48:30Z,https://github.com/JARNBOY/Coffee_Papon_OPN_WK
MVVM,repo_search,MVVM,230575582,grinder81/SwiftUI-MVVM,SwiftUI-MVVM,,,4,0,4,0,Swift,2019-12-28T07:31:17Z,2023-04-11T05:48:26Z,https://github.com/grinder81/SwiftUI-MVVM
MVVM,repo_search,MVVM,197660874,CarlosLadd/KitsuMVVM,KitsuMVVM,Kitsu API with SwiftUI / MVVM,,4,1,4,0,Swift,2019-07-18T21:44:00Z,2020-09-09T15:20:58Z,https://github.com/CarlosLadd/KitsuMVVM
MVVM,repo_search,MVVM,869928865,Yoppei/swiftui-mvvm-clean-architecture-todo,swiftui-mvvm-clean-architecture-todo,ToDo - SwiftUI & Clean Architecture,,4,0,4,0,Swift,2024-10-09T06:31:59Z,2025-11-25T05:10:11Z,https://github.com/Yoppei/swiftui-mvvm-clean-architecture-todo
MVVM,repo_search,MVVM,541529053,maxkalik/uikit-swift-to-swiftui,uikit-swift-to-swiftui,MVVM+C UIKit project with SwiftUI,,4,1,4,0,Swift,2022-09-26T10:30:29Z,2025-01-03T01:43:35Z,https://github.com/maxkalik/uikit-swift-to-swiftui
MVVM,repo_search,MVVM,710309287,dev-iayush27/AsyncAwaitSwiftUI,AsyncAwaitSwiftUI,"async/await, MVVM, SwiftUI, Swift","mvvm,swift,swiftui",4,0,4,0,Swift,2023-10-26T12:47:45Z,2025-08-15T02:43:00Z,https://github.com/dev-iayush27/AsyncAwaitSwiftUI
MVVM,repo_search,MVVM,422995619,ahmdmhasn/ModernMVVM-Combine-SwiftUI,ModernMVVM-Combine-SwiftUI,Demo implementing Modern MVVM with Combine and SwiftUI,"combine,swift,swiftui",4,0,4,0,Swift,2021-10-30T21:37:07Z,2024-01-22T12:03:12Z,https://github.com/ahmdmhasn/ModernMVVM-Combine-SwiftUI
MVVM,repo_search,MVVM,427288391,YounessHassoune/TodoList-MVVM-Swift,TodoList-MVVM-Swift,simple todolist with swiftui using mvvm architecture,"ios,mvvm,swift,swift5,swiftui,xcode",4,0,4,0,Swift,2021-11-12T08:40:29Z,2021-11-16T15:42:51Z,https://github.com/YounessHassoune/TodoList-MVVM-Swift
MVVM,repo_search,MVVM,1172414270,joonlab/claude-code-macos-scheduler,claude-code-macos-scheduler,"Native macOS app to schedule and automate Claude Code CLI tasks using launchd. Swift + SwiftUI, MVVM architecture.",,4,2,4,0,Swift,2026-03-04T09:30:01Z,2026-03-07T01:25:15Z,https://github.com/joonlab/claude-code-macos-scheduler
MVVM,repo_search,MVVM,692682048,helloItsHEssam/SlidingPuzzle,SlidingPuzzle,SwiftUI Sliding Puzzle Game with MVVM Architecture,"mvvm,swift,swiftui,ui-test,unit-test",4,1,4,0,Swift,2023-09-17T08:52:49Z,2026-04-21T12:21:09Z,https://github.com/helloItsHEssam/SlidingPuzzle
MVVM,repo_search,MVVM,498315941,jacobsapps/ToDo,ToDo,"ToDo app build with SwiftUI, MVVM, and Combine",,4,0,4,0,Swift,2022-05-31T11:56:39Z,2024-12-08T12:11:56Z,https://github.com/jacobsapps/ToDo
MVVM,repo_search,MVVM,262866594,lkk688/SwiftUItest,SwiftUItest,"SwiftUItest sample code includes major components in SwiftUI, Binding, MVVM, network, Combine, Backend, Firebase, Photo, Camera, Vision, and CoreML custom models",,4,0,4,0,Swift,2020-05-10T20:08:03Z,2021-04-07T17:46:30Z,https://github.com/lkk688/SwiftUItest
MVVM,repo_search,MVVM;Model View ViewModel;Model-View-ViewModel,1045482323,kodlian/SwiftMVVM,SwiftMVVM,SwiftMVVM is a lightweight and pragmatic package for building SwiftUI applications using the Model–View–ViewModel (MVVM) architectural pattern.,,4,0,4,0,Swift,2025-08-27T08:40:11Z,2025-09-01T20:01:00Z,https://github.com/kodlian/SwiftMVVM
MVVM,repo_search,MVVM,299572312,d-exclaimation/CardJitsuClone,CardJitsuClone,Card Jitsu Game Clone for iOS using SwiftUI MVVM,"card-game,clubpenguin,swift,swiftui",4,1,4,2,Swift,2020-09-29T09:45:39Z,2022-10-01T13:49:55Z,https://github.com/d-exclaimation/CardJitsuClone
MVVM,repo_search,MVVM,977512282,Aakarsh-verma/SwiftUICarousels,SwiftUICarousels,"A collection of advanced, animated and innovative SwiftUI carousels with smooth transitions and effects. Built using clean MVVM and protocol-oriented design.","carousel,ios-app,swift,swiftui,transitions",4,0,4,1,Swift,2025-05-04T11:33:03Z,2026-01-28T12:57:56Z,https://github.com/Aakarsh-verma/SwiftUICarousels
MVVM,repo_search,MVVM,289958417,izmcm/SnakeGameSwiftUI,SnakeGameSwiftUI,O famoso jogo da cobrinha feito em SwiftUI com MVVM,,4,1,4,0,Swift,2020-08-24T14:56:54Z,2020-11-04T20:43:34Z,https://github.com/izmcm/SnakeGameSwiftUI
MVVM,repo_search,MVVM,926766445,SwiftieDev/SleepTracker-App-SwiftUI,SleepTracker-App-SwiftUI,SwiftUI Sleep Tracker App,"app,mvvm,onboarding,sleep-tracker,swift,swiftui,xcode",4,1,4,0,Swift,2025-02-03T20:25:55Z,2026-03-15T16:30:02Z,https://github.com/SwiftieDev/SleepTracker-App-SwiftUI
MVVM,repo_search,MVVM,569768335,GetRighhttt/PokedexApp,PokedexApp,Building a Pokedex App in SwiftUI using MVVM and clean code.,,4,0,4,0,Swift,2022-11-23T15:13:53Z,2025-11-19T00:27:03Z,https://github.com/GetRighhttt/PokedexApp
MVVM,repo_search,MVVM,444935407,hoseinali/MovieSearch,MovieSearch,The Movie Search allow you to search particular movie (MVVM + SwiftUI),,4,0,4,0,Swift,2022-01-05T20:04:59Z,2023-05-23T10:21:32Z,https://github.com/hoseinali/MovieSearch
MVVM,repo_search,MVVM,590103042,raulpenya/iOS-DroneApp-Clean-Architecture-MVVM,iOS-DroneApp-Clean-Architecture-MVVM,"Template iOS app using Clean Architecture and MVVM. Includes dependency injection, repository pattern, module architecture, Combine & SwiftUI",,4,1,4,0,Swift,2023-01-17T17:01:08Z,2023-03-01T05:00:54Z,https://github.com/raulpenya/iOS-DroneApp-Clean-Architecture-MVVM
MVVM,repo_search,MVVM,446541708,full-metal0/ARPrototype,ARPrototype,"SwiftUI, ARKit, RealityKit, Combine, Firebase","arkit,combine,firebase,mvvm,realitykit,swift,swiftui",4,0,4,0,Swift,2022-01-10T18:41:18Z,2025-03-25T14:26:04Z,https://github.com/full-metal0/ARPrototype
MVVM,repo_search,MVVM,1115994727,rongguanhui/IOS-App-Template,IOS-App-Template,这是一个基于 SwiftUI + MVVM + Modular Architecture 的现代化 iOS 应用开发脚手架。 旨在解决新项目启动时的重复配置工作，提供一套高内聚、低耦合、易扩展的代码结构标准。,"modular-architecture,mvvm,swiftui",4,1,4,0,Swift,2025-12-14T01:14:15Z,2025-12-27T08:52:52Z,https://github.com/rongguanhui/IOS-App-Template
MVVM,repo_search,MVVM,450848720,reoxidant/ProductListSwiftUI,ProductListSwiftUI,SwiftUI Project to fetch product list using the fakestoreapi and the MVVM architectural pattern.,"api,mvvm,swiftui",4,0,4,0,Swift,2022-01-22T14:59:16Z,2022-09-16T18:49:06Z,https://github.com/reoxidant/ProductListSwiftUI
MVVM,repo_search,MVVM,653819806,ngalinos95/iOS-DatePlanner,iOS-DatePlanner,A DatePlanner iOS application on SwiftUI with MVVM design pattern Observable Objects multiple Views Stacks and NavigationViews,"ios-app,swiftui",4,0,4,0,Swift,2023-06-14T20:07:12Z,2024-08-25T07:27:24Z,https://github.com/ngalinos95/iOS-DatePlanner
MVVM,repo_search,MVVM,805456776,Archichil/CurrencyConverter,CurrencyConverter,"App to show and convert currencies using NBRB's currency rates (MVVM, SwiftUI)","ios,mvvm,swift,swiftui",4,0,4,0,Swift,2024-05-24T16:03:59Z,2024-10-21T22:58:04Z,https://github.com/Archichil/CurrencyConverter
MVVM,repo_search,MVVM,752029429,BerkaySancar/CryptoApp-MVVM,CryptoApp-MVVM,Cryptocurrencies information app with Swift UIKit.,"cryptocurrency,firebase,firebaseremoteconfig,generics,mvvm,mvvm-c,rest-api,swift,swiftui,uikit",4,1,4,0,Swift,2024-02-02T21:18:53Z,2024-03-03T07:31:57Z,https://github.com/BerkaySancar/CryptoApp-MVVM
MVVM,repo_search,MVVM,900192701,tjana17/ClinicBooking,ClinicBooking,SwiftUI - Booking app using Firestore,"doctor-appointment-management,firebase-auth,firebase-database,firebase-realtime-database,firebase-storage,mvvm,mvvm-architecture,swift,swiftui",4,0,4,0,Swift,2024-12-08T05:31:56Z,2026-02-28T06:25:40Z,https://github.com/tjana17/ClinicBooking
MVVM,repo_search,MVVM;Model View ViewModel;Model-View-ViewModel,771448415,Creolestudios/SwiftUIFirebaseAuth,SwiftUIFirebaseAuth,"SwiftUIFirebaseAuth App is a SwiftUI-based iOS application that implements Firebase Authentication using the MVVM (Model-View-ViewModel) architecture. It provides features such as Google signup, password reset functionality, custom text input, and seamless login experience where the user does not need to login again after closing the application.",,4,0,4,0,Swift,2024-03-13T10:16:04Z,2025-05-27T12:44:15Z,https://github.com/Creolestudios/SwiftUIFirebaseAuth
MVVM,repo_search,MVVM,597558585,antonaliokhna/RSSNewsViewer,RSSNewsViewer,RSS News Viewer (UIKit + SwiftUI + MVVM). A mobile app to view the latest rss news.,"alamofire,api,async,await,mvvm,snapkit,solid,swift,swiftui,uikit,xml-parser",4,0,4,0,Swift,2023-02-04T22:39:52Z,2024-10-13T00:56:58Z,https://github.com/antonaliokhna/RSSNewsViewer
MVVM,repo_search,MVVM,519080605,abbasjoyia99/StocksAppSwiftUI,StocksAppSwiftUI,Stocks Application written in swiftUI by using MVVM design Pattern.Practice App center for CI/CD ,"appcenter-sample,cicd,design-patterns,mvvm-architecture,stock-price-prediction,stocks,swiftui",4,0,4,0,Swift,2022-07-29T04:35:19Z,2022-10-17T21:56:10Z,https://github.com/abbasjoyia99/StocksAppSwiftUI
MVVM,repo_search,MVVM,372613928,pabloprogramador/BasicSwiftUI,BasicSwiftUI,A simple Example of SwiftUI + Combine + ViewModel + MVVM + State + Event + Reduce + Feedback + Spin + HttpRequest  + Alternative Dependency Injection,,4,0,4,0,Swift,2021-05-31T19:49:57Z,2026-04-17T14:11:05Z,https://github.com/pabloprogramador/BasicSwiftUI
MVVM,repo_search,MVVM,320812537,atereshkov/stock-portfolio-tracker,stock-portfolio-tracker,"Simple SwiftUI app with DI, Navigation, Networking, Unit tests and more.","ios,mvvm,mvvm-architecture,mvvm-ios,swift,swift5,swiftui",4,1,4,0,Swift,2020-12-12T11:17:29Z,2025-09-15T05:28:24Z,https://github.com/atereshkov/stock-portfolio-tracker
MVVM,repo_search,MVVM,1041057812,theioslabs/Shaadify-iOS,Shaadify-iOS,"📱 Shaadify iOS – An open-source matrimony app built with love 💖 in Swift & SwiftUI, powered by MVVM and Combine. Crafted by the community, for the community ❤️, Shaadify showcases clean architecture, modular design, and modern Apple frameworks 🚀 – making it both a learning project and a real-world matrimony platform 💍.",,4,5,4,0,Swift,2025-08-19T23:21:25Z,2025-08-30T12:33:28Z,https://github.com/theioslabs/Shaadify-iOS
MVVM,repo_search,MVVM,1052077391,banghuazhao/Piano,Piano,A simple iOS piano keyboard built with SwiftUI and AVAudioEngine,"audio,ios,iosgames,midi,music,mvvm,piano,piano-keyboard,sf2,swift,swiftui",4,0,4,0,Swift,2025-09-07T11:05:25Z,2025-11-13T13:42:29Z,https://github.com/banghuazhao/Piano
MVVM,repo_search,MVVM,457904444,Aksiomka/WordsTrainer,WordsTrainer,An iOS application to learn words which is written using SwiftUI and Realm,"ios,ios-app,ios-swift,mvvm,mvvm-sample,realm,realmswift,swift,swiftui,widget",4,0,4,0,Swift,2022-02-10T18:42:11Z,2024-05-18T17:52:37Z,https://github.com/Aksiomka/WordsTrainer
MVVM,repo_search,MVVM,793518232,k1ckdown/WordsFactory,WordsFactory,"Education iOS app demonstrating implementation of Clean + Modular Architecture using SPM, Dependency Injection, MVVM with View State and Coordinator in SwiftUI","clean-architecture,coordinator,coredata,dependency-injection,firebase,ios,modular-architecture,modularization,mvvm,mvvm-c,mvvm-clean-architecture,swift,swift-concurrency,swiftui,swiftui-mvvm,swiftui-navigation,udf,urlsession,viewstate,widgets",4,0,4,0,Swift,2024-04-29T11:26:33Z,2026-04-09T10:29:43Z,https://github.com/k1ckdown/WordsFactory
MVVM,repo_search,MVVM,883151147,full-metal0/ArchEye,ArchEye,Приложение по определению архитектурного стиля зданий с помощью AI ,"avfoundation,coredata,coreml,mvvm,swift,swiftui",4,0,4,0,Swift,2024-11-04T13:17:32Z,2026-01-28T07:22:21Z,https://github.com/full-metal0/ArchEye
MVVM,repo_search,MVVM,686683776,sabapathy7/SwiftBlrTCADemo,SwiftBlrTCADemo,"Demo Application - Getting Started with TCA - 2nd September @ AiDash, Whitefield BLR","combine,mvvm,swift-composable-architecture,swiftui,tca,uikit",4,0,4,0,Swift,2023-09-03T15:58:32Z,2025-05-30T03:46:37Z,https://github.com/sabapathy7/SwiftBlrTCADemo
MVVM,repo_search,MVVM,698395546,helloItsHEssam/Library,Library,"A simple project with SwiftUI. In this project, it displays a list of favorite books and the details of each one.","alamofire,async,clean-architecture,mock-server,mvvm,swift,swiftui,unittest",4,0,4,0,Swift,2023-09-29T20:19:39Z,2025-01-02T16:46:19Z,https://github.com/helloItsHEssam/Library
MVVM,repo_search,MVVM,657932482,mrezkys/fun-quran-game,fun-quran-game,Fun Quran Game is a game where users can play connecting verses and guessing surahs in the Quran.,"mobile-app,mvvm,quran,quran-api,swift,swiftui,swiftui-mvvm",4,0,4,0,Swift,2023-06-24T08:50:29Z,2025-02-04T18:22:38Z,https://github.com/mrezkys/fun-quran-game
MVVM,repo_search,MVVM,610956081,DiegoM1/Dota2-Plus,Dota2-Plus,"iOS App of Dota 2 Video game to show heroes, heroes details, search specific hero, check players rank, teams rank. Using MVVM, SwiftUI. CI - Fastlane and swiftLint.","dota2,dota2-api,ios,ios-app,ios-swift,mobile,mobile-app,swift,swiftui,xcode",4,0,4,0,Swift,2023-03-07T20:23:35Z,2025-02-28T04:09:31Z,https://github.com/DiegoM1/Dota2-Plus
MVVM,repo_search,MVVM,502169401,reisdev/swift-tmdb-example,swift-tmdb-example,Exemplo de App iOS que consome a API do TMDB para exibir dados dos filmes,"moya,mvvm,rxswift,swift,swift-package-manager,swiftui,xctest",4,0,4,0,Swift,2022-06-10T20:13:28Z,2024-02-20T12:39:20Z,https://github.com/reisdev/swift-tmdb-example
MVVM,repo_search,MVVM,992025344,Rayllienstery/TMArchitecture,TMArchitecture,"My personal iOS engineering handbook: architecture patterns, testing strategies, Swift best practices, and local CI/CD automation.","apple,architecture,clean-architecture,ios,mvvm,observable,swift,swiftui",4,0,4,0,Swift,2025-05-28T13:59:40Z,2025-10-09T07:13:21Z,https://github.com/Rayllienstery/TMArchitecture
MVVM,repo_search,MVVM,772404837,apeun-gidaechi/seugi-ios,seugi-ios,요즘 MZ가 소통하는 방법 | 스기 인트라넷 iOS,"clean-architecture,moya,mvvm,nuke,swift,swiftui,swinject,tuist",4,0,4,5,Swift,2024-03-15T05:59:12Z,2025-05-08T04:42:36Z,https://github.com/apeun-gidaechi/seugi-ios
MVVM,repo_search,MVVM,707681678,airaizos/PodcastProximaParadaSwift,PodcastProximaParadaSwift,"Mobile App (iPhone) de un Reproductor de audio mi podcast Próxima Parada Swift a partir de la APIRest de Wordpress hecha en Swift con el framework SwiftUI, arquitectura MVC, utilizando Observable, SwiftData, Combine, AVFoundation, Regex y Test Unitarios.","attributedstring,avfoundation,combine,mvvm,observable,regex,swiftdata,swiftui,unittest",4,0,4,0,Swift,2023-10-20T12:31:11Z,2024-09-18T15:26:56Z,https://github.com/airaizos/PodcastProximaParadaSwift
MVVM,repo_search,MVVM,1093312552,DKVekariya/QR-scanner,QR-scanner,This is the demo app to guide you on how you can create QRcode and scane it,"avfoundation,ios,mvvm,qrcode,qrcode-generator,qrcode-reader,qrcode-scanner,swift,swiftui",4,0,4,0,Swift,2025-11-10T07:49:04Z,2026-05-07T10:29:38Z,https://github.com/DKVekariya/QR-scanner
MVVM,repo_search,MVVM,706194431,sulekaptan/Pazarama-iOS-Bootcamp,Pazarama-iOS-Bootcamp,"iOS bootcamp organized by Pazarama & Coderspace, with Atıl Samancıoğlu as the instructor. On subjects like MVVM Architecture, Protocol Oriented Programming, UIKit, SwiftUI, Advanced Swift, Firebase, URLSession, CocoaPods, Swift Package Manager, RxSwift, Delegate Pattern, Singleton, Dependency Injection and UI Test/Unit Test. ",,4,0,4,0,Swift,2023-10-17T13:35:26Z,2025-08-07T08:07:17Z,https://github.com/sulekaptan/Pazarama-iOS-Bootcamp
MVVM,repo_search,MVVM,651808014,AbrorbekSh/ToDoList-Yandex,ToDoList-Yandex,"Welcome to To-Do List, my app developed during Yandex School. It follows MVVM+Coordinator architecture, locally storing data using CoreData, with an option for SQLite. Swift's latest tech enables seamless network interactions. The app features screens in both UIKit and SwiftUI. Try it now and boost your productivity!",,4,0,4,0,Swift,2023-06-10T06:45:51Z,2025-01-02T00:49:43Z,https://github.com/AbrorbekSh/ToDoList-Yandex
MVVM,repo_search,MVVM,376249664,Faizan02/Interview-Project-SwiftUI,Interview-Project-SwiftUI, Core iOS development fundamentals using MVVM (SwiftUI) ,"architecture,clean-architecture,generics,ios,mvvm-pattern,swiftui",3,2,3,0,Swift,2021-06-12T09:25:20Z,2023-05-10T14:00:21Z,https://github.com/Faizan02/Interview-Project-SwiftUI
MVVM,repo_search,MVVM,250531293,mwaqasbhati/Weather-SwiftUI-MVVM,Weather-SwiftUI-MVVM,,,3,1,3,0,Swift,2020-03-27T12:41:34Z,2025-06-21T19:11:45Z,https://github.com/mwaqasbhati/Weather-SwiftUI-MVVM
MVVM,repo_search,MVVM,987409104,YAPP-Github/26th-App-Team-2-iOS,26th-App-Team-2-iOS,"SwiftUI, MVVM, Clean-Architecture, async-await, Combine, UnitTest, Tuist","async-await,clean-architecture,combine,mvvm,swiftui,tuist,unit-testing",3,2,3,5,Swift,2025-05-21T03:19:21Z,2026-01-22T19:08:45Z,https://github.com/YAPP-Github/26th-App-Team-2-iOS
MVVM,repo_search,MVVM,513210557,johncarlosofficial/Expense-Tracker,Expense-Tracker,"Design and code a SwiftUI 3 app in Xcode 13 with data modeling, data networking, Combine, MVVM and libraries for custom icons and charts. Also, visualize data in interactive chart.","chart,combine,swiftui",3,4,3,0,Swift,2022-07-12T16:13:11Z,2025-04-17T00:26:16Z,https://github.com/johncarlosofficial/Expense-Tracker
MVVM,repo_search,MVVM,658327304,mdossantosdev/tesla-app,tesla-app,Tesla App built with SwiftUI,"ios,mapkit,mvvm,swift,swiftui,tesla",3,2,3,1,Swift,2023-06-25T12:32:51Z,2024-11-04T10:54:56Z,https://github.com/mdossantosdev/tesla-app
MVVM,repo_search,MVVM;Model View ViewModel;Model-View-ViewModel,273529185,AnjaliKevadiya/mvvm-swiftui,mvvm-swiftui,Simple project which describes how to use Codable protocol to fetch data from an API using Model-View-ViewModel design pattern in SwiftUI.,,3,0,3,0,Swift,2020-06-19T15:38:32Z,2022-07-02T12:55:17Z,https://github.com/AnjaliKevadiya/mvvm-swiftui
MVVM,repo_search,MVVM,444360857,FARUK-YILDIRIM/NotesApp,NotesApp,SwiftUI MVVM Firebase,,3,0,3,0,Swift,2022-01-04T09:33:35Z,2024-11-04T07:28:47Z,https://github.com/FARUK-YILDIRIM/NotesApp
MVVM,repo_search,MVVM,826285025,Team-Haruchi/HARUCHI_iOS,HARUCHI_iOS,iOS App for HARUCHI,"combine,mvvm,swiftui",3,2,3,0,Swift,2024-07-09T12:10:30Z,2025-11-18T17:55:24Z,https://github.com/Team-Haruchi/HARUCHI_iOS
MVVM,repo_search,MVVM,619105144,sabihharis/SwiftUI-MVVM,SwiftUI-MVVM,,,3,0,3,0,Swift,2023-03-26T09:33:47Z,2023-04-01T06:20:10Z,https://github.com/sabihharis/SwiftUI-MVVM
MVVM,repo_search,MVVM,834800845,lukaszosiennik/swiftui-on-mvvmc,swiftui-on-mvvmc,SwiftUI on MVVM-C,"clean-architecture,clean-code,mvvm,mvvm-c,swiftui",3,1,3,0,Swift,2024-07-28T12:03:10Z,2026-03-08T16:28:42Z,https://github.com/lukaszosiennik/swiftui-on-mvvmc
MVVM,repo_search,MVVM,423798118,dinhquan/SwiftRedux,SwiftRedux,Redux + MVVM + Combine + SwiftUI,"clean,clean-architecture,combine,mvvm,redux,swiftui",3,0,3,0,Swift,2021-11-02T10:25:47Z,2022-09-28T08:03:44Z,https://github.com/dinhquan/SwiftRedux
MVVM,repo_search,MVVM,971379454,dan1xdev/PizzaDeliveryApp,PizzaDeliveryApp,SwiftUI | MVVM | REST API,,3,1,3,0,Swift,2025-04-23T12:40:32Z,2026-03-26T11:42:22Z,https://github.com/dan1xdev/PizzaDeliveryApp
MVVM,repo_search,MVVM,351911962,DarrenHurst/SwiftUIKitchenSink,SwiftUIKitchenSink,SwiftUI Combine MVVM Kitchen Sink,,3,0,3,0,Swift,2021-03-26T21:06:02Z,2024-04-11T05:35:09Z,https://github.com/DarrenHurst/SwiftUIKitchenSink
MVVM,repo_search,MVVM,537682862,JK0369/ExMVVM-SwiftUI,ExMVVM-SwiftUI,,,3,1,3,0,Swift,2022-09-17T03:03:28Z,2024-04-18T07:50:42Z,https://github.com/JK0369/ExMVVM-SwiftUI
MVVM,repo_search,MVVM,191770767,dev-yong/SwiftUI-Landmark-MVVM,SwiftUI-Landmark-MVVM,SwiftUI example for personal studying. Use MVVM Pattern,"combine,mvvm,study-project,swift,swiftui,swiftui-example",3,0,3,0,Swift,2019-06-13T13:43:20Z,2023-03-01T13:06:22Z,https://github.com/dev-yong/SwiftUI-Landmark-MVVM
MVVM,repo_search,MVVM,456130251,atereshkov/myreads,myreads,Books tracker app written in Swift and SwiftUI. Modular MVVM architecture (SPM) with Composition Root.,"clean-architecture,ios,modular-architecture,mvvm,spm,swift,swiftui",3,2,3,0,Swift,2022-02-06T11:23:48Z,2023-06-02T14:11:56Z,https://github.com/atereshkov/myreads
MVVM,repo_search,MVVM,382789096,ramen2020/combine_sample,combine_sample,SwiftUI / combine / MVVM / alamofire / Realm,,3,0,3,0,Swift,2021-07-04T07:20:11Z,2021-12-06T09:26:54Z,https://github.com/ramen2020/combine_sample
MVVM,repo_search,MVVM,438665617,Kyome22/MVVM-Sample-Combine-SwiftUI,MVVM-Sample-Combine-SwiftUI,CombineとSwiftUIでMVVMのシンプルなサンプルを作ってみたもの,,3,0,3,0,Swift,2021-12-15T14:48:00Z,2022-03-02T14:02:08Z,https://github.com/Kyome22/MVVM-Sample-Combine-SwiftUI
MVVM,repo_search,MVVM,216965675,gandhimena/SwiftUI-Combine-MVVM-Clean,SwiftUI-Combine-MVVM-Clean,,,3,1,3,0,Swift,2019-10-23T04:09:16Z,2020-02-05T20:54:15Z,https://github.com/gandhimena/SwiftUI-Combine-MVVM-Clean
MVVM,repo_search,MVVM,195699239,chauchinyiu/SwiftUI-Combine-Demo,SwiftUI-Combine-Demo,Implementation of MVVM with SwiftUI and Combine,,3,0,3,0,Swift,2019-07-07T21:36:51Z,2023-01-26T21:51:13Z,https://github.com/chauchinyiu/SwiftUI-Combine-Demo
MVVM,repo_search,MVVM,633336378,dmytrochumakov/MVVM-Coordinator-Template,MVVM-Coordinator-Template,Xcode template for SwiftUI MVVM+Coordinator architecture,"ios,mvvm-coordinator,swift,swiftui,xcode-template",3,1,3,0,Swift,2023-04-27T09:27:03Z,2025-03-25T13:48:40Z,https://github.com/dmytrochumakov/MVVM-Coordinator-Template
MVVM,repo_search,MVVM,544114089,coledennis/RealityKit_SwiftUI_MVVM_Tutorial,RealityKit_SwiftUI_MVVM_Tutorial,,,3,1,3,0,Swift,2022-10-01T17:25:22Z,2025-03-31T03:50:05Z,https://github.com/coledennis/RealityKit_SwiftUI_MVVM_Tutorial
MVVM,repo_search,MVVM,484349983,karamage/swiftui-with-mvvm-to-tca-counter,swiftui-with-mvvm-to-tca-counter,Sample code for SwiftUI to migrate from MVVM to 「The Composable Architecture(TCA)」,,3,0,3,0,Swift,2022-04-22T08:09:33Z,2025-11-29T01:35:53Z,https://github.com/karamage/swiftui-with-mvvm-to-tca-counter
MVVM,repo_search,MVVM,621381500,K-Lesha/Complete-SwiftUI-MVVMC-pattern-2023-,Complete-SwiftUI-MVVMC-pattern-2023-,,,3,0,3,0,Swift,2023-03-30T14:48:33Z,2023-11-03T15:46:23Z,https://github.com/K-Lesha/Complete-SwiftUI-MVVMC-pattern-2023-
MVVM,repo_search,MVVM,310083021,safarsafarov/DrinkIt-SwiftUI,DrinkIt-SwiftUI,DrinkIt - SwiftUI MVVM app that has a collections of drinks.,swiftui,3,0,3,0,Swift,2020-11-04T18:16:45Z,2022-08-25T09:35:48Z,https://github.com/safarsafarov/DrinkIt-SwiftUI
MVVM,repo_search,MVVM,901374912,Esra-Turk/movie-app-swiftUI,movie-app-swiftUI,"Movie app developed with SwiftUI and MVVM, integrating TMDB API","mvvm-architecture,swift,swiftui",3,0,3,0,Swift,2024-12-10T14:41:47Z,2025-08-02T15:01:31Z,https://github.com/Esra-Turk/movie-app-swiftUI
MVVM,repo_search,MVVM,768342572,devingrischow/SwiftUI_Firebase_MVVM_Implementation_Demos_2024,SwiftUI_Firebase_MVVM_Implementation_Demos_2024,"An Example App Of How to implement firebase into a project, as well as how to use proper MVVM artitecture. ",,3,0,3,0,Swift,2024-03-06T22:55:34Z,2024-04-26T01:23:49Z,https://github.com/devingrischow/SwiftUI_Firebase_MVVM_Implementation_Demos_2024
MVVM,repo_search,MVVM,825807508,drawrs/SwiftUI-TodoApp-SwiftData-MVVM,SwiftUI-TodoApp-SwiftData-MVVM,"Example Todo App with SwiftUI + SwiftData + MVVM. Demoing how to perform Create, Read, Update, Delete and Predicate / Filter.","mvvm,swift,swiftdata,swiftui,todoapp,todolist",3,1,3,0,Swift,2024-07-08T14:35:31Z,2026-02-18T07:42:37Z,https://github.com/drawrs/SwiftUI-TodoApp-SwiftData-MVVM
MVVM,repo_search,MVVM,831044278,boytpcm123/GithubUsers,GithubUsers,iOS-Clean-Architecture-MVVM-SwiftUI-Combine-CoreData,"clean-architecture,combine,coredata,dependency-injection,ios,mvvm,swift,swiftui",3,0,3,0,Swift,2024-07-19T14:28:48Z,2024-08-01T13:39:56Z,https://github.com/boytpcm123/GithubUsers
MVVM,repo_search,MVVM,481461401,Alexander-Sobolev/SwiftUI-CryptoApp-MVVM-CoreData-Combine,SwiftUI-CryptoApp-MVVM-CoreData-Combine,Simple CryptoApp using SwiftUI-MVVM-CoreData-Combine,,3,0,3,0,Swift,2022-04-14T04:08:54Z,2023-05-23T09:00:22Z,https://github.com/Alexander-Sobolev/SwiftUI-CryptoApp-MVVM-CoreData-Combine
MVVM,repo_search,MVVM,232807313,bsenturk/MovieList-SwiftUI,MovieList-SwiftUI,MovieList is a movie listing project that is using SwiftUI and MVVM architecture,"mvvm,swift,swiftui",3,0,3,0,Swift,2020-01-09T12:46:40Z,2022-09-20T07:11:05Z,https://github.com/bsenturk/MovieList-SwiftUI
MVVM,repo_search,MVVM,380259954,MalekKamel/Contacts-SwiftUI,Contacts-SwiftUI,"A sample iOS project for SwiftUI, MVVM, clean code, modular architecture, Realm, ContentProvider, unit testing.",,3,0,3,0,Swift,2021-06-25T14:16:41Z,2024-11-07T21:37:23Z,https://github.com/MalekKamel/Contacts-SwiftUI
MVVM,repo_search,MVVM,802423162,phamdinhduc795397/swiftui-clean-architecture,swiftui-clean-architecture,"A sample SwiftUI app built using the Uncle Bob's Clean Architecture, MVVM & Coordinator pattern. ",,3,1,3,0,Swift,2024-05-18T08:51:43Z,2025-08-12T04:07:21Z,https://github.com/phamdinhduc795397/swiftui-clean-architecture
MVVM,repo_search,MVVM,734022638,prafulargiddi/Contacts,Contacts,Contacts Apps implemented using MVVM Clean architecture & SwiftUI,,3,0,3,0,Swift,2023-12-20T17:13:16Z,2024-03-23T04:51:24Z,https://github.com/prafulargiddi/Contacts
MVVM,repo_search,MVVM,523697668,abbasjoyia99/Calculator,Calculator,Calculator app learning project with MVVM and SwiftUI.,"apple,architecture,calculator,calculator-application,coding-challenges,ios,ios-swift,learning-by-doing,learning-exercise,mvvm-architecture,native,solid-principles,swiftui",3,0,3,0,Swift,2022-08-11T11:29:41Z,2022-09-30T14:27:41Z,https://github.com/abbasjoyia99/Calculator
MVVM,repo_search,MVVM,743973251,Pablomediero/RecipesIOS,RecipesIOS,IOS SwiftUI,"chatgpt-api,clean-architecture,coordinator,ios,mvvm,swiftdata",3,0,3,0,Swift,2024-01-16T11:29:20Z,2024-01-20T21:53:43Z,https://github.com/Pablomediero/RecipesIOS
MVVM,repo_search,MVVM,595570647,Abdalah98/Free-To-Game,Free-To-Game,My FreeToGame app in SwiftUI with MVVM and Combine,,3,0,3,0,Swift,2023-01-31T11:06:22Z,2024-05-21T08:32:59Z,https://github.com/Abdalah98/Free-To-Game
MVVM,repo_search,MVVM,331789551,leoskrr/Instagram-Clone-SwiftUI,Instagram-Clone-SwiftUI,:iphone: Instagram clone built for practicing the SwiftUI framework and the main concepts of the MVVM architecture. ,"instagram-clone,ios,ios-app,ios-swift,mvvm,mvvm-ios,swift,swift-ui,swift5,swiftui",3,1,3,0,Swift,2021-01-22T00:11:08Z,2023-05-17T00:07:01Z,https://github.com/leoskrr/Instagram-Clone-SwiftUI
MVVM,repo_search,MVVM,1088198073,AkashGurnale/swiftui-clean-architecture-starter,swiftui-clean-architecture-starter,"Scalable SwiftUI MVVM-R starter with NetworkEngine, RequestBuilder, DTOs, and sample repos - great for prototypes and teams.",,3,2,3,0,Swift,2025-11-02T14:06:40Z,2025-11-18T10:08:52Z,https://github.com/AkashGurnale/swiftui-clean-architecture-starter
MVVM,repo_search,MVVM,544364955,barisozgenn/CryptoTrackMacSwiftUI,CryptoTrackMacSwiftUI,Crypto & Portfolio Track SwiftUI macOS 13 Ventura Beta MVVM,,3,0,3,0,Swift,2022-10-02T09:42:06Z,2025-09-15T04:19:52Z,https://github.com/barisozgenn/CryptoTrackMacSwiftUI
MVVM,repo_search,MVVM,254342312,anfriis/AddressSearchDenmark-SwiftUI,AddressSearchDenmark-SwiftUI,A simple app project utilizing Apple's SwiftUI and Combine framework built with the MVVM architecture,"combine-framework,swift,swiftui",3,0,3,0,Swift,2020-04-09T10:36:59Z,2024-10-18T13:43:41Z,https://github.com/anfriis/AddressSearchDenmark-SwiftUI
MVVM,repo_search,MVVM,552346800,furkancemalcaliskan/DejkoCryptoSwiftUI,DejkoCryptoSwiftUI,Simple Crypto Currency App with using SwiftUI and MVVM architecture,,3,0,3,0,Swift,2022-10-16T11:41:42Z,2022-11-13T19:04:04Z,https://github.com/furkancemalcaliskan/DejkoCryptoSwiftUI
MVVM,repo_search,MVVM,1117464962,matteom/Recipes,Recipes,A sample iOS app in SwiftUI showcasing coordinators in MVVM.,"coordinator-pattern,mvvm,mvvm-architecture,mvvm-c,mvvm-coordinator,mvvm-pattern,navigation,navigation-link,navigation-stack,swiftui",3,0,3,1,Swift,2025-12-16T10:55:05Z,2026-04-14T10:17:31Z,https://github.com/matteom/Recipes
MVVM,repo_search,MVVM,448759657,Vong3432/SwiftUIDay49To61,SwiftUIDay49To61,"Includes CoreData, Task, AsyncImage, Networking learning and my custom MVVM CoreData implementation from 100 days of SwiftUI by ""Hacking with Swift""",,3,0,3,0,Swift,2022-01-17T05:02:02Z,2022-02-11T16:31:49Z,https://github.com/Vong3432/SwiftUIDay49To61
MVVM,repo_search,MVVM,239439061,Hitesh136/SignupScreen,SignupScreen,Login screen in swiftUI with MVVM and validate data using Combine.,,3,1,3,0,Swift,2020-02-10T05:58:48Z,2023-12-03T17:48:21Z,https://github.com/Hitesh136/SignupScreen
MVVM,repo_search,MVVM,406676045,zzzwco/DrawingBoard,DrawingBoard,"Sample iOS project using Canvas to draw, built with SwiftUI + MVVM.",,3,1,3,0,Swift,2021-09-15T08:31:02Z,2025-03-27T08:00:21Z,https://github.com/zzzwco/DrawingBoard
MVVM,repo_search,MVVM,338810474,Rillieux/Contacts,Contacts,Contacts is an example of SwiftUI life-cycle application using CoreData and MVVM Architecture. **NOTE** this is a work-in-process which has only begun. ,"coredata,mvvm,swiftui",3,0,3,0,Swift,2021-02-14T13:22:44Z,2025-09-17T02:38:03Z,https://github.com/Rillieux/Contacts
MVVM,repo_search,MVVM,659740735,EricTMcode/TheMovieDB,TheMovieDB,Personal Project - Parsing Movies from TheMovieDB - SwiftUI - Async/Await - Handling Error - MVVM ,"api,asyncawait,asyncimage,error-handling,mvmm,navigationstack,swiftui",3,0,3,0,Swift,2023-06-28T13:07:58Z,2025-05-20T11:59:28Z,https://github.com/EricTMcode/TheMovieDB
MVVM,repo_search,MVVM,446837836,feldblume5263/iOS_Albumply,iOS_Albumply,앨범 단위로 손쉽게 재생하는 AppleMusic 플레이어,"ios,mvvm,swiftui",3,0,3,0,Swift,2022-01-11T13:44:39Z,2025-10-23T11:59:27Z,https://github.com/feldblume5263/iOS_Albumply
MVVM,repo_search,MVVM,1045210017,angelosstampoulisgithub/SwiftUIMovieFlixNavigationPath,SwiftUIMovieFlixNavigationPath,I made this simple iOS app with SwiftUI to show how you can use MVVM in SwiftUI and also a simple example of how you can use NavigationPath,,3,0,3,0,Swift,2025-08-26T20:17:56Z,2025-11-24T06:11:48Z,https://github.com/angelosstampoulisgithub/SwiftUIMovieFlixNavigationPath
MVVM,repo_search,MVVM,194305045,niazoff/Todo,Todo,A SwiftUI todo app persisted with SQLite.swift.,"combine,mvvm,sqlite,swift,swiftui",3,0,3,0,Swift,2019-06-28T16:41:10Z,2022-05-20T07:36:21Z,https://github.com/niazoff/Todo
MVVM,repo_search,MVVM,809372895,anthony1810/BreedApp_SwiftUI,BreedApp_SwiftUI,"DogBreed App is a mobile application developed using Swift and SwiftUI that allows users to identify different breeds of dogs. This project implements the SwiftUI First design pattern, an alternative to MVVM.","architecture,pattern,swiftui",3,0,3,0,Swift,2024-06-02T14:06:57Z,2025-01-17T12:38:25Z,https://github.com/anthony1810/BreedApp_SwiftUI
MVVM,repo_search,MVVM,716809147,netolobo/PhotoEditor,PhotoEditor,College project of a photo filter app built using SwiftUI and MVVM Architecture,"ios,mvvm-architecture,swiftui",3,0,3,0,Swift,2023-11-09T23:19:17Z,2025-04-17T02:56:33Z,https://github.com/netolobo/PhotoEditor
MVVM,repo_search,MVVM,488149332,kien-hoangt/crypto_tracker,crypto_tracker,"Follow tutorial on @SwiftfulThinking Youtube about the MVVM, Core Data and Combine application","combine,coredata,swiftui",3,1,3,0,Swift,2022-05-03T09:32:54Z,2025-02-23T12:27:22Z,https://github.com/kien-hoangt/crypto_tracker
MVVM,repo_search,MVVM,1010318865,Kous92/Test-iOS-leboncoin-2021-version-2025-SwiftUI,Test-iOS-leboncoin-2021-version-2025-SwiftUI,"Une version améliorée, en SwiftUI, de ma réalisation lors du test iOS de leboncoin dans le cadre du processus de recrutement en tant que développeur iOS, à l'époque en 2021.","clean-architecture,coordinator,mvvm,mvvm-c,swift6,swiftconcurrency,swiftui",3,0,3,0,Swift,2025-06-28T20:17:59Z,2025-10-01T18:27:34Z,https://github.com/Kous92/Test-iOS-leboncoin-2021-version-2025-SwiftUI
MVVM,repo_search,MVVM,735997526,kupriyanovNik/BikeStat,BikeStat,"an application written in SwiftUI, which may be useful for cyclists","async-await,coredata,corelocation,mvvm,swiftui",3,0,3,0,Swift,2023-12-26T17:26:16Z,2026-04-27T19:54:30Z,https://github.com/kupriyanovNik/BikeStat
MVVM,repo_search,MVVM,377876563,shrtlist/ContactSearch,ContactSearch,Use SwiftUI's .searchable modifier to filter contacts.,"async-await,cncontact,cncontactstore,mvvm,structured-concurrency,swiftui,viewbuilder",3,0,3,0,Swift,2021-06-17T15:23:35Z,2025-11-11T12:53:23Z,https://github.com/shrtlist/ContactSearch
MVVM,repo_search,MVVM,782063683,DanHozan123/Airbnb-iOS-App,Airbnb-iOS-App,"An iOS application similar to Airbnb. (Swift, SwiftUI, Swift Concurrency, Firebase Firestore Database, MVVM, Combine)",,3,0,3,0,Swift,2024-04-04T15:11:22Z,2024-04-30T10:11:05Z,https://github.com/DanHozan123/Airbnb-iOS-App
MVVM,repo_search,MVVM,553164949,furkancemalcaliskan/CNQuotesSwiftUI,CNQuotesSwiftUI,"Chuck Norris Quotes is simple joke list app with using SwiftUI, Alamofire and MVVM architecture",,3,0,3,0,Swift,2022-10-17T20:23:59Z,2022-11-13T19:04:04Z,https://github.com/furkancemalcaliskan/CNQuotesSwiftUI
MVVM,repo_search,MVVM,638839385,SeyyedAliTabatabaei/MyTasks_Swift_IOS,MyTasks_Swift_IOS,"This is a sample manage tasks for IOS with SwiftUI , MVVM  ,Data Core , User Defaults .",,3,0,3,0,Swift,2023-05-10T08:07:35Z,2023-06-08T08:25:25Z,https://github.com/SeyyedAliTabatabaei/MyTasks_Swift_IOS
MVVM,repo_search,MVVM,861409493,gurelyusuf/Swift-Boilerplate,Swift-Boilerplate,A boilerplate for monolitic iOS apps using MVVM and Clean Architecture,"boilerplate,clean-architecture,mvvm,swift,swiftui",3,0,3,0,Swift,2024-09-22T20:09:44Z,2024-12-14T01:50:48Z,https://github.com/gurelyusuf/Swift-Boilerplate
MVVM,repo_search,MVVM;Model View ViewModel,614588844,0xOpenBytes/ViewModel,ViewModel,A starting point for your SwiftUI ViewModels,"ios,macos,mvvm,state,swift,swiftui,tvos,viewmodel,watchos",3,0,3,0,Swift,2023-03-15T22:41:17Z,2023-10-18T01:35:51Z,https://github.com/0xOpenBytes/ViewModel
MVVM,repo_search,MVVM,679220686,vikarnBarai/Project-Save,Project-Save,,"coredata,mvvm,swift,swiftui",3,0,3,0,Swift,2023-08-16T11:08:29Z,2024-10-25T06:43:49Z,https://github.com/vikarnBarai/Project-Save
MVVM,repo_search,MVVM,764573645,ManishAhire/Manish-Ahire-Resume,Manish-Ahire-Resume,"This app is a simple showcase of my work, built using Swift, SwiftUI, and the MVVM architecture.","ios,mvvm,swift,swiftui",3,0,3,0,Swift,2024-02-28T10:24:26Z,2024-10-09T16:07:20Z,https://github.com/ManishAhire/Manish-Ahire-Resume
MVVM,repo_search,MVVM,253262955,daliadanila/NHS-Offers,NHS-Offers,🌈 An offers app with MVVM architecture + Combine,"admob,combine,firebase,firestore,mvvm,resolver,swift,swiftui",3,0,3,0,Swift,2020-04-05T15:08:49Z,2022-06-27T05:41:42Z,https://github.com/daliadanila/NHS-Offers
MVVM,repo_search,MVVM,688564437,Colstin/InstagramApp,InstagramApp,I Developed a social networking application reminiscent of Instagram with the ability to: post photos search for users Create a profile,"firebase,mvvm,swift,swiftui",3,0,3,0,Swift,2023-09-07T15:57:44Z,2024-06-09T07:48:40Z,https://github.com/Colstin/InstagramApp
MVVM,repo_search,MVVM,847062207,muhammedelsami/SwiftUI_GithubDevelopersApp,SwiftUI_GithubDevelopersApp,"Github Developers App is a SwiftUI application that fetches and displays detailed information about GitHub users. Built using MVVM architecture, it allows users to search for developers by username and view their avatar, bio, repositories, and more. The app provides a clean, user-friendly interface with a focus on simplicity and performance.","githubapi,ios,mvvm-architecture,rest-api,swift,swiftui,viewmodel",3,0,3,0,Swift,2024-08-24T18:29:33Z,2024-09-06T11:15:40Z,https://github.com/muhammedelsami/SwiftUI_GithubDevelopersApp
MVVM,repo_search,MVVM,1148301305,edge-patrick/crypto-pulse,crypto-pulse,"This is a demo SwiftUI project that showcases MVVM architecture focusing on separation of concerns, scalability and testability.",,3,1,3,0,Swift,2026-02-02T20:07:02Z,2026-02-04T05:54:59Z,https://github.com/edge-patrick/crypto-pulse
MVVM,repo_search,MVVM,383708081,sal562/BeastMode,BeastMode,"Beast Mode is a fitness app for iOS using SwiftUI. The app will use MVVM pattern, Firebase & Combine",,3,0,3,0,Swift,2021-07-07T07:14:11Z,2022-08-04T00:25:05Z,https://github.com/sal562/BeastMode
MVVM,repo_search,MVVM,1124258956,Borisserz/WorkoutTracker,WorkoutTracker,"Advanced iOS Workout Tracker built with SwiftUI, SwiftData, and AI Vision","coreml,ios,live-activities,mvvm,swift,swiftdata,swiftui,vision-framework,workout-tracker",3,0,3,0,Swift,2025-12-28T17:06:43Z,2026-05-09T02:37:22Z,https://github.com/Borisserz/WorkoutTracker
MVVM,repo_search,MVVM,961397069,ziadali22/InterviewApp,InterviewApp,"A SwiftUI demo app built with Clean Architecture and MVVM – Add, edit, and manage contacts with a clean codebase.",,3,0,3,0,Swift,2025-04-06T12:42:35Z,2025-08-27T16:53:24Z,https://github.com/ziadali22/InterviewApp
MVVM,repo_search,MVVM,324645839,vinsalmont/SpeechToText,SpeechToText,Project created to demonstrate the usage of MVVM on SwiftUI+Combine using the Speech-To-Text api from Google,,3,1,3,0,Swift,2020-12-26T22:31:48Z,2023-02-18T20:26:19Z,https://github.com/vinsalmont/SpeechToText
MVVM,repo_search,MVVM,282484224,Power186/NearMe,NearMe,iOS App: Nearer - find any business near you in a 1k meter radius.,"mapkit,mvvm,swift,swiftui,xcode",3,0,3,0,Swift,2020-07-25T16:39:35Z,2022-08-06T14:40:08Z,https://github.com/Power186/NearMe
MVVM,repo_search,MVVM,715864393,mjond/weather-ios,weather-ios,SwiftUI MVVM app that shows weather data with an accessible UI for the user’s current location and searched locations,,3,0,3,0,Swift,2023-11-08T01:36:18Z,2026-04-21T19:40:31Z,https://github.com/mjond/weather-ios
MVVM,repo_search,MVVM,1030022814,muhittincamdali/ios-clean-architecture-template,ios-clean-architecture-template,🏗️ Clean Architecture template for iOS with MVVM and dependency injection,"architecture,clean-architecture,ios,ios-development,mvvm,solid,swift,swift-package-manager,swiftui,template",3,1,3,7,Swift,2025-08-01T01:04:19Z,2026-02-04T23:34:15Z,https://github.com/muhittincamdali/ios-clean-architecture-template
MVVM,repo_search,MVVM,701628608,okoroezenwa/MiniWeather,MiniWeather,WeatherNow re-done in SwiftUI and incorporating feedback from the WeatherNow submission.,"api-ninjas,mvvm,mvvm-ios,openweathermap,swift,swiftui,unit-testing,weather,weather-app,weatherkit",3,0,3,0,Swift,2023-10-07T05:21:35Z,2024-12-04T09:17:34Z,https://github.com/okoroezenwa/MiniWeather
MVVM,repo_search,MVVM,665536923,rohanbimalraj/MangaMania,MangaMania,A free app made using SwiftUI for users who wish to read any manga of their choosing. The architecture followed is MVVM. The app is also integrated with Firebase RemoteConfig and Firebase Push Notifications.,"manga-reader,manga-tracker,swiftui",3,0,3,0,Swift,2023-07-12T12:26:37Z,2025-11-01T21:32:38Z,https://github.com/rohanbimalraj/MangaMania
MVVM,repo_search,MVVM,563547943,BraedenKilburn/RadiansCompass,RadiansCompass,🧭 This is an iOS app using SwiftUI and MVVM to create a compass that displays the user's heading in radians,,3,0,3,0,Swift,2022-11-08T20:57:04Z,2026-04-22T10:42:42Z,https://github.com/BraedenKilburn/RadiansCompass
MVVM,repo_search,MVVM,643365740,kabirdhillon7/SwiftFlix,SwiftFlix,SwiftFlix is an iOS app built with SwiftUI that allows users to discover and explore movies from The Movie Database API.,"ios,movie,movie-database-api,movies,mvvm,swift,swiftui",3,0,3,0,Swift,2023-05-20T23:34:14Z,2026-01-15T19:39:31Z,https://github.com/kabirdhillon7/SwiftFlix
MVVM,repo_search,MVVM,765848963,VictorKreniski/PapayaPayments-Test,PapayaPayments-Test,Papaya Payments Test,"apollo,combine,graphql,mvvm,snapshot-testing,swiftui",3,0,3,0,Swift,2024-03-01T18:34:50Z,2024-08-22T22:30:02Z,https://github.com/VictorKreniski/PapayaPayments-Test
MVVM,repo_search,MVVM,993682137,Ruchit-Shah/ANZTask,ANZTask,"SwiftUI-based iOS application developed using the MVVM architecture. The app demonstrates clean architecture principles, modular design, and includes UI and Unit Testing.",,3,1,3,0,Swift,2025-05-31T09:38:19Z,2026-04-13T05:48:40Z,https://github.com/Ruchit-Shah/ANZTask
MVVM,repo_search,MVVM,747465349,kantzz-GitHub/TasteCraft-iOS,TasteCraft-iOS,Budget friendly Recipe App on iOS,"firebase,ios,mvvm,swift,swiftui,uikit",3,0,3,0,Swift,2024-01-24T01:21:58Z,2025-03-25T14:49:05Z,https://github.com/kantzz-GitHub/TasteCraft-iOS
MVVM,repo_search,MVVM,422699632,marquescami/MemorizeGame,MemorizeGame,"Jogo da memória construído com as aulas da Stanford University usando SwiftUI e MVVM. O objetivo é encontrar as cartas semelhantes, o jogo termina quando você encontrar todos os pares. ","ios,ios-app,ios-swift,mvvm,swift,swiftui",3,0,3,0,Swift,2021-10-29T20:04:32Z,2024-12-09T13:24:23Z,https://github.com/marquescami/MemorizeGame
MVVM,repo_search,MVVM,968698473,abdallah-7698/Pokemon,Pokemon,"A SwiftUI app built with MVVM architecture that lets users browse, search, and view detailed info about Pokémon. Clean UI, smooth performance, and organized code structure.",,3,0,3,0,Swift,2025-04-18T15:07:00Z,2025-04-27T18:47:16Z,https://github.com/abdallah-7698/Pokemon
MVVM,repo_search,MVVM,528475953,mattiaa95/TripPlannerApp,TripPlannerApp,"Trip Planner SwiftUI MVVM, show the cheapest flight route on a​ map, with Dijkstra's algorithm for finding the shortest paths between nodes in a graph",,3,0,3,1,Swift,2022-08-24T15:08:25Z,2025-04-11T01:56:02Z,https://github.com/mattiaa95/TripPlannerApp
MVVM,repo_search,MVVM,671593522,bi0hazarDD/my-plan-hub,my-plan-hub,A project management / habbit lifestyle app built using SwiftUI and Firebase Realtime Database. ,"combine,combine-framework,dependency-injection,firebase,firebase-auth,firebase-realtime-database,habbit-tracker,lifestyle-app,list-app,mvvm,mvvm-architecture,project-management,swift,swiftui,swiftui-combine,task-app,trello-board,trello-card,trello-clone,uikit",3,1,3,0,Swift,2023-07-27T17:14:26Z,2024-06-19T07:49:15Z,https://github.com/bi0hazarDD/my-plan-hub
MVVM,repo_search,MVVM,449087595,emretopcu1234/MyChat_iOS,MyChat_iOS,,"firebaseauth,firebasestorage,firestore,ios,mvvm,swift,swiftui",3,0,3,0,Swift,2022-01-18T00:17:35Z,2022-03-03T10:22:49Z,https://github.com/emretopcu1234/MyChat_iOS
MVVM,repo_search,MVVM,481405211,JoJoDevAdventure/TwitterSwiftUI,TwitterSwiftUI,"Functional Twitter clone where you can authenticate, upload profile pic, tweet, like, retweet, search users, switch light and dark mode... using SwiftUI, Firebase, KingFisher, Custom side menu, MVVM...",,3,1,3,0,Swift,2022-04-13T23:38:08Z,2024-09-14T16:26:46Z,https://github.com/JoJoDevAdventure/TwitterSwiftUI
MVVM,repo_search,MVVM,738176824,bitofmind/swift-model,swift-model,"A library for composing models that drives SwiftUI views, coming with many powerful features using advanced tooling using a lightweight modern Swift style.","async,depenecy-injection,ios,macos,mvvm,observation,swift,swift-macros,swiftui,testing",3,0,3,1,Swift,2024-01-02T15:57:28Z,2026-05-01T11:15:19Z,https://github.com/bitofmind/swift-model
MVVM,repo_search,MVVM,656026919,DenDmitriev/PriceCurrency,PriceCurrency,iOS app for getting exchange rates and converting prices,"api,chart,combine,exchange-rates,junior-developer,mvvm,swiftui,xcode",3,0,3,0,Swift,2023-06-20T05:52:37Z,2025-01-31T13:59:44Z,https://github.com/DenDmitriev/PriceCurrency
MVVM,repo_search,MVVM,1086360067,MahmoudAlaa92/TaskFlow,TaskFlow,Manage tasks for today or any day throughout the month.,"clean-code,coordinator-pattern,dependency-injection,factory-pattern,lifecycle-development,mvvm,swift,swiftui",3,0,3,0,Swift,2025-10-30T10:07:12Z,2026-04-08T21:23:47Z,https://github.com/MahmoudAlaa92/TaskFlow
MVVM,repo_search,MVVM,1151833792,cemgirgin-dev/WeatherAppDemo,WeatherAppDemo,"iOS weather app built with SwiftUI, Clean Architecture, MVVM, Combine, and Swinject. Features animated weather backgrounds (rain, snow, lightning, clouds), city search, location-based forecasts, and WidgetKit home screen widgets.",,3,0,3,0,Swift,2026-02-07T00:41:40Z,2026-03-17T00:17:55Z,https://github.com/cemgirgin-dev/WeatherAppDemo
MVVM,repo_search,MVVM;Model View ViewModel;Model-View-ViewModel,755702204,gichukipaul/PopFlix,PopFlix,"PopFlix is a Swift iOS app that leverages the power of Swift, SwiftData for offline support, and multithreading using async/await. Following the MVVM (Model-View-ViewModel) architecture and adhering to SOLID principles, PopFlix is not just an app but a showcase of best practices in iOS development.","cicd,multithreading,mvvm-architecture,swift,swiftui",3,0,3,0,Swift,2024-02-10T20:53:13Z,2025-03-28T10:43:38Z,https://github.com/gichukipaul/PopFlix
MVVM,repo_search,MVVM,392996244,sreesairaghava/Tic-tac-toe,Tic-tac-toe,Tic-Tac-Toe app is simple application developed using SwiftUI with MVVM architecture and simple logical algorithm to make sure system plays second player role with intelligence of making correct moves. AI based tic-tac-toe,,3,0,3,0,Swift,2021-08-05T10:14:48Z,2023-08-18T13:28:49Z,https://github.com/sreesairaghava/Tic-tac-toe
MVVM,repo_search,MVVM,712081628,sulekaptan/iOS17-Swift5-course-apps,iOS17-Swift5-course-apps,"My notes and practices about iOS development. Subjects such core data, maps, protocol oriented programming, dark mode, Face ID, API & JSON, firebase, machine learning, sprite kit, ARKit, protocol & delegate, closure, SwiftUI, RxSwift, MVVM Architecture, VIPER, WidgetKit, AppStorage, threading, async await...",,3,0,3,0,Swift,2023-10-30T18:51:38Z,2026-02-01T11:09:55Z,https://github.com/sulekaptan/iOS17-Swift5-course-apps
MVVM,repo_search,MVVM;Model View ViewModel;Model-View-ViewModel,862511071,shobhakartiwari/FlickerApp,FlickerApp,"FlickerApp is an iOS application built using SwiftUI and follows the MVVM (Model-View-ViewModel) architecture pattern. It allows users to search for photos using the Flickr API, displaying them in a grid, and offering the ability to view details for each image.",,3,1,3,0,Swift,2024-09-24T18:10:14Z,2025-02-27T17:17:05Z,https://github.com/shobhakartiwari/FlickerApp
MVVM,repo_search,MVVM,1173874797,Toni77777/HEIC-to-JPEG-Converter,HEIC-to-JPEG-Converter,"Native macOS app to convert HEIC images to JPG. Fast, lightweight, offline — your photos never leave your Mac.","async-await,converter,heic,jpg,macos,mit,mvvm,mvvm-architecture,oss,swift,swiftui",3,0,3,0,Swift,2026-03-05T20:58:27Z,2026-05-01T15:54:10Z,https://github.com/Toni77777/HEIC-to-JPEG-Converter
MVVM,repo_search,MVVM,666618596,2023-Summer-Project/Boomerang_iOS,Boomerang_iOS,Boomerang for iOS,"combine-framework,firebase,firebase-auth,firestore,ios,mapkit,mvvm,objective-c,swift,swiftui,uikit,webkit",3,0,3,5,Swift,2023-07-15T02:44:37Z,2024-08-29T10:56:03Z,https://github.com/2023-Summer-Project/Boomerang_iOS
MVVM,repo_search,MVVM,1089117431,rachit-developer24/Instagram-App,Instagram-App,"InstaClone: iOS Instagram rebuild in Swift + SwiftUI using MVVM, DI, async/await. Firebase Auth for email login, Firestore for users/posts, Storage for image uploads via PhotosPicker (JPEG compression). Features: feed, create/delete posts, likes, comments, follow/unfollow, search, notifications, profile edit, timestamps, unit-tested auth flow.",,3,0,3,0,Swift,2025-11-03T22:56:34Z,2026-02-04T10:27:13Z,https://github.com/rachit-developer24/Instagram-App
MVVM,repo_search,MVVM,755572994,amanbind007/Weather-Varta-iOS,Weather-Varta-iOS,Weather Varta is a Simple and Modern Weather App created using SwiftUl. It uses OpenWeatherAPI for weather data fetching.,"learning-by-doing,mvvm,mvvm-architecture,mvvm-pattern,openweather-api,swift,swift-package-manager,swift5,swiftui,swiftui-demo,swiftui-learning,weather-api,weather-app",3,0,3,0,Swift,2024-02-10T16:14:59Z,2025-02-02T13:51:04Z,https://github.com/amanbind007/Weather-Varta-iOS
MVVM,repo_search,MVVM,1190256823,hivits/PetMoa-iOS,PetMoa-iOS,[ PetMoaㅣiOS ] 강아지를 생각하는 일상.,"api,apple,apple-signin,git,github,google-signin,kakao-signin,moya,mvvm,naver-signin,office,swift,swiftlint,swiftui,tuist,uikit,xcode",3,0,3,0,Swift,2026-03-24T05:29:25Z,2026-04-29T04:26:30Z,https://github.com/hivits/PetMoa-iOS
MVVM,repo_search,MVVM,428776894,Koshenka27/SwiftUIMVVM,SwiftUIMVVM,,"mvvm,swiftui,swiftui-example",2,3,2,0,Swift,2021-11-16T18:49:25Z,2024-02-24T06:02:32Z,https://github.com/Koshenka27/SwiftUIMVVM
MVVM,repo_search,MVVM,789025377,OpenClassrooms-Student-Center/8363641-Developpez-interface-utilisateur-SwiftUI-MVVM,8363641-Developpez-interface-utilisateur-SwiftUI-MVVM,,,2,3,2,1,Swift,2024-04-19T14:59:29Z,2024-11-11T19:12:17Z,https://github.com/OpenClassrooms-Student-Center/8363641-Developpez-interface-utilisateur-SwiftUI-MVVM
MVVM,repo_search,MVVM,430268808,kangnux/GitHubUsers,GitHubUsers,A dummy app for SwiftUI MVVM Combine Rxswift GitHub REST API  etc.,,2,3,2,0,Swift,2021-11-21T04:00:48Z,2024-03-26T09:15:31Z,https://github.com/kangnux/GitHubUsers
MVVM,repo_search,MVVM,631060621,danielsarkwa/SwiftUICombineAndData,SwiftUICombineAndData,"About Combine, the MVVM architecture, data, notifications and performance hands-on by creating a beautiful SwiftUI application","architecture,combine,lite-mode,models,mvvm,navigationview,push-notifications,swiftui,tabview-swiftui,toggle",2,2,2,0,Swift,2023-04-21T20:33:28Z,2024-06-30T23:48:01Z,https://github.com/danielsarkwa/SwiftUICombineAndData
MVVM,repo_search,MVVM,420497958,gahntpo/MakeItSo,MakeItSo,Review Firestore with SwiftUI demo project,"authentication,firebase,mvvm,swift,swiftui",2,2,2,0,Swift,2021-10-23T18:56:43Z,2023-07-06T09:05:31Z,https://github.com/gahntpo/MakeItSo
MVVM,repo_search,MVVM,262125685,sinbadbd/100DaySwiftUI,100DaySwiftUI,Create App with with SwiftUI,"api,custom-tabbar,mvvm,newsapi,observable,swift,swiftui,ui-design",2,2,2,3,Swift,2020-05-07T18:15:31Z,2024-07-25T11:24:58Z,https://github.com/sinbadbd/100DaySwiftUI
MVVM,repo_search,MVVM,397814715,jonathan02rv/MVVMC-SWIFTUI,MVVMC-SWIFTUI,,,2,0,2,0,Swift,2021-08-19T04:22:52Z,2024-07-10T19:44:43Z,https://github.com/jonathan02rv/MVVMC-SWIFTUI
MVVM,repo_search,MVVM,311568947,HiramKarim/StocksApp,StocksApp,MVVM - SwiftUI - API,,2,0,2,0,Swift,2020-11-10T06:39:56Z,2021-06-24T14:20:22Z,https://github.com/HiramKarim/StocksApp
MVVM,repo_search,MVVM,538648970,minQAn/TodoListApp_SwiftUI,TodoListApp_SwiftUI,MVVM structure,,2,0,2,0,Swift,2022-09-19T18:44:34Z,2024-11-22T01:54:50Z,https://github.com/minQAn/TodoListApp_SwiftUI
MVVM,repo_search,MVVM,712353882,profugocanis/swiftui_mvvm_example,swiftui_mvvm_example,,,2,0,2,0,Swift,2023-10-31T09:56:56Z,2025-09-23T08:28:44Z,https://github.com/profugocanis/swiftui_mvvm_example
MVVM,repo_search,MVVM,680180448,bsalves/SwiftUI-MVVM,SwiftUI-MVVM,,,2,0,2,0,Swift,2023-08-18T14:34:18Z,2023-10-05T20:23:12Z,https://github.com/bsalves/SwiftUI-MVVM
MVVM,repo_search,MVVM,608417124,kekearif/swiftui-mvvm-coordinator,swiftui-mvvm-coordinator,SwiftUI MVVM Coordinator pattern demo,,2,0,2,0,Swift,2023-03-02T01:06:08Z,2025-02-18T21:24:25Z,https://github.com/kekearif/swiftui-mvvm-coordinator
MVVM,repo_search,MVVM,231740437,laevandus/SwiftUICombineMVVMExample,SwiftUICombineMVVMExample,,,2,0,2,0,Swift,2020-01-04T09:44:22Z,2020-12-12T01:06:59Z,https://github.com/laevandus/SwiftUICombineMVVMExample
MVVM,repo_search,MVVM;Model View ViewModel;Model-View-ViewModel,760894691,vavarm/SwiftUI_MVVM,SwiftUI_MVVM,Model-View-ViewModel controller written in Swift with SwiftUI,"mvvm,observer-pattern,swift,swiftui",2,1,2,0,Swift,2024-02-20T21:24:11Z,2024-02-28T12:17:10Z,https://github.com/vavarm/SwiftUI_MVVM
MVVM,repo_search,MVVM,513380827,codemobiles/swiftui_mvvm_demo,swiftui_mvvm_demo,,,2,0,2,0,Swift,2022-07-13T04:34:34Z,2023-07-30T08:11:12Z,https://github.com/codemobiles/swiftui_mvvm_demo
MVVM,repo_search,MVVM,929947245,UgurcanCirak/GoogleMapsApp_Kas,GoogleMapsApp_Kas,SwiftUI - Map App - MVVM,,2,0,2,0,Swift,2025-02-09T19:04:25Z,2025-02-11T18:34:24Z,https://github.com/UgurcanCirak/GoogleMapsApp_Kas
MVVM,repo_search,MVVM,318547683,Noonight/MenuBarTranslator,MenuBarTranslator,"SwiftUI, MVVM, CoreData, Networking",,2,0,2,1,Swift,2020-12-04T14:53:27Z,2023-08-09T15:48:40Z,https://github.com/Noonight/MenuBarTranslator
MVVM,repo_search,MVVM,400758977,daniv3r/TargetChallenge,TargetChallenge,"SwiftUI, VIsion, CoreML, MVVM","camera,coreml,swift,swiftui,vision",2,0,2,2,Swift,2021-08-28T09:58:45Z,2024-11-28T05:28:08Z,https://github.com/daniv3r/TargetChallenge
MVVM,repo_search,MVVM,540447320,safarsafarov/Pomodoro-SwiftUI,Pomodoro-SwiftUI,Pomodoro app on MVVM SwiftUI,,2,0,2,0,Swift,2022-09-23T13:14:43Z,2024-05-03T04:23:22Z,https://github.com/safarsafarov/Pomodoro-SwiftUI
MVVM,repo_search,MVVM,253956487,MeTazz1/SwiftUI-MVVM-Weather,SwiftUI-MVVM-Weather,A clean SwiftUI MVVM Architecture built around the Open Weather Map API. Check it out!,,2,0,2,0,Swift,2020-04-08T01:41:53Z,2022-08-19T13:27:51Z,https://github.com/MeTazz1/SwiftUI-MVVM-Weather
MVVM,repo_search,MVVM,590952903,hoseinali/Albums-MVVM-SwiftUI,Albums-MVVM-SwiftUI,Albums is an example project with swiftUI and MVVM that shows a list of images that you can tap to view details. GridItem is also used in this project,,2,1,2,0,Swift,2023-01-19T15:46:05Z,2025-02-09T02:00:52Z,https://github.com/hoseinali/Albums-MVVM-SwiftUI
MVVM,repo_search,MVVM,772575190,hirenrafaliya/pexels-api-swiftui-mvvm,pexels-api-swiftui-mvvm,iOS app built using SwiftUI & MVVM with Pexels API,"api,ios,mvvm,pexels-api,pexels-clone,swiftui",2,0,2,0,Swift,2024-03-15T13:17:21Z,2024-04-23T06:22:32Z,https://github.com/hirenrafaliya/pexels-api-swiftui-mvvm
MVVM,repo_search,MVVM,686680202,gali981101/Crypto-SwiftUI-MVVM,Crypto-SwiftUI-MVVM,"Learn SwiftUI, async await, ObservedObject, Web service and MVVM so on... ",,2,0,2,0,Swift,2023-09-03T15:45:06Z,2023-09-03T15:50:29Z,https://github.com/gali981101/Crypto-SwiftUI-MVVM
MVVM,repo_search,MVVM,753754077,ravikanthmarri/SwiftUI_MVVM_Unittests,SwiftUI_MVVM_Unittests,Demo SwiftUI Project with MVVM Design and Unit testing Coverage,"async-await,lazyvgrid,mvvm-architecture,pagination,swift,swiftui,unit-testing",2,0,2,0,Swift,2024-02-06T18:21:23Z,2024-03-04T23:10:21Z,https://github.com/ravikanthmarri/SwiftUI_MVVM_Unittests
MVVM,repo_search,MVVM,623855302,BerkaySancar/Games-SwiftUI-MVVM,Games-SwiftUI-MVVM,"SwiftUI, MVVM, CoreData, Async-Await, Pagination","async-await,coredata,json-api,mvvm,networking,swiftui",2,1,2,0,Swift,2023-04-05T08:27:33Z,2025-10-31T05:13:44Z,https://github.com/BerkaySancar/Games-SwiftUI-MVVM
MVVM,repo_search,MVVM,686653614,deanira/note-mvvm,note-mvvm,simple MVVM implementation with SwiftUI framework,,2,0,2,0,Swift,2023-09-03T14:09:13Z,2025-08-18T16:12:56Z,https://github.com/deanira/note-mvvm
MVVM,repo_search,MVVM,233921293,yusufalicezik/SwiftUI-Weather,SwiftUI-Weather,"MVVM Pattern, SwiftUI and Combine Framework",,2,0,2,0,Swift,2020-01-14T19:41:24Z,2020-05-16T00:04:02Z,https://github.com/yusufalicezik/SwiftUI-Weather
MVVM,repo_search,MVVM,771046994,UlianaGritchina/NASA_SwiftUI,NASA_SwiftUI,"NASA API, SwiftUI, MVVM, Async/Await.",,2,1,2,0,Swift,2024-03-12T15:41:34Z,2025-09-21T08:57:15Z,https://github.com/UlianaGritchina/NASA_SwiftUI
MVVM,repo_search,MVVM,423616475,TnasuH/iOS-Coins-SwiftUI,iOS-Coins-SwiftUI,"SwiftUI, MVVM, Combine, CoreData, etc.",,2,0,2,0,Swift,2021-11-01T21:06:56Z,2024-11-11T22:17:18Z,https://github.com/TnasuH/iOS-Coins-SwiftUI
MVVM,repo_search,MVVM,260236782,Fedenieto90/SwiftUICovid19Summary,SwiftUICovid19Summary,SwiftUI MVVM - Covid19 Global Summary App,,2,0,2,0,Swift,2020-04-30T14:38:50Z,2021-12-22T16:22:03Z,https://github.com/Fedenieto90/SwiftUICovid19Summary
MVVM,repo_search,MVVM,1106742747,briannadoubt/Archery,Archery,Macro-oriented MVVM SwiftUI Architecture,,2,0,2,0,Swift,2025-11-29T21:12:32Z,2026-01-17T21:31:47Z,https://github.com/briannadoubt/Archery
MVVM,repo_search,MVVM,832166976,suatkarakusoglu/taskysample,taskysample,Sample MVVM project with SwiftUI.,,2,0,2,0,Swift,2024-07-22T13:18:21Z,2024-07-24T14:22:52Z,https://github.com/suatkarakusoglu/taskysample
MVVM,repo_search,MVVM,266109262,ShakeebM/SwiftUIStarter,SwiftUIStarter,SwiftUI App Template for beginners with MVVM architecture,,2,0,2,0,Swift,2020-05-22T12:49:33Z,2021-10-06T14:39:45Z,https://github.com/ShakeebM/SwiftUIStarter
MVVM,repo_search,MVVM,781045231,vengateshm/MVVM-ios-SwiftUI-Udemy,MVVM-ios-SwiftUI-Udemy,This project contains source code of MVVM in iOS using SwiftUI course in udemy,,2,0,2,0,Swift,2024-04-02T16:41:59Z,2024-04-15T17:28:34Z,https://github.com/vengateshm/MVVM-ios-SwiftUI-Udemy
MVVM,repo_search,MVVM,731138261,BerkaySancar/SampleProject-SwiftUIKit-MVVM,SampleProject-SwiftUIKit-MVVM,"MVVM, MVVM-R, Networking, Error Handling, Alamofire, CocoaPods, Pagination, UserDefaults, Cache API Data, Present Alert, DispatchGroup.","alamofire,error-handling,mvvm,mvvm-r,networking,protocol-oriented-programming,sdwebimage,swift,uikit,userdefaults",2,0,2,0,Swift,2023-12-13T12:45:32Z,2024-10-22T09:31:57Z,https://github.com/BerkaySancar/SampleProject-SwiftUIKit-MVVM
MVVM,repo_search,MVVM,1065950412,kundancodelab/SwiftUI-Router-MVVM-Demo,SwiftUI-Router-MVVM-Demo,,,2,0,2,0,Swift,2025-09-28T18:54:20Z,2025-09-29T09:54:33Z,https://github.com/kundancodelab/SwiftUI-Router-MVVM-Demo
MVVM,repo_search,MVVM,884261933,Mohsporty/TodoList-swiftUI-MVVM,TodoList-swiftUI-MVVM,Todo LIst app with SWIFTUI and MVVM ,,2,0,2,0,Swift,2024-11-06T12:45:25Z,2025-02-01T22:53:22Z,https://github.com/Mohsporty/TodoList-swiftUI-MVVM
MVVM,repo_search,MVVM,1118930407,ugurhmz/SwiftUI-Clean-MVVM-Architecture,SwiftUI-Clean-MVVM-Architecture,"High-performance movie discovery app built with iOS 16+ standards. Demonstrates Feature-Based Architecture, Kingfisher caching, and Protocol-Oriented Networking.","alamofire,async-await,clean-architecture,featured-based,ios-development,kingfisher,mvvm,pagination,swiftui",2,0,2,0,Swift,2025-12-18T13:43:31Z,2025-12-23T05:36:10Z,https://github.com/ugurhmz/SwiftUI-Clean-MVVM-Architecture
MVVM,repo_search,MVVM,910067664,bilallmughal/Notes-SwiftUI-MVVM-Coordinator,Notes-SwiftUI-MVVM-Coordinator,Notes App in SwiftUI using MVVM-C,,2,0,2,0,Swift,2024-12-30T12:13:41Z,2025-01-07T15:57:58Z,https://github.com/bilallmughal/Notes-SwiftUI-MVVM-Coordinator
MVVM,repo_search,MVVM,810794857,firojandev/SwiftUI-App-With-MVVM,SwiftUI-App-With-MVVM,"A Swift UI app sample structure is with MVVM design pattern with multiple screen navigations, network & database uses",,2,1,2,0,Swift,2024-06-05T11:18:05Z,2024-08-27T17:44:04Z,https://github.com/firojandev/SwiftUI-App-With-MVVM
MVVM,repo_search,MVVM,592187817,hardikdarji/SwiftUI_WeatherDemo,SwiftUI_WeatherDemo,Here is swiftUI with MVVM demonstrate Weather forecast,"mvvm,mvvm-architecture,swiftui,swiftui-example",2,0,2,0,Swift,2023-01-23T06:27:37Z,2023-02-02T15:51:12Z,https://github.com/hardikdarji/SwiftUI_WeatherDemo
MVVM,repo_search,MVVM,752241858,mzunohkaru/SwiftUI-Sample-Instagram,SwiftUI-Sample-Instagram,Instagram Clone in SwiftUI with MVVM and Firebase,,2,1,2,0,Swift,2024-02-03T13:04:45Z,2024-06-05T18:57:51Z,https://github.com/mzunohkaru/SwiftUI-Sample-Instagram
MVVM,repo_search,MVVM,751270602,mzunohkaru/SwiftUI-Sample-Thread,SwiftUI-Sample-Thread,Thread Clone in SwiftUI with MVVM and Firebase,,2,0,2,0,Swift,2024-02-01T09:20:38Z,2024-06-06T04:30:46Z,https://github.com/mzunohkaru/SwiftUI-Sample-Thread
MVVM,repo_search,MVVM,829431811,sevvalmertoglu/QuizApp_SwiftUI,QuizApp_SwiftUI,Quiz app with SwiftUI and MVVM design pattern.,,2,0,2,0,Swift,2024-07-16T12:16:56Z,2026-04-08T16:56:24Z,https://github.com/sevvalmertoglu/QuizApp_SwiftUI
MVVM,repo_search,MVVM,566373477,adilyousufofficial/SwiftUI_MVVM_CoreData_Practice,SwiftUI_MVVM_CoreData_Practice,,,2,0,2,0,Swift,2022-11-15T14:39:38Z,2025-08-28T08:34:00Z,https://github.com/adilyousufofficial/SwiftUI_MVVM_CoreData_Practice
MVVM,repo_search,MVVM,514104701,shellyneira/annapurna-ios,annapurna-ios,Food rating application using SwiftUI & MVVM.,swiftui,2,0,2,0,Swift,2022-07-15T02:10:08Z,2022-10-31T16:18:26Z,https://github.com/shellyneira/annapurna-ios
MVVM,repo_search,MVVM,585852266,KrzysztofLech/2023-01_ImageOCR,2023-01_ImageOCR,"Text recognition app. SwiftUI, CoreData, MVVM",,2,1,2,0,Swift,2023-01-06T08:53:32Z,2023-03-24T06:05:36Z,https://github.com/KrzysztofLech/2023-01_ImageOCR
MVVM,repo_search,MVVM,666131893,neeravspab/SwiftUI-MVVM-Product-List-API,SwiftUI-MVVM-Product-List-API,,,2,0,2,0,Swift,2023-07-13T19:38:03Z,2024-07-30T21:22:32Z,https://github.com/neeravspab/SwiftUI-MVVM-Product-List-API
MVVM,repo_search,MVVM,582300780,Abdalah98/Add-Quote,Add-Quote,Add Quote SwiftUI App with MVVM,,2,0,2,0,Swift,2022-12-26T11:40:29Z,2024-05-21T08:33:03Z,https://github.com/Abdalah98/Add-Quote
MVVM,repo_search,MVVM,953053945,BugorBN/Architecture-SwiftUI,Architecture-SwiftUI,"Architectural Patterns in SwiftUI: MVVM, Redux, and TCA in Action.",,2,1,2,0,Swift,2025-03-22T13:15:48Z,2025-10-24T09:10:21Z,https://github.com/BugorBN/Architecture-SwiftUI
MVVM,repo_search,MVVM,800641510,vishnuo-o/Demo-SwiftUIKit,Demo-SwiftUIKit,A Demo application for SwiftUI DevKit usage with MVVM pattern.,,2,0,2,0,Swift,2024-05-14T18:03:42Z,2024-06-08T02:35:52Z,https://github.com/vishnuo-o/Demo-SwiftUIKit
MVVM,repo_search,MVVM,231365376,Machometus/MVVMCombine,MVVMCombine,Better apps. Less code. Get the most out of SwiftUI using MVVMCombine!,,2,0,2,0,Swift,2020-01-02T11:10:52Z,2025-11-21T19:44:23Z,https://github.com/Machometus/MVVMCombine
MVVM,repo_search,MVVM,593024940,saurabhdave/SwiftUI_FetchMeals,SwiftUI_FetchMeals,Fetch meals is an SwiftUI app using MVVM architecture.,"combine,ios,mvvm,mvvm-architecture,swift,swiftui,swiftui-example,swiftui-learning",2,1,2,0,Swift,2023-01-25T03:22:33Z,2023-08-13T13:54:23Z,https://github.com/saurabhdave/SwiftUI_FetchMeals
MVVM,repo_search,MVVM,651429223,bulubuloa/omnicasa-mobile-swiftUI,omnicasa-mobile-swiftUI,Rebuild omnicasa mobile app by native SwiftUI + Mvvm + Reactive ,,2,1,2,0,Swift,2023-06-09T08:08:53Z,2023-11-03T04:41:58Z,https://github.com/bulubuloa/omnicasa-mobile-swiftUI
MVVM,repo_search,MVVM,613724266,temich93s/StoreMVVM,StoreMVVM,Swift + SwiftUI + Combine + MVVM + Coordinator + Builder + SOLID + CoreData + URLSession + JSONDecoder + GitFlow,,2,0,2,0,Swift,2023-03-14T06:25:38Z,2024-03-03T21:13:35Z,https://github.com/temich93s/StoreMVVM
MVVM,repo_search,MVVM,1120876518,Uwiloper/SwiftUI-Food-Delivery,SwiftUI-Food-Delivery,Proyecto iOS full-stack utilizando Swift 5 y arquitectura MVVM,"appdesign,async-await,food-delivery-application,full-stack,geolocation,ios,mobile-app,mvvm,mvvm-architecture,mysql,php,swift,swiftui,ui,userexperience,ux",2,0,2,0,Swift,2025-12-22T04:55:47Z,2026-01-05T17:08:51Z,https://github.com/Uwiloper/SwiftUI-Food-Delivery
MVVM,repo_search,MVVM,535276443,ricardocaste/marvelios,marvelios,"Marvel App made with SwiftUI, MVVM, Combine",,2,0,2,0,Swift,2022-09-11T11:26:58Z,2024-01-10T10:06:45Z,https://github.com/ricardocaste/marvelios
MVVM,repo_search,MVVM,582904703,Abdalah98/MyLocationsAppSwiftUI,MyLocationsAppSwiftUI,My Locations SwiftUI with MVVM and MapKit,,2,0,2,0,Swift,2022-12-28T07:32:54Z,2024-05-21T08:33:02Z,https://github.com/Abdalah98/MyLocationsAppSwiftUI
MVVM,repo_search,MVVM,806057178,devdchaudhary/CombinePokemon,CombinePokemon,Pokemon Cards fetch using SwiftUI + Combine + MVVM,,2,0,2,0,Swift,2024-05-26T08:54:55Z,2025-04-27T01:05:11Z,https://github.com/devdchaudhary/CombinePokemon
MVVM,repo_search,MVVM,453439586,DobbyWanKenoby/SwyzzySwiftUI,SwyzzySwiftUI,Social network Swyzzy (MVVM + SwiftUI + Combine + Firebase),,2,0,2,0,Swift,2022-01-29T15:39:24Z,2022-04-10T12:21:05Z,https://github.com/DobbyWanKenoby/SwyzzySwiftUI
MVVM,repo_search,MVVM,529727827,nealarch01/TriviaQuizApp,TriviaQuizApp,💡 Trivia quiz iOS app created with SwiftUI utilizing OpenTriviaDB API.,"api-client,async-await,ios,json-decoding,mvvm,swift,swift5,swiftui,trivia,trivia-game",2,2,2,0,Swift,2022-08-28T00:39:59Z,2025-05-13T02:37:15Z,https://github.com/nealarch01/TriviaQuizApp
MVVM,repo_search,MVVM,1140060009,ugurhmz/RickAndMorty-Modular-MVVMC-UIKit-SwiftUI,RickAndMorty-Modular-MVVMC-UIKit-SwiftUI,"A scalable iOS application built with Modular Architecture (SPM), MVVM-C Pattern, and Hybrid UI (UIKit Navigation + SwiftUI Views). Features strict dependency injection, unit testing, and clean architecture.",,2,0,2,0,Swift,2026-01-22T19:19:51Z,2026-02-18T15:15:05Z,https://github.com/ugurhmz/RickAndMorty-Modular-MVVMC-UIKit-SwiftUI
MVVM,repo_search,MVVM,465224223,indently/MVVM-Sample,MVVM-Sample,A very simple project demonstrating how you can use MVVM in your SwiftUI applications!,,2,0,2,0,Swift,2022-03-02T08:45:04Z,2022-10-07T13:34:19Z,https://github.com/indently/MVVM-Sample
MVVM,repo_search,MVVM,702185816,shawaf/SwiftUI-BankingApp,SwiftUI-BankingApp,A simple banking app that follow MVVM Pattern and using Firebase and SwiftUI,,2,0,2,0,Swift,2023-10-08T18:34:43Z,2025-06-19T06:04:22Z,https://github.com/shawaf/SwiftUI-BankingApp
MVVM,repo_search,MVVM,428078798,AtilaDev/Final-Space-SwiftUI,Final-Space-SwiftUI,A little demo using SwiftUI + MVVM + URLSession for fetching to Final Space API,,2,0,2,0,Swift,2021-11-15T00:49:29Z,2021-11-15T05:36:25Z,https://github.com/AtilaDev/Final-Space-SwiftUI
MVVM,repo_search,MVVM,576273418,lazar403/MVVM-Calculator,MVVM-Calculator,An MVVM Calculator in SwiftUI. Credits to designer. Url: https://dribbble.com/shots/14709020-Calculator,"architecture,calculator,ios,ios-app,ios-development,ios-device,learning-by-doing,mvvm,mvvm-architecture,native,swift,swiftui,xcode",2,0,2,0,Swift,2022-12-09T12:34:25Z,2023-07-30T09:49:51Z,https://github.com/lazar403/MVVM-Calculator
MVVM,repo_search,MVVM,621830920,bhoopendraUmrao/WeatherApp,WeatherApp,SwiftUI sample app using Clean Architecture with MVVM,"architecture,clean-architecture,ios,mvvm,sample,swift,swiftui,swiftui-example",2,1,2,0,Swift,2023-03-31T13:33:16Z,2025-07-09T04:56:23Z,https://github.com/bhoopendraUmrao/WeatherApp
MVVM,repo_search,MVVM,524387399,sarimk80/Space,Space,SwiftUI application that used combine and MVVM architecture.,"combine,combine-framework,combine-objects,ios,ios-swift,mvvm-architecture,mvvm-ios,swiftui,swiftui-example,swiftui-learning,xcode14",2,0,2,0,Swift,2022-08-13T12:02:19Z,2023-04-23T12:33:30Z,https://github.com/sarimk80/Space
MVVM,repo_search,MVVM,216931779,hectorddmx/contactFix,contactFix,"A quick experiment with Combine, SwiftUI and MVVM",,2,0,2,0,Swift,2019-10-23T00:08:09Z,2020-02-06T00:15:05Z,https://github.com/hectorddmx/contactFix
MVVM,repo_search,MVVM,840606203,rezojoglidze/SwiftUIDemo,SwiftUIDemo,SwiftUIDemo is a demonstration project designed to showcase the implementation of the MVVM architecture in a SwiftUI application. ,,2,0,2,0,Swift,2024-08-10T06:18:49Z,2025-06-09T19:33:09Z,https://github.com/rezojoglidze/SwiftUIDemo
MVVM,repo_search,MVVM,1117883297,ugurhmz/SwiftUI-MVVM-Clean-Data-Rick-Morty-Karakter-Listeleme,SwiftUI-MVVM-Clean-Data-Rick-Morty-Karakter-Listeleme,"Rick & Morty API kullanarak karakterlerin listelendiği, pagination ve modern hata yönetimi içeren ana akışı yönetir. SwiftUI ve MVVM mimarisi kullanılarak geliştirilmiştir. Kod okunabilirliğini ve bakımını kolaylaştırmak amacıyla ""View Decomposition"" (Görünüm Parçalama) ve ""Data Transfer Object (DTO)"" desenleri uygulanmıştir.",,2,0,2,0,Swift,2025-12-17T00:38:49Z,2026-02-18T22:07:18Z,https://github.com/ugurhmz/SwiftUI-MVVM-Clean-Data-Rick-Morty-Karakter-Listeleme
MVVM,repo_search,MVVM,642730390,msuleman0100/SwiftUIPen,SwiftUIPen,A PencilKit App developed in SwiftUI using MVVM Arch. Give A Star If You Find It Useful😊 . Thanks,,2,0,2,0,Swift,2023-05-19T08:09:25Z,2023-05-19T13:29:13Z,https://github.com/msuleman0100/SwiftUIPen
MVVM,repo_search,MVVM,948076111,KsArt-IT/HabitsTracker-SwiftUI-iOS,HabitsTracker-SwiftUI-iOS,"iOS, Swift, SwiftUI, SwiftData, Clean Architecture, Clen Code, MVVM, DI, Habits Tracker",,2,0,2,0,Swift,2025-03-13T17:54:35Z,2025-07-10T12:39:33Z,https://github.com/KsArt-IT/HabitsTracker-SwiftUI-iOS
MVVM,repo_search,MVVM,351245065,maxkalik/CurRates,CurRates,simple currency rates check app,"mvvm,swiftui",2,0,2,1,Swift,2021-03-24T22:52:18Z,2021-07-04T08:48:50Z,https://github.com/maxkalik/CurRates
MVVM,repo_search,MVVM,274502557,breel93/Fave_iOS-WIP,Fave_iOS-WIP,"News App built with SwiftUI and Combine, MVVM-Architecture","combine,combine-framework,swift5,swiftui",2,0,2,0,Swift,2020-06-23T20:29:03Z,2022-04-16T20:16:36Z,https://github.com/breel93/Fave_iOS-WIP
MVVM,repo_search,MVVM,963543058,angelosstampoulisgithub/SwiftUIMovieFlixUpdated,SwiftUIMovieFlixUpdated,I made this simple iOS app in SwiftUI to show how you can achieve MVVM in SwiftUI,,2,0,2,0,Swift,2025-04-09T20:54:42Z,2025-04-10T07:33:41Z,https://github.com/angelosstampoulisgithub/SwiftUIMovieFlixUpdated
MVVM,repo_search,MVVM,615778425,youcefbouchemat/AnimeQuotes,AnimeQuotes,"SwiftUI Project using AnimeChan API, Async Await and MVVM ",,2,0,2,0,Swift,2023-03-18T16:49:15Z,2024-01-22T01:37:33Z,https://github.com/youcefbouchemat/AnimeQuotes
MVVM,repo_search,MVVM,364734422,gabizorzo/TodoList,TodoList,SwiftUI to do list using MVVM and user defaults,,2,0,2,0,Swift,2021-05-05T23:47:44Z,2021-08-02T01:36:31Z,https://github.com/gabizorzo/TodoList
MVVM,repo_search,MVVM,652698307,mcansimsek98/Listify,Listify,Task List App using SwiftUI,"firebase,mvvm,swiftui,tasklist",2,0,2,0,Swift,2023-06-12T15:55:16Z,2024-11-23T21:20:37Z,https://github.com/mcansimsek98/Listify
MVVM,repo_search,MVVM,563577872,cassiewallace/swiftui-starter,swiftui-starter,"Starter codebase for a SwiftUI iOS app, using Swift Concurrency (async/await), NavigationStack, and MVVM. Useful for learning and take-home exercises.","interview-preparation,swiftui",2,1,2,0,Swift,2022-11-08T22:42:33Z,2026-03-20T22:29:47Z,https://github.com/cassiewallace/swiftui-starter
MVVM,repo_search,MVVM;Model View ViewModel;Model-View-ViewModel,599109644,drawRect/SwiftUI-Architectures,SwiftUI-Architectures,"Youtube Link: https://www.youtube.com/watch?v=hHX6Cnw_hu0 | SwiftUI-MVVM(Model-View-ViewModel),MV(Model View),CP(Container-Presenter), Redux","container-pattern,mvvm-architecture,redux,swiftui",2,0,2,0,Swift,2023-02-08T13:27:28Z,2023-06-25T16:50:47Z,https://github.com/drawRect/SwiftUI-Architectures
MVVM,repo_search,MVVM,933751878,hudishkin/vvsi,vvsi,Lightweight architecture for SwiftUI application. Something between TCA and MVVM.,"architecture,ios-architecture,mvvm,swift,swiftui,tca",2,0,2,0,Swift,2025-02-16T16:04:29Z,2026-02-09T19:28:09Z,https://github.com/hudishkin/vvsi
MVVM,repo_search,MVVM,478541883,developer-academy-unina/Tutorial-CoreData-with-MVVM,Tutorial-CoreData-with-MVVM,Tutorial CoreData with MVVM,"ios,mvvm,swift,swiftui,tutorial",2,0,2,0,Swift,2022-04-06T12:05:30Z,2023-07-24T15:35:45Z,https://github.com/developer-academy-unina/Tutorial-CoreData-with-MVVM
MVVM,repo_search,MVVM,606666869,wzbozon/WeatherForecast,WeatherForecast,iOS Weather Forecast App (SwiftUI + MVVM + URSession async/await + CoreData),,2,0,2,1,Swift,2023-02-26T07:16:08Z,2025-09-17T06:17:30Z,https://github.com/wzbozon/WeatherForecast
MVVM,repo_search,MVVM,487177472,Yuweh/CryptoChecker,CryptoChecker,4th sample proj for Combine X swiftUI X MVVM + Networking,,2,0,2,0,Swift,2022-04-30T04:05:13Z,2022-05-05T06:59:14Z,https://github.com/Yuweh/CryptoChecker
MVVM,repo_search,MVVM,611364511,Nikitaaeee/InfiniteCatFacts,InfiniteCatFacts,🐈 Random CatImages and Facts app using SwiftUI + Combine (MVVM) ,,2,0,2,0,Swift,2023-03-08T17:12:56Z,2025-01-25T12:15:23Z,https://github.com/Nikitaaeee/InfiniteCatFacts
MVVM,repo_search,MVVM,585521208,cohenzuri/InstagramWithBackendSwiftUI,InstagramWithBackendSwiftUI,Instagram clone app with backend write with Swiftui  Combine MVVM,,2,0,2,0,Swift,2023-01-05T11:37:48Z,2023-01-12T12:14:52Z,https://github.com/cohenzuri/InstagramWithBackendSwiftUI
MVVM,repo_search,MVVM,590658280,saurabhdave/SwiftUI_FruitsApp,SwiftUI_FruitsApp,"A small iOS application created in SwiftUI. In this app, you will learn the basic concepts of SwiftUI.","mvvm,swift,swiftui,swiftui-example,swiftui-learning,xcode",2,0,2,0,Swift,2023-01-18T22:44:09Z,2023-08-13T13:54:50Z,https://github.com/saurabhdave/SwiftUI_FruitsApp
MVVM,repo_search,MVVM,836831874,kunalyelne/Currency-Converter-MVVM---iOS,Currency-Converter-MVVM---iOS,"A Currency Converter app developed using SwiftUI and MVVM Design Pattern. Includes Alamofire, Swinject Dependency Injection as well.",,2,0,2,0,Swift,2024-08-01T16:42:19Z,2024-09-28T22:58:21Z,https://github.com/kunalyelne/Currency-Converter-MVVM---iOS
MVVM,repo_search,MVVM;Model View ViewModel,602855346,sadyojat/SwiftUILists,SwiftUILists,,"binding,model,mvvm,publish-subscribe,reactive,swiftui,view,viewmodel",2,0,2,0,Swift,2023-02-17T04:34:21Z,2024-06-27T16:32:43Z,https://github.com/sadyojat/SwiftUILists
MVVM,repo_search,MVVM,1121372475,semihsgt/AtlasWeatherApp_SwiftUI,AtlasWeatherApp_SwiftUI,"SwiftUI & MVVM weather app with real-time, hourly and daily forecasts. Features an interactive Explore module for detailed country insights.",,2,0,2,0,Swift,2025-12-22T22:12:55Z,2026-02-25T21:09:12Z,https://github.com/semihsgt/AtlasWeatherApp_SwiftUI
MVVM,repo_search,MVVM,804138877,LamNguyen17/SwiftUI-Clean-Architecture,SwiftUI-Clean-Architecture,⚡️ Architecture IOS app with SwiftUI ⚡️. 🍭 Clean Architecture - 🌸 Reactive Programming (RxSwift) - 🤟SOLID - 🔆 Resolver (DI) - 🔥 MVVM - 🌰 MVI,"alamofire,architecture,clean-architechture,clean-code,kingfisher,mvi,mvi-architecture,mvvm,mvvm-architecture,reactive-programming,resolver,rxswift,solid",2,0,2,0,Swift,2024-05-22T03:04:51Z,2025-01-01T06:04:37Z,https://github.com/LamNguyen17/SwiftUI-Clean-Architecture
MVVM,repo_search,MVVM,817721291,AlaaZarifa/Moviez,Moviez,Simple movie app built with SwiftUI (iOS) using Clean Architecture (MVVM),"clean-architecture,declarative-ui,ios,ios-swift,mvvm-architecture,swiftui,xcode",2,0,2,0,Swift,2024-06-20T09:54:54Z,2024-06-24T06:47:41Z,https://github.com/AlaaZarifa/Moviez
MVVM,repo_search,MVVM,1022997029,banghuazhao/money-mind,money-mind,"SwiftUI budget & expense tracker for iPhone and iPad — local SQLite, MVVM.","apple-platform,budget,budget-tracker,expense-tracker,finance,grdb,ios,ipad,mobile-app,mvvm,observation,offline-first,personal-finance,privacy,sqlite,sqlite-data,swift,swift-6,swift-dependencies,swiftui",2,1,2,0,Swift,2025-07-20T09:58:56Z,2026-04-29T06:34:37Z,https://github.com/banghuazhao/money-mind
MVVM,repo_search,MVVM,444042291,W1W1-M/Lentit,Lentit,iOS app developed in Swift/SwiftUI for experimenting with MVVM architecture,"design-pattern,ios,mvvm,swift,swiftui",2,1,2,0,Swift,2022-01-03T11:50:01Z,2022-06-26T19:45:45Z,https://github.com/W1W1-M/Lentit
MVVM,repo_search,MVVM,441792031,SegunAwe05/GPA-Calculator,GPA-Calculator,GPA calculator for personally made in SwiftUI. Utilizes MVVM and CoreData,,2,0,2,0,Swift,2021-12-26T02:06:19Z,2023-02-09T23:50:28Z,https://github.com/SegunAwe05/GPA-Calculator
MVVM,repo_search,MVVM,1196063834,PatNoO/scene-it,scene-it," Interactive iOS quiz app for Swedish TV series with 4 categories, instant feedback, smooth animations, and personal high   score tracking. Built with Swift, SwiftUI, and MVVM architecture","animation,ios,mobile,mvvm,quiz-app,swift,swiftui",2,2,2,0,Swift,2026-03-30T10:35:46Z,2026-04-19T13:17:08Z,https://github.com/PatNoO/scene-it
MVVM,repo_search,MVVM,602842074,KaranChander/WeatherApp,WeatherApp,Weather Application built using SwiftUI where I have followed MVVM architecture ,,2,0,2,0,Swift,2023-02-17T03:39:29Z,2023-12-17T15:25:46Z,https://github.com/KaranChander/WeatherApp
MVVM,repo_search,MVVM,538425421,dhavald23/HabitTracker,HabitTracker,In this Application I have created a Habit Tracker App Fully Integrated With Core Data CRUD Operations Using SwiftUI 3.0 | SwiftUI Complex UI | SwiftUI Habit Tracker UI | SwiftUI Core Data SwiftUI CRUD Operations | SwiftUI MVVM | SwiftUI Local Notifications | SwiftUI Scheduled Notifications | SwiftUI Notifications | SwiftUI Scheduled Notifications | SwiftUI @FetchRequest | SwiftUI @ViewBuilder | Swift |  SwiftUI Xcode 13 | SwiftUI for iOS 15 | Xcode 13 SwiftUI.,,2,0,2,0,Swift,2022-09-19T09:26:20Z,2023-05-16T04:39:47Z,https://github.com/dhavald23/HabitTracker
MVVM,repo_search,MVVM,443199258,MTevangelista/swiftui-firebase-chat,swiftui-firebase-chat,This repo was created to learn how to build a real time chat application using Firebase and SwiftUI,"combine,firebase,firebase-authentication,firebase-cloud-firestore,firebase-storage,mvvm,rswift,swift,swiftui",2,0,2,0,Swift,2021-12-30T22:37:42Z,2026-04-13T22:13:39Z,https://github.com/MTevangelista/swiftui-firebase-chat
MVVM,repo_search,MVVM,642365138,joyalserrao/MessageClientSever,MessageClientSever,Native way to create sever & client comm using SwiftUI,"ios,mvvm,network,swiftui",2,0,2,1,Swift,2023-05-18T12:05:22Z,2023-09-03T22:04:57Z,https://github.com/joyalserrao/MessageClientSever
MVVM,repo_search,MVVM,446583874,ihor-yarovyi/SwiftUI-Route-Manager,SwiftUI-Route-Manager,It's a proposal on how to pop to root using SwiftUI native tools,"advanced,modern,mvvm,navigation,router,routing,swift,swiftui",2,0,2,0,Swift,2022-01-10T21:15:09Z,2023-09-24T08:13:47Z,https://github.com/ihor-yarovyi/SwiftUI-Route-Manager
MVVM,repo_search,MVVM,574849337,i5awlah/ExpDate,ExpDate,An app helps product consumers who want to take full advantage of the product by tracking the validity of the product and reminding them of their expiration date in order to avoid bad symptoms.,"almofire,cloudkit,mvvm,push-notifications,swift,swiftui,visionkit",2,2,2,0,Swift,2022-12-06T07:56:04Z,2024-11-27T10:42:09Z,https://github.com/i5awlah/ExpDate
MVVM,repo_search,MVVM,387120046,EmadBeyrami/News-SwiftUI-Combine,News-SwiftUI-Combine,A basic news app using SwiftUI and Combine in MVVM+Coordinator Architect. This is my very first try to build a compete SwiftUI project and will improve and update.,,2,0,2,0,Swift,2021-07-18T07:46:07Z,2021-11-06T06:09:18Z,https://github.com/EmadBeyrami/News-SwiftUI-Combine
MVVM,repo_search,MVVM,658291836,tafyon/CryptoVentor,CryptoVentor,SwiftUI'deki  MVVM  mimari modelini  izleyen basit bir  Kripto Para Birimi uygulaması.,,2,0,2,0,Swift,2023-06-25T10:28:12Z,2025-02-23T19:34:13Z,https://github.com/tafyon/CryptoVentor
MVVM,repo_search,MVVM,498491501,SabbirHossain07/LocationFinderApp,LocationFinderApp,In this App I'm going to try how to search locations in App like Uber Using SwiftUI 3.0 | SwiftUI Advanced MapKit | SwiftUI Core Location | SwiftUI Geocoding | SwiftUI Searching Locations | SwiftUI Async/Await | SwiftUI Draggable Annotation | SwiftUI Live Location | SwiftUI Custom MapView | SwiftUI MVVM | SwiftUI Combine Search Bar | SwiftUI Complex UI | SwiftUI Searching Locations | Xcode 13 | SwiftUI for iOS 15 | Xcode 13 SwiftUI.,,2,0,2,0,Swift,2022-05-31T20:41:59Z,2024-07-21T14:09:10Z,https://github.com/SabbirHossain07/LocationFinderApp
MVVM,repo_search,MVVM,1085221920,gurocakgokalp/CinemaDex-OMDb-SwiftUI,CinemaDex-OMDb-SwiftUI,"SwiftUI (iOS) - kazanimlar: MVVM, OMDb API integration, async/await, Combine framework, overlay techniques, V-HStack composition, gradient effects, custom view designs, state management (@State, @ObservedObject), NavigationStack",,2,0,2,0,Swift,2025-10-28T18:39:49Z,2026-02-23T06:03:19Z,https://github.com/gurocakgokalp/CinemaDex-OMDb-SwiftUI
MVVM,repo_search,MVVM,471999184,indently/iCrypto,iCrypto,A simple CryptoCurrency app that follows the MVVM architecture pattern in SwiftUI.,,2,0,2,0,Swift,2022-03-20T14:09:14Z,2024-09-15T23:39:36Z,https://github.com/indently/iCrypto
MVVM,repo_search,MVVM,929356548,imdevsmi/Momentum,Momentum,"Momentum is a sleek and efficient task management app designed to keep you organized and productive. With a minimalistic UI and powerful features, it helps you track your to-dos, set priorities, and maintain a steady workflow.","firebase,mvvm,swiftui",2,0,2,0,Swift,2025-02-08T11:04:36Z,2025-04-22T07:08:03Z,https://github.com/imdevsmi/Momentum
MVVM,repo_search,MVVM,824695024,dalkilicyasin/boatsail,boatsail,This is SwiftUI project. Used UIKit and SwiftUI powered by Realm,"coordinator-pattern,mvvm,mvvm-c,programmaticui,realm,snapkit,swift,swiftui,uikit",2,0,2,0,Swift,2024-07-05T17:56:09Z,2024-09-01T18:23:48Z,https://github.com/dalkilicyasin/boatsail
MVVM,repo_search,MVVM,495747229,SabbirHossain07/ExpenseTrackerII,ExpenseTrackerII,SwiftUI 3.0 - Expense Tracker App UI - Complex UI - MVVM - Xcode 13,,2,0,2,0,Swift,2022-05-24T09:06:03Z,2024-08-19T11:37:46Z,https://github.com/SabbirHossain07/ExpenseTrackerII
MVVM,repo_search,MVVM,531021672,dexston/PhoneStoreApp,PhoneStoreApp,Тестовое задание: Приложение для магазина по продаже телефонов,"mvvm,swift,swiftui",2,0,2,0,Swift,2022-08-31T09:46:19Z,2022-12-24T07:45:54Z,https://github.com/dexston/PhoneStoreApp
MVVM,repo_search,MVVM,540646436,MiguelFerrer99/NbaApp,NbaApp,NbaApp is a small project that shows the teams and players of NBA,"ios,mvvm,swiftui",2,0,2,0,Swift,2022-09-23T23:15:54Z,2022-11-20T00:28:40Z,https://github.com/MiguelFerrer99/NbaApp
MVVM,repo_search,MVVM,604368949,frehelfer/WeatherApp,WeatherApp,"Personal project using SwiftUI, Combine, CoreLocation, UserDefaults and MVVM. Data Fetched from https://openweathermap.org","coredata,mvvm,swiftui",2,0,2,0,Swift,2023-02-20T23:05:35Z,2024-01-28T17:10:31Z,https://github.com/frehelfer/WeatherApp
MVVM,repo_search,MVVM,766091412,engingulek/BestFriend,BestFriend,It is a dog walking and pet sitting application.,"alamofire,mvvm,swiftui",2,0,2,0,Swift,2024-03-02T10:11:19Z,2024-04-24T17:26:07Z,https://github.com/engingulek/BestFriend
MVVM,repo_search,MVVM,1073032867,kubamilcarz/step-counter-app,step-counter-app,"Step Tracker integrates Apple Health to show your latest step and weight data in animated, interactive Swift Charts. You can also see your average steps and weight gain/loss for each weekday for the past 28 days.","healthkit,mvvm,swiftui",2,0,2,0,Swift,2025-10-09T14:30:02Z,2025-12-05T09:04:44Z,https://github.com/kubamilcarz/step-counter-app
MVVM,repo_search,MVVM,812400527,ivansaul/SwiftUI-Crypto-Tracker,SwiftUI-Crypto-Tracker,"A complete Crypto Tracker app built with SwiftUI.  This project follows  MVVM architecture principles for a modular and maintainable codebase. It uses Combine for data fetching, CoreData for data persistence, CoinGecko for API calls and SwiftUI for its UI.","combine,coredata,ios,ios-app,mvvm,mvvm-architecture,swift,swiftui,xcode",2,0,2,0,Swift,2024-06-08T19:29:36Z,2025-06-19T05:41:34Z,https://github.com/ivansaul/SwiftUI-Crypto-Tracker
MVVM,repo_search,MVVM,640791240,FerrorNetwork/AdsApp,AdsApp,Приложение для продажи вещей эмигрантам на русском языке. RXSwift + MVVM-C + UIKit + SwiftUI,,2,0,2,0,Swift,2023-05-15T06:21:00Z,2025-07-12T19:43:20Z,https://github.com/FerrorNetwork/AdsApp
MVVM,repo_search,MVVM,984136212,joshuacleetus/WeatherApp,WeatherApp,"7-day weather forecast app built with SwiftUI and WeatherAPI, following MVVM architecture",,2,0,2,0,Swift,2025-05-15T13:00:54Z,2026-03-01T03:54:07Z,https://github.com/joshuacleetus/WeatherApp
MVVM,repo_search,MVVM,748226540,jonatttan/BankApp,BankApp,"BankApp, an app in SwiftUI following MVVM architecture. Second practice of the Udemy course.",,2,0,2,0,Swift,2024-01-25T14:41:48Z,2024-11-18T23:02:14Z,https://github.com/jonatttan/BankApp
MVVM,repo_search,MVVM,545528426,cagataygedik/map-app,map-app,I made a basic SwiftUI app that locates monuments with MapKit and MVVM architecture,,2,0,2,0,Swift,2022-10-04T14:27:44Z,2025-01-02T01:47:42Z,https://github.com/cagataygedik/map-app
MVVM,repo_search,MVVM,805398948,EKukarskiy/MixColor,MixColor,"🎨 The Task1 is to create an app for mixing colors. SwiftUI, Combine, MVVM","color,combine,magicnumbers,mvvm,swiftui",2,0,2,0,Swift,2024-05-24T13:43:01Z,2024-05-28T14:05:24Z,https://github.com/EKukarskiy/MixColor
MVVM,repo_search,MVVM,287835248,Spikeysanju/QuotesApp,QuotesApp,A Minimal Quotes App Built to Describe the use of MVVM Architecture using SwiftUI,,2,0,2,2,Swift,2020-08-15T22:36:21Z,2022-05-16T14:03:20Z,https://github.com/Spikeysanju/QuotesApp
MVVM,repo_search,MVVM,365549578,PrashantGaikwad-iOS/NearMe-SwiftUI,NearMe-SwiftUI,"NearMe app will let you search nearby places like hotels, coffee shops, burger or pizza places etc. You can see the map with annotations or you can see the list of nearby places which you want to search. I have used MVVM design pattern.",,2,0,2,0,Swift,2021-05-08T15:33:12Z,2022-03-11T15:46:41Z,https://github.com/PrashantGaikwad-iOS/NearMe-SwiftUI
MVVM,repo_search,MVVM,341221266,alvayonara/Manga-Collection,Manga-Collection,"🎎 Simple Manga Collection Apps for iOS using Kitsu API. Built using Swift, SwiftUI, MVVM.","ios,kitsu,mvvm,swiftui,xcode",2,0,2,0,Swift,2021-02-22T14:07:48Z,2025-05-06T19:21:25Z,https://github.com/alvayonara/Manga-Collection
MVVM,repo_search,MVVM,849439367,prachipb09/MVC-vs-MVVM,MVC-vs-MVVM,This project defines the difference between MVC and MVVM,"design-patterns,design-systems,ios,ios-app,ios-demo,ios-swift,mvc,mvc-architecture,mvvm,mvvm-architecture,swift,swiftui,uikit",2,1,2,0,Swift,2024-08-29T15:42:18Z,2025-03-02T10:42:05Z,https://github.com/prachipb09/MVC-vs-MVVM
MVVM,repo_search,MVVM,316951395,antfarm/Life,Life,Conway's Game of Life in SwiftUI MVVM with a hint of the Elm architecture.,,2,0,2,0,Swift,2020-11-29T12:56:50Z,2025-09-23T16:32:27Z,https://github.com/antfarm/Life
MVVM,repo_search,MVVM,1233619710,semihtakilan/CineScopeApp,CineScopeApp,"A modern iOS movie discovery application built with SwiftUI, Combine, and Firebase using MVVM architecture. ",,2,0,2,0,Swift,2026-05-09T06:44:42Z,2026-05-09T07:45:54Z,https://github.com/semihtakilan/CineScopeApp
MVVM,repo_search,MVVM,905464245,angelosstampoulisgithub/WeatherAssignment,WeatherAssignment,I made this simple iOS app in SwiftUI as a demo for the MVVM pattern,,2,0,2,0,Swift,2024-12-18T22:05:44Z,2026-01-21T10:01:07Z,https://github.com/angelosstampoulisgithub/WeatherAssignment
MVVM,repo_search,MVVM,586930083,APP-iOS1/mydiary-20230110-personal-16,mydiary-20230110-personal-16,김태형 | 🥑 Avocado: 뽀모도로 공부 스케쥴러,"coredata,mvvm,swift,swiftui",2,0,2,0,Swift,2023-01-09T15:09:20Z,2023-04-21T11:05:18Z,https://github.com/APP-iOS1/mydiary-20230110-personal-16
MVVM,repo_search,MVVM,725675166,Brsrld/BombNews,BombNews,SwiftUI + Unit Testing + Async-Await + StateFulMVVM + Testable Network Layer + UITest,"async-await,mvvm,stateful,swiftui,testable,uitesting,unitest",2,0,2,0,Swift,2023-11-30T16:30:56Z,2024-07-25T17:13:39Z,https://github.com/Brsrld/BombNews
MVVM,repo_search,MVVM,486330945,trastoan/MazeApp,MazeApp,A app to browser for shows and actors using the TVMaze API,"mvvm,swift,swiftui,uikit",2,0,2,0,Swift,2022-04-27T19:49:45Z,2023-03-06T23:11:52Z,https://github.com/trastoan/MazeApp
MVVM,repo_search,MVVM,1078541895,Jeffersons/NindoFast,NindoFast,"Modern iOS app showcasing SwiftUI, SwiftData, and MVVM architecture — built to explore Apple’s latest ecosystem.","ai,clean-swift,cloudkit,fasting-app,foundationmodels,foundationmodelsframework,swift,swift6,swiftdata,swiftui",2,0,2,3,Swift,2025-10-17T22:58:45Z,2025-11-06T14:10:11Z,https://github.com/Jeffersons/NindoFast
MVVM,repo_search,MVVM,764048331,yektaokdan/CryptoCrazySUI,CryptoCrazySUI,An iOS application developed using the MVVM architecture and SwiftUI to list the values of cryptocurrencies.,,2,0,2,0,Swift,2024-02-27T11:45:34Z,2024-03-20T16:23:21Z,https://github.com/yektaokdan/CryptoCrazySUI
MVVM,repo_search,MVVM,324806212,osrufung/appsneakers,appsneakers,A simple Sneakers favourite list SwiftUI App to demo Combine + basic view building using MVVM architecture.,,2,1,2,1,Swift,2020-12-27T16:49:52Z,2021-06-01T20:49:28Z,https://github.com/osrufung/appsneakers
MVVM,repo_search,MVVM,661594961,MarinaRyabchun/food-app,food-app,"Application for ordering food. View categories, list of dishes and basket. Used by SwiftUI, MVVM + Coordinator",,2,0,2,0,Swift,2023-07-03T08:17:54Z,2025-11-19T11:47:13Z,https://github.com/MarinaRyabchun/food-app
MVVM,repo_search,MVVM,568375505,Huss3n/ToDo-App,ToDo-App,A todo app built using swiftUI and saves user settings with user defaults. Built using mvvm architecture,,2,0,2,0,Swift,2022-11-20T10:42:27Z,2023-03-16T20:06:48Z,https://github.com/Huss3n/ToDo-App
MVVM,repo_search,MVVM,1060815414,matrecode/TradeSegment,TradeSegment,"A Trading App inspired by Kite (Zerodha) App built in SwiftUI, Swift technology with MVVM and Coordinator pattern",,2,0,2,0,Swift,2025-09-20T16:44:29Z,2026-01-20T17:37:18Z,https://github.com/matrecode/TradeSegment
MVVM,repo_search,MVVM,1031026051,Ytemiloluwa/EmotiQ,EmotiQ,"AI for Emotional Intelligence in your pockets. Build with SwiftUI, Combine, Elevenlabs, RevenueCat, OneSignal, CoreData and MVVM Architecture",,2,0,2,0,Swift,2025-08-02T21:02:30Z,2025-11-25T08:04:59Z,https://github.com/Ytemiloluwa/EmotiQ
MVVM,repo_search,MVVM,627482464,LukisMaster/ScreenRecorderSwiftUI,ScreenRecorderSwiftUI,"simple ScreenRecorder with microphone for SwiftUI 2.0 (iOS 14+) with using ReplayKit, MVVM pattern and singletone Manager.",,2,0,2,0,Swift,2023-04-13T14:58:16Z,2025-05-01T08:46:46Z,https://github.com/LukisMaster/ScreenRecorderSwiftUI
MVVM,repo_search,MVVM,1152090608,NektoEllez/PicsumGallery,PicsumGallery,"SwiftUI gallery app (Swift 6+, iOS 17+): async/await, @Observable, NavigationStack, optional SwiftData. Uses Picsum API. MVVM + Coordinator.",,2,0,2,0,Swift,2026-02-07T10:54:50Z,2026-02-24T12:01:26Z,https://github.com/NektoEllez/PicsumGallery
MVVM,repo_search,MVVM,399363961,oskarko/AuthenticationUI,AuthenticationUI,Login Page With Full Email Authentication Support Using Firebase In SwiftUI,"authentication,firebase,ios15,login,mvvm,swift,swiftui,swiftui3,xcode",2,0,2,0,Swift,2021-08-24T06:48:21Z,2024-03-19T06:50:34Z,https://github.com/oskarko/AuthenticationUI
MVVM,repo_search,MVVM,773087912,OlgaFlower/Monika,Monika,"Money Tracker App // SwiftUI, CoreData, MVVM, Animations, Atomic Components Design  //  For better user experience run on a real device!",,2,0,2,0,Swift,2024-03-16T17:59:16Z,2025-04-06T18:05:22Z,https://github.com/OlgaFlower/Monika
MVVM,repo_search,MVVM,412555034,mariodujic/Trivia-iOS,Trivia-iOS,iOS learning app.,"combine,hacktoberfest,mvvm,swiftui,swinject",2,0,2,0,Swift,2021-10-01T17:13:04Z,2021-11-13T07:53:08Z,https://github.com/mariodujic/Trivia-iOS
MVVM,repo_search,MVVM,486967787,rusel95/SleepPhaseWakeApp,SleepPhaseWakeApp,SwiftUI + MVVM WatchOS App for waking up using Sleep Phase detection via accelerometer (very basic shaking detection for now),,2,0,2,5,Swift,2022-04-29T12:41:09Z,2025-10-29T11:31:48Z,https://github.com/rusel95/SleepPhaseWakeApp
MVVM,repo_search,MVVM,780642898,arthursobrosa/tuco-tuco,tuco-tuco,WWDC24 Swift Student Challenge winner project,"combine,mvvm,swift,swiftui,wwdc24",2,0,2,0,Swift,2024-04-01T22:21:06Z,2025-08-14T12:03:28Z,https://github.com/arthursobrosa/tuco-tuco
MVVM,repo_search,MVVM,437917356,solid0x/birthdays,birthdays,An iOS app based on SwiftUI that syncs with your contacts and notifies you about upcoming birthdays.,"birthdays,coredata,ios,mvvm,swift,swiftui,xctest",2,1,2,0,Swift,2021-12-13T15:04:31Z,2023-05-08T00:30:11Z,https://github.com/solid0x/birthdays
MVVM,repo_search,MVVM,575099739,yasuntimure/iMovies,iMovies,"iMovies is an iOS demo project that showcases different software architectures such as MVC, MVVM, and VIPER in different targets. Additionally, there is also a target that demonstrates the use of SwiftUI with MVVM architecture.","modularization,mvc,mvvm,swift-package-manager,swiftui,uikit,viper",2,1,2,0,Swift,2022-12-06T18:55:58Z,2023-07-20T18:48:22Z,https://github.com/yasuntimure/iMovies
MVVM,repo_search,MVVM,976919174,prcpham-dev/Todo-iOSApp,Todo-iOSApp,"NextUp, a simple todo list iOS app built using Clean Architecture and the MVVM pattern. It supports adding, editing, deleting tasks, and features an updated UI.","crud,mvmm,swift,swiftui",2,0,2,0,Swift,2025-05-03T02:34:35Z,2025-06-12T08:35:14Z,https://github.com/prcpham-dev/Todo-iOSApp
MVVM,repo_search,MVVM,648093082,kensuke242424/unico,unico,SwiftUI×Firebase MVVMで作成。外観のカスタマイズ性を持たせた在庫管理アプリ。,"firebase,firebase-auth,firestore,swift,swiftui",2,0,2,12,Swift,2023-06-01T07:36:08Z,2025-11-16T07:37:06Z,https://github.com/kensuke242424/unico
MVVM,repo_search,MVVM,727203099,ecemozturkk/To-Do-App,To-Do-App,This project is a basic Todo app built using SwiftUI and follows the MVVM architecture. It leverages Firebase for authentication and Firestore database for seamless data storage and retrieval.,"firebase-auth,firestore-database,mvvm-architecture,swiftui",2,0,2,0,Swift,2023-12-04T11:52:38Z,2023-12-19T13:03:38Z,https://github.com/ecemozturkk/To-Do-App
MVVM,repo_search,MVVM,343286569,noujan/SnakeGame,SnakeGame,An iOS Snake Game.,"firebase,game,ios,mvvm,swift,swiftui",2,0,2,0,Swift,2021-03-01T04:11:14Z,2026-05-12T02:38:35Z,https://github.com/noujan/SnakeGame
MVVM,repo_search,MVVM,419678934,Oplaner/Wspollokator,Wspollokator,Studencki projekt aplikacji na iOS służącej do wyszukiwania współlokatorów. | A student project of an iOS app for finding roommates.,"core-location,ios,mvvm,student-project,swiftui,urlsession",2,1,2,0,Swift,2021-10-21T10:32:03Z,2022-05-09T10:20:48Z,https://github.com/Oplaner/Wspollokator
MVVM,repo_search,MVVM,387571594,armanabkar/DatingApp,DatingApp,Dating iOS application,"async-await,ios,mvvm,nodejs,swift,swiftui",2,0,2,0,Swift,2021-07-19T19:21:28Z,2024-04-09T14:57:07Z,https://github.com/armanabkar/DatingApp
MVVM,repo_search,MVVM,1030486661,OrDinaD/TextToBand,TextToBand,"📱 iOS приложение для разбивки длинных текстов на уведомления Mi Band. Умное управление уведомлениями с шаблонами, историей и настройками интервалов. Swift + SwiftUI + MVVM.","app,ios,miband,mvvm,notifications,swift,swiftui,xcode",2,0,2,0,Swift,2025-08-01T18:13:17Z,2026-01-21T04:46:54Z,https://github.com/OrDinaD/TextToBand
MVVM,repo_search,MVVM,393864978,atereshkov/clean-architecture-skeleton,clean-architecture-skeleton,"Swift (UIKit) sample app using Clean Architecture based on MVVM pattern. Examples of data persistence, networking, dependency injection, unit testing and more.","clean-architecture,ios,mvvm,swift,swiftui,uikit",2,0,2,0,Swift,2021-08-08T05:16:22Z,2024-09-29T15:30:00Z,https://github.com/atereshkov/clean-architecture-skeleton
MVVM,repo_search,MVVM,730518916,4gt10/Memorize,Memorize,Well-known card matching game,"cs193p,ios,memory-game,mvvm,swift,swiftui",2,0,2,0,Swift,2023-12-12T05:18:34Z,2024-08-21T14:24:04Z,https://github.com/4gt10/Memorize
MVVM,repo_search,MVVM,724603690,yago-marques/CryptoSphere,CryptoSphere,"An iOS app that lists the day's trending coins, with real-time updates. And it allows the user to set up cryptocurrency wallets, being able to create more than one wallet, depending on the objective.","clean-architecture,design-system,mvvm,swiftui,tca,unit-testing",2,0,2,0,Swift,2023-11-28T12:24:50Z,2024-01-29T00:02:36Z,https://github.com/yago-marques/CryptoSphere
MVVM,repo_search,MVVM,575602870,antonaliokhna/WeatherApp,WeatherApp,"IOS Weather application, with the ability to view the weather in different cities.","alamofire,ios,mvvm,solid,swift,swiftui",2,0,2,0,Swift,2022-12-07T22:11:41Z,2025-02-02T10:40:54Z,https://github.com/antonaliokhna/WeatherApp
MVVM,repo_search,MVVM,1002883519,enginbolat/ScanEmotion,ScanEmotion,An AI-powered iOS app that analyzes your emotions through text and gives personalized motivational feedback. Built with UIKit and MVVM architecture.,"coreml,firebase,ios,swift,swiftui,uikit",2,0,2,0,Swift,2025-06-16T09:39:36Z,2026-02-26T18:44:44Z,https://github.com/enginbolat/ScanEmotion
MVVM,repo_search,MVVM,414740358,eros-maurilio/TripCheck,TripCheck,App developed at Apple Developer Academy with a focus on harm reduction.,"api,health,mvvm,swift,swiftui,tripsit",2,0,2,0,Swift,2021-10-07T19:59:54Z,2021-12-16T13:06:50Z,https://github.com/eros-maurilio/TripCheck
MVVM,repo_search,MVVM,275935624,arinjoy/PixFinder,PixFinder,"An iOS app made with ❤️ to demonstrate the power of Apple's Combine frameworks with clean MVVM architecture, plus some SwiftUI based UI",,2,1,2,0,Swift,2020-06-29T22:03:39Z,2023-02-26T10:04:14Z,https://github.com/arinjoy/PixFinder
MVVM,repo_search,MVVM,388281539,CompSci01x/project-manager,project-manager,"""Project Manager"" iOS App. A SwiftUI iOS app allowing users to manage their projects, teams and tasks. Utilizing Core Data and endeavoring to follow the MVVM software architecture pattern.","coredata,ios,mvvm-architecture-pattern,swift,swiftui",2,0,2,0,Swift,2021-07-22T00:26:53Z,2022-01-24T18:04:27Z,https://github.com/CompSci01x/project-manager
MVVM,repo_search,MVVM,1148856626,hatimhtm/adpulse-ios,adpulse-ios,Open-source iOS 17+ analytics dashboard for ad-creative performance — SwiftUI · Swift Charts · Live Activities · SwiftData · @Observable · MVVM. Anomaly detection in Z-score. MIT licensed.,"analytics,anomaly-detection,charts,dynamic-island,ios,ios17,live-activities,mvvm,observable,open-source,swift,swift-charts,swiftdata,swiftui",2,0,2,0,Swift,2026-02-03T12:56:22Z,2026-05-10T19:40:44Z,https://github.com/hatimhtm/adpulse-ios
MVVM,repo_search,MVVM,902852274,arefshal/Crypto-Tracker,Crypto-Tracker,A real-time cryptocurrency portfolio tracker built with SwiftUI and MVVM. Integrates RESTful APIs to fetch live price data and uses Combine for reactive programming.,,2,0,2,0,Swift,2024-12-13T12:00:49Z,2025-02-23T13:53:11Z,https://github.com/arefshal/Crypto-Tracker
MVVM,repo_search,MVVM,1030653589,Clone19012011/SentimentAnalysis_CoreML_EmotionClassifier,SentimentAnalysis_CoreML_EmotionClassifier,"😊 Classify emotions in text using a CoreML model in this iOS app, built with SwiftUI and MVVM architecture for efficient performance and modern development.","ai,coreml,coreml-models,emotionclassification,ios,nlp,scikit-learn,sentimentanalysis,swift,swiftui",2,0,2,0,Swift,2025-08-02T03:35:45Z,2026-05-12T15:48:31Z,https://github.com/Clone19012011/SentimentAnalysis_CoreML_EmotionClassifier
MVVM,repo_search,MVVM,628839314,dekapd99/Niks,Niks,🛌 🧘🏼‍♀️ Niks is an app that we crafted to empower academy fellow learners to build a habit that will relax their minds and body to help them fall asleep faster 😴 💤,"apple,avfoundation,avkit,figma,ios,ios16,ipados,macos,mvvm,mvvm-architecture,mvvm-ios,mvvm-pattern,notification-ios,sleep,swift5,swiftui,usernotifications,xcode14,yoga",2,4,2,1,Swift,2023-04-17T04:59:19Z,2024-12-09T20:51:07Z,https://github.com/dekapd99/Niks
MVVM,repo_search,MVVM,624989956,Colstin/Learning-App,Learning-App,User-interface uses courses and tests that keep track of a users score in order to help develop knowledge in Swift and SwiftUI.,"css,html,json,markdown,mvvm,object-oriented-programming,swift,swiftui",2,0,2,0,Swift,2023-04-07T19:17:52Z,2023-07-08T19:01:43Z,https://github.com/Colstin/Learning-App
MVVM,repo_search,MVVM,452761720,Esquilli/AnimeSearch,AnimeSearch,A simple app that shows how to use Anilist GraphQL based API with Apollo,"apollo-ios,combine,graphql,ios,mvvm,swift,swiftui",2,0,2,0,Swift,2022-01-27T16:38:45Z,2023-07-31T10:20:49Z,https://github.com/Esquilli/AnimeSearch
MVVM,repo_search,MVVM,850113270,burak-albayrak/UnitConverter,UnitConverter,"UnitConverter is a SwiftUI-based application designed for converting various units across multiple categories such as length, temperature, time, and more. Built using the MVVM architecture, it supports both SI and custom units, features conversion history, and offers localization for English and Turkish.","mvvm-architecture,swift,swiftdata,swiftui",2,0,2,0,Swift,2024-08-30T22:59:24Z,2025-05-18T23:34:19Z,https://github.com/burak-albayrak/UnitConverter
MVVM,repo_search,MVVM,1048705953,prozainajmal/Music-App,Music-App,"Premium SwiftUI music player with glassmorphism design, custom audio engine, and 4 beautiful screens. Features smooth animations, background playback, Control Center integration, and dark theme. Built with MVVM architecture and includes 3 demo songs. Professional iOS app showcasing modern SwiftUI techniques.",,2,0,2,0,Swift,2025-09-01T22:31:46Z,2026-02-04T23:00:22Z,https://github.com/prozainajmal/Music-App
MVVM,repo_search,MVVM,323102416,atnon1/CS193P-2020-EmojiArt,CS193P-2020-EmojiArt,Image Editor. CS193P-2020 course,"drag-and-drop,gestures-recognition,image-loading,multithreading,mvvm,storage,swiftui",2,1,2,0,Swift,2020-12-20T15:24:17Z,2024-04-23T09:38:43Z,https://github.com/atnon1/CS193P-2020-EmojiArt
MVVM,repo_search,MVVM,926759001,answersolutionsapps/runandread-ios,runandread-ios,"Ultimate Text-to-Speech and Audiobook Player for iOS, macOS","audio-player,combine,mvvm,opensource,swift,swiftui,tts",2,1,2,1,Swift,2025-02-03T20:09:03Z,2026-03-07T22:05:21Z,https://github.com/answersolutionsapps/runandread-ios
MVVM,repo_search,MVVM,556197423,shrey-soni/FossTube,FossTube,"An open source iOS application as a YouTube mobile frontend client supported by Piped api. Made with SwiftUI in MVVM architecture and features include region change, favourites feed, supports image lazy loading and without trackers.","ios,ios-app,piped,swiftui,youtube",2,1,2,0,Swift,2022-10-23T09:38:53Z,2026-01-05T00:37:09Z,https://github.com/shrey-soni/FossTube
MVVM,repo_search,MVVM,282681853,0xLopez/MeepMap,MeepMap,A simple iOS application that uses the Meep API to display some resources on GoogleMaps for different cities.,"combine,google-maps-api,mvvm,restful-api,swift,swiftui,urlsession",2,1,2,0,Swift,2020-07-26T15:48:42Z,2023-04-16T18:34:49Z,https://github.com/0xLopez/MeepMap
MVVM,repo_search,MVVM,281443843,wanharaderta/Game-Catalogue-v2,Game-Catalogue-v2,Game Catalogue V2,"coredata,lazyvgrid,mvvm,reactive-programming,swift,swiftui,swiftui-example",2,1,2,1,Swift,2020-07-21T16:04:54Z,2025-08-04T10:18:08Z,https://github.com/wanharaderta/Game-Catalogue-v2
MVVM,repo_search,MVVM,526850788,BernStrom/AppleFrameworks,AppleFrameworks,An informational app to discover Apple's range of SDKs and to inspire developers with new ideas for their next app project. ,"apple-framework,ios,iphone,mvvm,swift,swiftui,xcode",2,0,2,1,Swift,2022-08-20T06:56:25Z,2024-05-01T06:35:50Z,https://github.com/BernStrom/AppleFrameworks
MVVM,repo_search,MVVM,937045388,malkovks/BookSpace,BookSpace,"📚🔎🤓 App example on SwiftUI ,using MVVM, Swift data , combine and Swift concurrency , sidebar menu, custom Graph, convert  pdf, docx,txt, epub into default text.",,2,0,2,0,Swift,2025-02-22T07:42:37Z,2025-10-31T02:15:13Z,https://github.com/malkovks/BookSpace
MVVM,repo_search,MVVM,807451632,dhavalbarot/CartAndMart,CartAndMart,This is dummy project to show case knowledge of clean architecture with reference to SwiftUI. This project follows the clean architecture with MVVM and includes unit testing.,,2,0,2,0,Swift,2024-05-29T06:10:52Z,2024-06-18T05:29:05Z,https://github.com/dhavalbarot/CartAndMart
MVVM,repo_search,MVVM;Model View ViewModel,1019109137,joshgallantt/SwiftSmartViewModels,SwiftSmartViewModels,Protocols for ViewModels that support State containers and Event Emission.,"combine,mvvm,observable,swift,swift6,swiftui,viewmodel",2,0,2,0,Swift,2025-07-13T18:53:27Z,2025-07-28T18:19:36Z,https://github.com/joshgallantt/SwiftSmartViewModels
MVVM,repo_search,MVVM,735490270,TeamDMU/DMU-iOS,DMU-iOS,💨 우리 학교 정보를 편리하고 빠르게!,"fcm,moya,mvvm,swift,swift-package-manager,swiftui,xcode",2,0,2,3,Swift,2023-12-25T05:52:42Z,2025-03-06T10:32:10Z,https://github.com/TeamDMU/DMU-iOS
MVVM,repo_search,MVVM,946334735,Stockholm19/CoinRadar,CoinRadar,"CoinRadar. An iOS app for tracking cryptocurrencies: real-time prices, 7-day charts, market analytics, and portfolio management. Developed with SwiftUI and MVVM for clarity and speed.",,2,0,2,0,Swift,2025-03-11T01:24:08Z,2025-12-04T20:46:02Z,https://github.com/Stockholm19/CoinRadar
MVVM,repo_search,MVVM,993926715,jus3472/AR-Face-Filter-App,AR-Face-Filter-App,"A SwiftUI-based iOS app using MVVM and ARKit’s face tracking to apply 3D filters in real time. Integrated a SwiftUI-driven photo library with persistent storage, Combine-based state management. Developed a mouth-detection mini-game leveraging ARFaceAnchor blend shapes.",,2,0,2,0,Swift,2025-05-31T20:26:56Z,2025-10-24T07:08:10Z,https://github.com/jus3472/AR-Face-Filter-App
MVVM,repo_search,MVVM,1204570730,molmezses/otorentacar-ios,otorentacar-ios,"A production-ready car rental iOS app built with SwiftUI and MVVM, featuring live REST API integration, dynamic vehicle listing, extras management, reservation flow, and booking query system.",,2,0,2,0,Swift,2026-04-08T06:05:48Z,2026-05-11T19:56:31Z,https://github.com/molmezses/otorentacar-ios
MVVM,repo_search,MVVM,805194186,paulolazarini/Popcorn-Share,Popcorn-Share,"Popcorn Share is an iOS app built with SwiftUI and UIKit, following the MVVM-C architecture. It allows users to discover, share, and review movies while managing favorites and creating collaborative playlists. Firebase handles user authentication and backend operations.","ios,swift,swift-package-manager,swiftui,uikit",2,0,2,0,Swift,2024-05-24T04:32:49Z,2025-04-16T03:15:22Z,https://github.com/paulolazarini/Popcorn-Share
MVVM,repo_search,MVVM,831706784,InderJagdeo/QuotesAppSwiftUI,QuotesAppSwiftUI,"Explore a world of inspiration with our quotes app, developed in Swift using SwiftUI, Combine, and MVVM architecture. This open-source project is designed to showcase modern iOS development techniques and is available on GitHub.","combine-framework,ios-application,mvvm-architecture,swift,swiftui,swiftui-example",2,0,2,0,Swift,2024-07-21T11:44:07Z,2025-08-28T14:39:40Z,https://github.com/InderJagdeo/QuotesAppSwiftUI
MVVM,repo_search,MVVM,987695218,deepanshubajaj/MemoRise-iOSApp,MemoRise-iOSApp,"MemoRise is an iOS Reminder App Clone, created to learn about persistence storage using CoreData and SwiftUI.","coredata,coredata-model,coredata-swift,coredata-swiftui,ios-app,ios-app-development,learning-by-doing,learning-coredata,learning-swiftui,local-notifications,mobile-application-development,mvvm,persistent-storage,swift5,swiftui,swiftui-learning",2,0,2,0,Swift,2025-05-21T12:58:25Z,2026-01-06T16:50:12Z,https://github.com/deepanshubajaj/MemoRise-iOSApp
MVVM,repo_search,MVVM,524309210,Spaghetti-coding-club/JangGaeJaRang,JangGaeJaRang,강아지 중심 커뮤니티 서비스 '장개자랑'을 통해 자신의 애완견을 자랑해보세요!,"clean-architecture,combine,firebase,mvvm,spm,swift,swiftui,tuist",2,0,2,3,Swift,2022-08-13T05:22:06Z,2022-09-21T00:58:31Z,https://github.com/Spaghetti-coding-club/JangGaeJaRang
MVVM,repo_search,MVVM,692837526,dattali18/student_helper_ios_app,student_helper_ios_app,"This project is a UX prototype for a course management application. The prototype is designed to be easy to use and navigate, and it provides a variety of features for managing courses and semesters.","ios,ios-development,mvc,mvvm,swift,swiftui,uikit,ux-design",2,0,2,0,Swift,2023-09-17T18:24:48Z,2025-11-02T17:03:00Z,https://github.com/dattali18/student_helper_ios_app
MVVM,repo_search,MVVM,776974364,Team-MindWay/MindWay-v2-iOS,MindWay-v2-iOS,[Mindway-v2ㅣiOS] 도서관을 편리하게 '도서관 통합 서비스',"apple,ios,moya,mvvm,swift,swiftui,tuist,xcode",2,0,2,3,Swift,2024-03-24T23:50:39Z,2025-04-14T12:00:57Z,https://github.com/Team-MindWay/MindWay-v2-iOS
MVVM,repo_search,MVVM;Model View ViewModel;Model-View-ViewModel,883403052,emirokay/SnakeGameApp,SnakeGameApp,"The Snake Game App is a SwiftUI implementation of the classic Snake game, featuring a clean interface that supports both light and dark modes. Built using the Model-View-ViewModel (MVVM) architecture.",,2,0,2,0,Swift,2024-11-04T22:46:36Z,2025-02-11T03:41:14Z,https://github.com/emirokay/SnakeGameApp
MVVM,repo_search,MVVM,1093698454,Okariuss/AIWorkflow,AIWorkflow,"Fully on-device iOS app for creating and running multi-step AI workflows with SwiftUI, Live Activities, and Home Screen Widgets. Privacy-first, real-time, and portfolio-ready.","ai,foundation-models,ios,live-activities,mvvm,siri,solid-principles,swift,swiftui,widget,workflow",2,0,2,0,Swift,2025-11-10T18:07:26Z,2026-01-07T10:02:22Z,https://github.com/Okariuss/AIWorkflow
MVVM,repo_search,MVVM,416440857,gojoel/fitStyle-iOS,fitStyle-iOS,Fitstyle is an app that allows users to merge photos and art to create styled images. ,"aws-amplify,firebase,ios,mvvm,mvvm-architecture,neural-style-transfer,segmentation,swift,swiftui",2,0,2,0,Swift,2021-10-12T17:50:00Z,2025-06-17T06:13:18Z,https://github.com/gojoel/fitStyle-iOS
MVVM,repo_search,MVVM,744013895,eunjooChoi/Planting-Mind,Planting-Mind,그날의 마음을 잔디심듯 기록하기,"combine,coredata-swiftui,github-actions,localization,mvvm,swiftui,uitest,unit-test,xctest",2,0,2,1,Swift,2024-01-16T13:13:30Z,2024-04-29T10:58:14Z,https://github.com/eunjooChoi/Planting-Mind
MVVM,repo_search,MVVM,864117185,neyogiry/iOS-Pokedex,iOS-Pokedex,A simple pokedex app on iOS,"clean-architecture,ios,ios-app,mvc,mvvm,swift,swiftui,uikit,xcode",2,0,2,0,Swift,2024-09-27T14:21:29Z,2025-12-05T14:32:00Z,https://github.com/neyogiry/iOS-Pokedex
MVVM,repo_search,MVVM,352430565,nanyx95/Typing-Test_iOS,Typing-Test_iOS,A modern iOS app to test your typing speed,"ios,iphone,mvvm,swift,swiftui,typing,typing-game,typing-speed-test,typing-test",2,1,2,0,Swift,2021-03-28T20:23:34Z,2025-10-27T16:45:31Z,https://github.com/nanyx95/Typing-Test_iOS
MVVM,repo_search,MVVM,798534991,FX-BAOBAB/Baobab-iOS,Baobab-iOS,🌳 증강현실을 활용한 물품 보관 & 중고거래 플랫폼,"alamofire,clean-architecture,combine,ios,mvvm,oauth,rest-api,swift,swiftui",2,0,2,12,Swift,2024-05-10T01:15:06Z,2025-05-20T18:46:51Z,https://github.com/FX-BAOBAB/Baobab-iOS
MVVM,repo_search,MVVM,426883262,EvolverSwiftUI/TodoList,TodoList,In this mini app covered the concepts like basics of SwiftUI and Navigations and Animations and List with CRUD functions and MVVM and App Launch and App icons adding and also applied persistence using UserDefaults Concept.,,2,1,2,1,Swift,2021-11-11T05:35:09Z,2026-01-31T14:26:07Z,https://github.com/EvolverSwiftUI/TodoList
MVVM,repo_search,MVVM,1092279263,fekikarim/TacheLik_iosApp,TacheLik_iosApp,"TacheLik iOS: SwiftUI (MVVM + DI) learning app for Students/Teachers/Admins with secure auth flows, course browsing and quizzes, chat and real-time session handling, consistent theming/navigation across iOS versions, and a clean, production-ready architecture.","async-await,authentication,dependency-injection,ios,mvvm,socket-io,swift,swiftui,urlsession,xcode",2,1,2,0,Swift,2025-11-08T10:40:53Z,2026-01-20T18:02:35Z,https://github.com/fekikarim/TacheLik_iosApp
MVVM,repo_search,MVVM,1020157666,codeanurag/iBreathe,iBreathe,"iBreathe is a mindful breathing app built with SwiftUI for Apple Watch and iPhone. It guides users through calming breathing exercises using haptics and animation, and syncs session logs from Watch to iPhone using WatchConnectivity.","breathing-app,healthkit,mindfulness,mvvm,mvvm-architecture,swift,swiftui,watchconnectivity,watchos,watchos-app,xcode",2,0,2,0,Swift,2025-07-15T12:31:50Z,2025-09-26T09:54:11Z,https://github.com/codeanurag/iBreathe
MVVM,repo_search,MVVM,430491058,c-villain/Marvel,Marvel,Pet project for marvel app ,"async-await,coordinator,marvel,marvel-api,marvel-comics,marvelapp,mvvm,obfuscator,swagger,swiftui",2,0,2,0,Swift,2021-11-21T22:03:37Z,2025-01-06T13:10:33Z,https://github.com/c-villain/Marvel
MVVM,repo_search,MVVM,1054014952,ManishAhire/LaptopWala,LaptopWala,"Laptopवाला is an iOS e-commerce application built with Swift + SwiftUI + MVVM. It allows users to browse, select, and purchase laptops seamlessly. The backend is powered by Firebase (Firestore, Storage, Auth, Cloud Functions) with Stripe for secure payments.",,2,0,2,0,Swift,2025-09-10T08:45:28Z,2026-04-27T04:56:47Z,https://github.com/ManishAhire/LaptopWala
MVVM,repo_search,MVVM,1048589784,GuilhermeSol/PokePokemonApp,PokePokemonApp,"Built with test-driven development at its core, this iOS app showcases MVVM architecture using SwiftUI and native frameworks. It emphasizes unit testing and clean code practices. Visual design was intentionally minimal to highlight TDD workflows and architectural clarity.",,2,0,2,0,Swift,2025-09-01T17:30:23Z,2025-10-23T01:45:04Z,https://github.com/GuilhermeSol/PokePokemonApp
MVVM,repo_search,MVVM,929816854,wengchonglao0124/visionOS-Object-Extractor,visionOS-Object-Extractor,"Object Extractor Prototype, built for visionOS and Apple Vision Pro, captures 3D mesh data of real-world objects and transforms them into editable models. Using Swift, SwiftUI, and MVVM, it enables immersive interactions and seamless spatial computing in mixed-reality environments.",,2,0,2,0,Swift,2025-02-09T13:29:55Z,2025-05-31T09:27:10Z,https://github.com/wengchonglao0124/visionOS-Object-Extractor
MVVM,repo_search,MVVM,632310580,Vojtech-iOSdev/FreeFlashCards-version.02,FreeFlashCards-version.02,"My 3rd and current personal project i am working on right now. Complex language learning app like Duolingo. Focus on learning and practicing vocabulary. Using Technologies like Firebase, Realm and implementing MVVM, TTD and overall clean code and architecture :)","async-await,dependency-injection,fireabse,firebase-auth,firebase-firestore,mvvm-architecture,realmswift,swiftui,tdd,ui-testing,unit-testing",2,0,2,0,Swift,2023-04-25T06:35:40Z,2025-02-15T08:50:28Z,https://github.com/Vojtech-iOSdev/FreeFlashCards-version.02
MVVM,repo_search,MVVM,1082108234,marcelmendesfilho/AppStoreMetadataEditor,AppStoreMetadataEditor,"A native macOS app for managing App Store Connect metadata with AI-powered translation. Built with SwiftUI and MVVM architecture, it streamlines editing app   localizations across iOS, macOS, and visionOS. Features include batch updates, LLM translation, favorites, search, and secure Keychain storage.",,2,0,2,0,Swift,2025-10-23T18:41:45Z,2026-03-30T20:44:38Z,https://github.com/marcelmendesfilho/AppStoreMetadataEditor
MVVM,repo_search,MVVM,867872066,KDTechniques/FetchBook,FetchBook,"FetchBook is a simple recipe browsing app that fetches and displays recipes using a provided API. Built using Swift and SwiftUI, this app showcases MVVM architecture, efficient networking, and image caching to enhance user experience. Users can view recipes with details like name, photo, and cuisine type.",,2,0,2,0,Swift,2024-10-04T22:34:27Z,2025-08-10T16:53:32Z,https://github.com/KDTechniques/FetchBook
MVVM,repo_search,MVVM,441292144,leo-lem/Anagrams,Anagrams,A little game in which you have to think of words contained in other words.,"anagram,cloudkit,ios,ios-game,leaderboard,local-leaderboard,mvvm,offline-first,puzzle,swift,swiftdata,swiftui,word-game",2,0,2,0,Swift,2021-12-23T20:46:52Z,2025-10-04T11:35:34Z,https://github.com/leo-lem/Anagrams
MVVM,repo_search,MVVM,502750372,Abhiek187/ez-recipes-ios,ez-recipes-ios,Easy recipes finder iOS app,"alamofire,fastlane,firebase,ios,keychain,mvvm,oauth,passkeys,recipes,spoonacular-api,swiftdata,swiftui,userdefaults",2,0,2,0,Swift,2022-06-12T23:26:26Z,2026-05-02T14:00:37Z,https://github.com/Abhiek187/ez-recipes-ios
MVVM,repo_search,MVVM,1111807877,X-XENDROME-X/RecipeScout,RecipeScout,"RecipeScout is an AI-powered iOS recipe discovery app featuring Sage, an intelligent cooking companion powered by Anthropic's Claude Sonnet 4.5, built with SwiftUI and Swift 5. Experience context-aware conversations, time-based meal recommendations, smart meal planning, and auto-generated shopping lists. Showcases SwiftData, MapKit & MVVM design. ","ai-assistant,claude,combine-framework,conversational-ai,cooking-app,cooking-assistant,ios-app,ios17,meal-planner,mobile-app,mobile-development,mvvm-architecture,recipe-app,shopping-list,swift,swift5,swiftdata,swiftui,xcode",2,0,2,0,Swift,2025-12-07T17:10:28Z,2026-05-12T02:39:17Z,https://github.com/X-XENDROME-X/RecipeScout
MVVM,repo_search,MVVM,508883629,juliosfigueiredo/Remedios,Remedios,"No aplicativo Remédios o usuario efetua o cadastro das suas medicações bem como a frequência de uso e até quando vai fazer uso deles, conforme a frequência cadastrada o usuario recebe notificações locais para fazer uso do remédio cadastrado. O aplicativo foi desenvolvido inteiramente em SwiftUI, com Coredata e Combine e o padrão de projeto é MVVM",,2,0,2,0,Swift,2022-06-30T00:26:04Z,2023-06-17T17:25:41Z,https://github.com/juliosfigueiredo/Remedios
MVVM,repo_search,MVVM,692132559,Ka4aH4uk/expense-tracker-app,expense-tracker-app,Expense Tracker - your reliable app for tracking expenses and income that will help you monitor your finances and effectively manage your budget.,"appstorage,charts,custom-views,dark-mode,expense-tracker,expense-tracker-app,interactive-charts,ios,ios-app,localization,lottie,mvvm,onboarding,swift,swiftui,ui-animation",2,0,2,0,Swift,2023-09-15T16:22:39Z,2024-07-18T02:40:35Z,https://github.com/Ka4aH4uk/expense-tracker-app
MVVM,repo_search,MVVM,1152665333,3takita/MealEngine,MealEngine,iOS app with optimized meal recommendations to help users meet dietary goals before eating,"calorie-tracker,food-api,fooddata-central,health-app,ios,knapsack,meal-planner,mobile-app,mvvm,nutrition,nutrition-api,openfoodfacts,optimization,swift,swiftui,usda,usda-api,wellness",2,0,2,0,Swift,2026-02-08T08:20:51Z,2026-05-09T12:19:19Z,https://github.com/3takita/MealEngine
MVVM,repo_search,MVVM,494164275,devpass-tech/challenge-mvvm-chucknorris,challenge-mvvm-chucknorris,Base project for Devpass' Dev Sprints,"hacktoberfest,ios,mvvm,swiftui",1,4,1,0,Swift,2022-05-19T17:17:09Z,2022-10-10T14:02:48Z,https://github.com/devpass-tech/challenge-mvvm-chucknorris
MVVM,repo_search,MVVM,498156003,wellszhao/Marvel-Client,Marvel-Client,"iOS 15, MVVM, Async Await, Core Data, Abstract Network Layer, Snapshot Testing, Repository & DAO design patterns, SwiftUI and Combine",,1,6,1,0,,2022-05-31T02:09:58Z,2026-03-30T11:49:30Z,https://github.com/wellszhao/Marvel-Client
MVVM,repo_search,MVVM,701374280,techHunting-Pegasus/swiftuiMvvm,swiftuiMvvm,,,1,0,1,0,Swift,2023-10-06T14:01:20Z,2024-04-08T14:56:40Z,https://github.com/techHunting-Pegasus/swiftuiMvvm
MVVM,repo_search,MVVM,524732330,AbduqaxxorSaidjonov/SwiftuiMVVM,SwiftuiMVVM,,,1,0,1,0,Swift,2022-08-14T17:08:57Z,2022-09-01T18:41:17Z,https://github.com/AbduqaxxorSaidjonov/SwiftuiMVVM
MVVM,repo_search,MVVM,639268939,teendream/SwiftuiMVVM,SwiftuiMVVM,MVVM architecture with setting management system. ,,1,0,1,0,Swift,2023-05-11T05:57:00Z,2023-05-11T06:32:02Z,https://github.com/teendream/SwiftuiMVVM
MVVM,repo_search,MVVM,353651169,DONXUX/donxux-todo,donxux-todo,SwiftUI MVVM,,1,0,1,0,Swift,2021-04-01T09:49:04Z,2021-09-14T12:46:29Z,https://github.com/DONXUX/donxux-todo
MVVM,repo_search,MVVM,303239400,rphlfc/MVVMSwiftUI,MVVMSwiftUI,Exemplo do padrão MVVM com SwiftUI,,1,0,1,0,Swift,2020-10-12T00:34:16Z,2022-06-26T15:56:17Z,https://github.com/rphlfc/MVVMSwiftUI
MVVM,repo_search,MVVM,588968815,i1d9/mvvm-swiftui,mvvm-swiftui,A project demonstrating how to use the Model View View-Model software architecture using SwiftUI,,1,0,1,0,Swift,2023-01-14T16:33:51Z,2023-01-14T20:23:24Z,https://github.com/i1d9/mvvm-swiftui
MVVM,repo_search,MVVM,764733786,danu6677/swiftui_mvvm,swiftui_mvvm,This is a project that outlines how to use MVVM using swift UI,,1,0,1,0,Swift,2024-02-28T16:05:23Z,2024-12-31T17:09:38Z,https://github.com/danu6677/swiftui_mvvm
MVVM,repo_search,MVVM,545035415,Abdeltwab/swiftui-mvvm,swiftui-mvvm,swiftui + mvvm + DI + IoC swiftinject ,,1,0,1,0,Swift,2022-10-03T17:09:22Z,2025-05-27T16:41:52Z,https://github.com/Abdeltwab/swiftui-mvvm
MVVM,repo_search,MVVM,907367117,allmycalifornia/MusicPlayerApp,MusicPlayerApp,SwiftUI + MVVM + Realm,,1,0,1,0,Swift,2024-12-23T12:25:29Z,2025-09-25T16:42:19Z,https://github.com/allmycalifornia/MusicPlayerApp
MVVM,repo_search,MVVM,1058861007,Sagar5426/Crypto-Tracker,Crypto-Tracker,SwiftUI | Combine | MVVM,,1,0,1,0,Swift,2025-09-17T16:41:53Z,2025-11-03T10:26:16Z,https://github.com/Sagar5426/Crypto-Tracker
MVVM,repo_search,MVVM,929602916,Berkay-Aykose/Task-Management-MVVM-ToDoApp,Task-Management-MVVM-ToDoApp,"MVVM, SwiftUI, Firebase",,1,1,1,0,Swift,2025-02-08T23:30:37Z,2025-03-31T14:47:25Z,https://github.com/Berkay-Aykose/Task-Management-MVVM-ToDoApp
MVVM,repo_search,MVVM,456313143,faithinker/SwiftUI-MVVM,SwiftUI-MVVM,"SwiftUI, Networking, MVVM",,1,0,1,0,Swift,2022-02-07T00:48:08Z,2022-09-21T12:34:44Z,https://github.com/faithinker/SwiftUI-MVVM
MVVM,repo_search,MVVM,478879991,aresxin/swiftui-mvvm-combine,swiftui-mvvm-combine,swiftui mvvm combine,,1,0,1,0,Swift,2022-04-07T07:47:22Z,2023-05-31T08:03:14Z,https://github.com/aresxin/swiftui-mvvm-combine
MVVM,repo_search,MVVM,276036133,delmarz/HeadlineNewsApp,HeadlineNewsApp,MVVM + SwiftUI + Combine,,1,0,1,0,Swift,2020-06-30T08:03:21Z,2020-09-16T09:22:49Z,https://github.com/delmarz/HeadlineNewsApp
MVVM,repo_search,MVVM,437020455,JoseMMA88/StocksApp,StocksApp,MVVM + SwiftUI example ,,1,0,1,0,Swift,2021-12-10T15:11:22Z,2021-12-22T14:20:00Z,https://github.com/JoseMMA88/StocksApp
MVVM,repo_search,MVVM,1171786903,Nautilus001/SwiftPractice_Calculator,SwiftPractice_Calculator,"Practicing MVVM, SwiftUI",,1,0,1,0,Swift,2026-03-03T15:56:33Z,2026-03-03T17:21:30Z,https://github.com/Nautilus001/SwiftPractice_Calculator
MVVM,repo_search,MVVM,705406102,fifyrio/WWeather,WWeather,SwiftUI+MVVM+Async,,1,0,1,0,Swift,2023-10-15T23:28:10Z,2024-03-04T06:01:34Z,https://github.com/fifyrio/WWeather
MVVM,repo_search,MVVM,492776393,code09128/SwiftUIMVVM,SwiftUIMVVM,SwiftUI MVVM Demo Search,,1,0,1,0,Swift,2022-05-16T09:55:24Z,2023-03-01T06:18:03Z,https://github.com/code09128/SwiftUIMVVM
MVVM,repo_search,MVVM,524399101,safarsafarov/SwiftUICrypto,SwiftUICrypto,Crypyto App MVVM SwiftUI,,1,1,1,0,Swift,2022-08-13T12:54:15Z,2023-01-08T12:00:16Z,https://github.com/safarsafarov/SwiftUICrypto
MVVM,repo_search,MVVM,908685467,0gonge/MVVMPractice,MVVMPractice,SwiftUI+MVVM+CleanArchitecture practice,,1,0,1,0,Swift,2024-12-26T17:31:55Z,2025-01-18T07:58:29Z,https://github.com/0gonge/MVVMPractice
MVVM,repo_search,MVVM,741504223,antila3567/Tail-App-SwiftUI,Tail-App-SwiftUI,CoreData + MVVM + Injections,,1,0,1,1,Swift,2024-01-10T14:32:48Z,2024-01-11T20:09:57Z,https://github.com/antila3567/Tail-App-SwiftUI
MVVM,repo_search,MVVM,727239705,Paste1989/RouterPatternNavigation_App_SwiftUI,RouterPatternNavigation_App_SwiftUI,MVVM-Router,,1,0,1,0,Swift,2023-12-04T13:21:11Z,2024-08-29T21:01:39Z,https://github.com/Paste1989/RouterPatternNavigation_App_SwiftUI
MVVM,repo_search,MVVM,321518615,swift-templates/SwiftUI-MVVM,SwiftUI-MVVM,SwiftUI MVVM template project,,1,0,1,0,Swift,2020-12-15T01:26:20Z,2024-05-14T00:00:24Z,https://github.com/swift-templates/SwiftUI-MVVM
MVVM,repo_search,MVVM,277333926,adi145/SwiftUI-MVVM,SwiftUI-MVVM,,,1,0,1,0,Swift,2020-07-05T15:49:54Z,2020-08-05T14:21:37Z,https://github.com/adi145/SwiftUI-MVVM
MVVM,repo_search,MVVM,527291753,safarsafarov/Movies-SwiftUI,Movies-SwiftUI,Popular Movies MVVM SwiftUI,,1,0,1,0,Swift,2022-08-21T18:23:00Z,2022-08-22T18:48:03Z,https://github.com/safarsafarov/Movies-SwiftUI
MVVM,repo_search,MVVM,496124277,BurakDinc1/SwiftUI-Tutorial,SwiftUI-Tutorial,SwiftUI + Alamofire + Combine + MVVM,,1,0,1,0,Swift,2022-05-25T07:20:02Z,2022-06-01T14:50:17Z,https://github.com/BurakDinc1/SwiftUI-Tutorial
MVVM,repo_search,MVVM,878063360,kumareshsaran/MVVM-SwiftUI,MVVM-SwiftUI,,,1,1,1,0,Swift,2024-10-24T18:01:43Z,2025-09-12T10:29:34Z,https://github.com/kumareshsaran/MVVM-SwiftUI
MVVM,repo_search,MVVM,228718255,lionhylra/SwiftUI-MVVM,SwiftUI-MVVM,This is a practice project that experiments of SwiftUI and Combine to implement a MVVM architecture.,,1,0,1,0,Swift,2019-12-17T23:19:18Z,2023-06-07T14:25:39Z,https://github.com/lionhylra/SwiftUI-MVVM
MVVM,repo_search,MVVM,770904419,deviatorrocks/MVVM-SwiftUI,MVVM-SwiftUI,,,1,0,1,0,Swift,2024-03-12T11:16:11Z,2024-03-13T01:33:22Z,https://github.com/deviatorrocks/MVVM-SwiftUI
MVVM,repo_search,MVVM,597170192,RenatoCardosoDias/SwiftUI_MVVM,SwiftUI_MVVM,Projeto de estudo ,,1,0,1,0,Swift,2023-02-03T19:30:39Z,2023-08-13T14:13:15Z,https://github.com/RenatoCardosoDias/SwiftUI_MVVM
MVVM,repo_search,MVVM,294100356,Rakshith-Nandish/SwiftUI_Mvvm,SwiftUI_Mvvm,,,1,1,1,0,Swift,2020-09-09T12:02:59Z,2021-03-13T16:03:11Z,https://github.com/Rakshith-Nandish/SwiftUI_Mvvm
MVVM,repo_search,MVVM,282860014,hesham92/MVVM-SWIFTUI-COMBINE,MVVM-SWIFTUI-COMBINE,,,1,0,1,0,Swift,2020-07-27T10:07:25Z,2020-09-06T08:14:52Z,https://github.com/hesham92/MVVM-SWIFTUI-COMBINE
MVVM,repo_search,MVVM,269119923,zxcv7143/MVVM-SwiftUI,MVVM-SwiftUI,Typical SwiftUI project with MVVM pattern,,1,0,1,0,Swift,2020-06-03T15:07:54Z,2020-06-30T08:42:12Z,https://github.com/zxcv7143/MVVM-SwiftUI
MVVM,repo_search,MVVM,1193230791,codewithsanthoshofficial/SwiftUI_MVVM,SwiftUI_MVVM,,,0,0,0,0,Swift,2026-03-27T02:18:02Z,2026-04-08T07:00:18Z,https://github.com/codewithsanthoshofficial/SwiftUI_MVVM
MVVM,repo_search,MVVM,595585859,Shraddha028/SwiftUI-MVVM,SwiftUI-MVVM,,,1,1,1,0,Swift,2023-01-31T11:48:28Z,2023-01-31T11:49:34Z,https://github.com/Shraddha028/SwiftUI-MVVM
MVVM,repo_search,MVVM,456419626,tiagomartinho/Booking-MVVM,Booking-MVVM,Simple SwiftUI MVVM Example,,1,0,1,0,Swift,2022-02-07T08:32:39Z,2024-05-29T11:23:06Z,https://github.com/tiagomartinho/Booking-MVVM
MVVM,repo_search,MVVM,767814732,Hasan-Parves/MVVM_SwiftUI,MVVM_SwiftUI,A Demo MVVM Code base to start an iOS project.,,1,0,1,0,Swift,2024-03-06T00:06:21Z,2024-03-17T09:27:15Z,https://github.com/Hasan-Parves/MVVM_SwiftUI
MVVM,repo_search,MVVM,713255240,havilog/SwiftUI_MVVM,SwiftUI_MVVM,,,1,0,1,0,Swift,2023-11-02T06:33:33Z,2024-01-14T12:52:51Z,https://github.com/havilog/SwiftUI_MVVM
MVVM,repo_search,MVVM,473620957,Shivi2807/SwiftUI-MVVM,SwiftUI-MVVM,This project illustrates the use of MVVM architectural design pattern along with SwiftUI. This app displays the list of Appetizers in a tableview by making an API call.,,1,0,1,0,Swift,2022-03-24T13:36:10Z,2022-04-13T11:59:58Z,https://github.com/Shivi2807/SwiftUI-MVVM
MVVM,repo_search,MVVM,412102277,grinder81/swiftui-mvvm-example,swiftui-mvvm-example,Example project to explain SwiftUI and MVVM with single source of truth,,1,0,1,0,Swift,2021-09-30T14:40:52Z,2022-01-12T17:05:25Z,https://github.com/grinder81/swiftui-mvvm-example
MVVM,repo_search,MVVM,526081403,AbduqaxxorSaidjonov/SwiftUIContactMVVM,SwiftUIContactMVVM,,,1,0,1,0,Swift,2022-08-18T06:16:57Z,2022-09-01T18:41:15Z,https://github.com/AbduqaxxorSaidjonov/SwiftUIContactMVVM
MVVM,repo_search,MVVM,626895164,bogdan-razvan/swiftui-mvvm-demo,swiftui-mvvm-demo,Demo project for showcasing SwiftUI with MVVM architecture,"mvvm,swiftui",1,0,1,0,Swift,2023-04-12T11:26:45Z,2024-10-31T04:18:15Z,https://github.com/bogdan-razvan/swiftui-mvvm-demo
MVVM,repo_search,MVVM,306925045,y-okudera/SwiftUICleanMVVM,SwiftUICleanMVVM,SwiftUI・Combine frameworkを使用したサンプルアプリ,,1,0,1,0,Swift,2020-10-24T16:29:36Z,2020-10-28T17:30:55Z,https://github.com/y-okudera/SwiftUICleanMVVM
MVVM,repo_search,MVVM,1130843385,zubair0831/swiftui-mapapp-mvvm,swiftui-mapapp-mvvm,SwiftUI Map app built using MVVM architecture,,1,0,1,0,Swift,2026-01-09T05:06:41Z,2026-01-09T05:34:35Z,https://github.com/zubair0831/swiftui-mapapp-mvvm
MVVM,repo_search,MVVM,457070449,dmagnovasconcelos/first_swiftui_mvvm,first_swiftui_mvvm,Introduction to SwiftUI + MVVM,,1,0,1,0,Swift,2022-02-08T19:15:37Z,2022-07-27T18:48:40Z,https://github.com/dmagnovasconcelos/first_swiftui_mvvm
MVVM,repo_search,MVVM,539582355,huntercodes/Space-Data,Space-Data,NASA APIs / SwiftUI / MVVM,"mvvm,mvvm-architecture,nasa-api,swift,swiftui",1,0,1,0,Swift,2022-09-21T16:25:32Z,2023-11-25T13:01:10Z,https://github.com/huntercodes/Space-Data
MVVM,repo_search,MVVM,325545876,dinkar1708/iOS-SwiftUI-Clean-Architecture-MVVM,iOS-SwiftUI-Clean-Architecture-MVVM,SwiftUI iOS mvvm design,,1,0,1,0,Swift,2020-12-30T12:31:28Z,2024-03-09T16:32:40Z,https://github.com/dinkar1708/iOS-SwiftUI-Clean-Architecture-MVVM
MVVM,repo_search,MVVM,504597518,LDDmarc/ToDoList,ToDoList,"Exploring SwiftUI, MVVM, Combine",,1,0,1,0,Swift,2022-06-17T16:09:46Z,2024-02-11T17:22:58Z,https://github.com/LDDmarc/ToDoList
MVVM,repo_search,MVVM,272918540,scurlyhair/MusicPlayer,MusicPlayer,Project with SwiftUI & mvvm,swiftui,1,0,1,0,Swift,2020-06-17T08:23:36Z,2020-11-15T21:03:10Z,https://github.com/scurlyhair/MusicPlayer
MVVM,repo_search,MVVM,311092801,IosTanirbergen/ToDoListModel,ToDoListModel,"SwiftUI,MVVM,Published,Model",,1,0,1,0,Swift,2020-11-08T15:27:21Z,2020-11-18T05:39:27Z,https://github.com/IosTanirbergen/ToDoListModel
MVVM,repo_search,MVVM,610277379,AbhishekSatpathy4848/Memorize-Game,Memorize-Game,Learning SwiftUI and MVVM,,1,0,1,0,Swift,2023-03-06T13:03:29Z,2025-02-15T19:11:04Z,https://github.com/AbhishekSatpathy4848/Memorize-Game
MVVM,repo_search,MVVM,193136491,ReactComponentKit/ReactSwiftUI,ReactSwiftUI,ReactSwiftUI = SwiftUI + MVVM + Redux!!!,,1,0,1,0,Swift,2019-06-21T17:27:17Z,2019-08-04T09:21:53Z,https://github.com/ReactComponentKit/ReactSwiftUI
MVVM,repo_search,MVVM,819093964,lpzcahuillan/NotasMVVM,NotasMVVM,Note App with swiftUI & MVVM,,1,0,1,0,Swift,2024-06-23T18:58:39Z,2024-06-27T05:26:48Z,https://github.com/lpzcahuillan/NotasMVVM
MVVM,repo_search,MVVM,349508154,levidavis111/instaCloneSwiftUI,instaCloneSwiftUI,Practicing SwiftUI and MVVM,,1,0,1,0,Swift,2021-03-19T17:44:17Z,2023-11-26T06:06:30Z,https://github.com/levidavis111/instaCloneSwiftUI
MVVM,repo_search,MVVM,1200598129,sudebsm/MVVM-C,MVVM-C,MVVM-C SwiftUI iOS 17,,1,0,1,0,Swift,2026-04-03T15:50:23Z,2026-04-03T18:42:12Z,https://github.com/sudebsm/MVVM-C
MVVM,repo_search,MVVM,346525893,dionisoliveira/SwiftUIMovies,SwiftUIMovies,Movies project with swiftUI/MVVM/IoC,,1,0,1,0,Swift,2021-03-11T00:01:05Z,2021-03-24T17:01:34Z,https://github.com/dionisoliveira/SwiftUIMovies
MVVM,repo_search,MVVM,828887783,Snitrxm/MVVM-Pattern-SwiftUI,MVVM-Pattern-SwiftUI,,,1,0,1,0,Swift,2024-07-15T10:25:12Z,2024-07-15T10:25:27Z,https://github.com/Snitrxm/MVVM-Pattern-SwiftUI
MVVM,repo_search,MVVM,1061715583,sourov2008/SwiftUI-MVVM-Clean,SwiftUI-MVVM-Clean,"Example iOS app built with SwiftUI and Clean Architecture (MVVM). Focused on separation of concerns, dependency injection, and scalability, testability for real world production projects.","clean-architecture,modularization,mvvm-architecture,oop-principles,scalability,solid-principles,swift,swiftui,testability",1,1,1,0,Swift,2025-09-22T09:36:22Z,2026-01-31T09:29:37Z,https://github.com/sourov2008/SwiftUI-MVVM-Clean
MVVM,repo_search,MVVM,337938842,edritech93/MVVM-ios-swiftUI,MVVM-ios-swiftUI,,,1,0,1,0,Swift,2021-02-11T05:31:02Z,2023-07-21T08:22:00Z,https://github.com/edritech93/MVVM-ios-swiftUI
MVVM,repo_search,MVVM,465636139,omrobbie/SwiftUI-MVVM-AKQuiz,SwiftUI-MVVM-AKQuiz,A very short course or tutorial about using MVVM in SwiftUI. You can see the course here: https://www.udemy.com/course/swiftui-quizapp-with-mvvm,"ios,mvvm,online-course,swift,swiftui,udemy",1,0,1,0,Swift,2022-03-03T08:42:54Z,2024-11-17T09:59:11Z,https://github.com/omrobbie/SwiftUI-MVVM-AKQuiz
MVVM,repo_search,MVVM,934368824,fatihkenarda/SwiftUI-MVVM-Sample,SwiftUI-MVVM-Sample,,,1,0,1,0,Swift,2025-02-17T18:00:35Z,2025-02-27T14:35:51Z,https://github.com/fatihkenarda/SwiftUI-MVVM-Sample
MVVM,repo_search,MVVM,656221488,rotrindade/Follow_SwiftUI_MVVM,Follow_SwiftUI_MVVM,This is a SwiftUI study project on MVVM architecture.,,1,0,1,0,Swift,2023-06-20T13:51:27Z,2025-02-24T05:33:32Z,https://github.com/rotrindade/Follow_SwiftUI_MVVM
MVVM,repo_search,MVVM,451236089,maxches99/SwiftUI-MVVM-C,SwiftUI-MVVM-C,,,1,0,1,0,Swift,2022-01-23T21:31:10Z,2022-02-01T10:35:54Z,https://github.com/maxches99/SwiftUI-MVVM-C
MVVM,repo_search,MVVM,200536252,dtroupe18/SwiftUI-MVVM-Combine,SwiftUI-MVVM-Combine,,"combine,ios13,swiftui,swiftui-combineviews,swiftui-example",1,0,1,0,Swift,2019-08-04T20:03:08Z,2020-04-15T12:35:59Z,https://github.com/dtroupe18/SwiftUI-MVVM-Combine
MVVM,repo_search,MVVM,945622666,ILLUSIONack/SwiftUI-MVVMC-Template,SwiftUI-MVVMC-Template,,,1,0,1,0,Swift,2025-03-09T20:55:32Z,2025-03-18T08:46:53Z,https://github.com/ILLUSIONack/SwiftUI-MVVMC-Template
MVVM,repo_search,MVVM,622477145,mercury0517/swiftUI-mvvm-sample,swiftUI-mvvm-sample,,,1,0,1,0,Swift,2023-04-02T08:24:59Z,2023-11-18T16:06:11Z,https://github.com/mercury0517/swiftUI-mvvm-sample
MVVM,repo_search,MVVM,252502835,AlexGerma/Practice_mvvm_swiftUI,Practice_mvvm_swiftUI,"Personal app with structure MVVM, using the library Alamofire with the peticion ",,1,0,1,0,Swift,2020-04-02T16:03:43Z,2020-09-22T02:37:22Z,https://github.com/AlexGerma/Practice_mvvm_swiftUI
MVVM,repo_search,MVVM,611268853,dubkovictor/SwiftUI-UIKit-MVVMC,SwiftUI-UIKit-MVVMC,,,1,0,1,0,Swift,2023-03-08T13:31:16Z,2023-05-02T16:06:27Z,https://github.com/dubkovictor/SwiftUI-UIKit-MVVMC
MVVM,repo_search,MVVM,320168075,ashishtyagi3007/AppleStocks_SwiftUI,AppleStocks_SwiftUI,Learn this project in MVVM,,1,1,1,0,Swift,2020-12-10T05:20:50Z,2025-07-29T21:24:35Z,https://github.com/ashishtyagi3007/AppleStocks_SwiftUI
MVVM,repo_search,MVVM,250905669,utsmannn/swiftui-simple-paging-mvvm,swiftui-simple-paging-mvvm,,,1,0,1,0,Swift,2020-03-28T22:24:49Z,2020-04-04T02:02:37Z,https://github.com/utsmannn/swiftui-simple-paging-mvvm
MVVM,repo_search,MVVM,613561006,karlosDev416/news-app-mvvm-swiftui,news-app-mvvm-swiftui,"Simple SwiftUI News app using MVVM architecture, to get started with these topics: async/await, actors, and concurrency.",,1,0,1,0,Swift,2023-03-13T20:13:52Z,2023-10-13T21:22:43Z,https://github.com/karlosDev416/news-app-mvvm-swiftui
MVVM,repo_search,MVVM,563469821,will-sdk/SwiftUI-MVVM-Combine,SwiftUI-MVVM-Combine,,,1,0,1,0,Swift,2022-11-08T17:19:23Z,2024-04-11T05:55:59Z,https://github.com/will-sdk/SwiftUI-MVVM-Combine
MVVM,repo_search,MVVM,800373523,onsapplicationstudio/SwiftUI_MVVM_Moya,SwiftUI_MVVM_Moya,This example illustrates how to use MVVM and Moya.,,1,0,1,0,Swift,2024-05-14T07:58:36Z,2024-05-17T13:23:14Z,https://github.com/onsapplicationstudio/SwiftUI_MVVM_Moya
MVVM,repo_search,MVVM,473665030,Kyome22/SwiftUI-MVVM-Samples,SwiftUI-MVVM-Samples,,,1,0,1,0,Swift,2022-03-24T15:29:23Z,2025-11-26T07:26:13Z,https://github.com/Kyome22/SwiftUI-MVVM-Samples
MVVM,repo_search,MVVM,1137634190,joeljoviios/SwiftUI-MVVM-Networking,SwiftUI-MVVM-Networking,"A modern iOS sample application built with SwiftUI that demonstrates clean MVVM architecture, protocol-oriented networking, and structured concurrency (async/await). This project consumes a public REST API and focuses on scalable, testable, and production-ready patterns used in real-world iOS applications.",,1,0,1,0,Swift,2026-01-19T16:16:59Z,2026-01-21T16:29:09Z,https://github.com/joeljoviios/SwiftUI-MVVM-Networking
MVVM,repo_search,MVVM,422060899,DavinY/SwiftUI-MVVM-News,SwiftUI-MVVM-News,,,1,0,1,0,Swift,2021-10-28T04:12:41Z,2022-06-03T05:40:37Z,https://github.com/DavinY/SwiftUI-MVVM-News
MVVM,repo_search,MVVM,1212941245,jechandia/MVVM-Example-SwiftUI,MVVM-Example-SwiftUI,"SwiftUI with MVVM, Networking, DI, navigation and tests",,1,0,1,0,Swift,2026-04-16T22:14:13Z,2026-04-16T22:23:19Z,https://github.com/jechandia/MVVM-Example-SwiftUI
MVVM,repo_search,MVVM,454046219,glowcap/SwiftUICoreData_MVVM,SwiftUICoreData_MVVM,SwiftUI & CoreData with MVVM Architecture,,1,0,1,0,Swift,2022-01-31T14:50:36Z,2024-03-19T17:37:13Z,https://github.com/glowcap/SwiftUICoreData_MVVM
MVVM,repo_search,MVVM,359203818,yohamza/todo-firestore-mvvm-swiftui,todo-firestore-mvvm-swiftui,,,1,0,1,0,Swift,2021-04-18T16:59:17Z,2021-05-10T21:40:31Z,https://github.com/yohamza/todo-firestore-mvvm-swiftui
MVVM,repo_search,MVVM,690576665,thaxz/CoreData-MVVM,CoreData-MVVM, MVVM CoreData implementation using SwiftUI,,1,0,1,0,Swift,2023-09-12T13:12:38Z,2024-08-30T14:54:20Z,https://github.com/thaxz/CoreData-MVVM
MVVM,repo_search,MVVM,283479565,Git-HarshP/SwiftUI-APICall,SwiftUI-APICall,SwiftUI API call with MVVM architecture,,1,0,1,0,Swift,2020-07-29T11:22:41Z,2020-09-22T10:36:44Z,https://github.com/Git-HarshP/SwiftUI-APICall
MVVM,repo_search,MVVM,1130849938,zubair0831/swiftui-todolist,swiftui-todolist,SwiftUI Todo List app using MVVM architecture,,1,0,1,0,Swift,2026-01-09T05:22:52Z,2026-01-09T05:34:33Z,https://github.com/zubair0831/swiftui-todolist
MVVM,repo_search,MVVM,1174079443,jairrgz/SWIFTUIDecoratorPattern,SWIFTUIDecoratorPattern,Quick example of how to implement decorator pattern in SwifUI with Observable in MVVM,,1,0,1,0,Swift,2026-03-06T03:37:15Z,2026-03-07T23:31:49Z,https://github.com/jairrgz/SWIFTUIDecoratorPattern
MVVM,repo_search,MVVM,184789634,codedeman/bookdeproject,bookdeproject,SwiftUI+Modular Architecture+ MVVM Combine,"clean-architecture,modularization-ios,mvvm-architecture,swift,swiftui",1,0,1,1,Swift,2019-05-03T16:45:35Z,2024-10-13T02:33:19Z,https://github.com/codedeman/bookdeproject
MVVM,repo_search,MVVM,626904061,SerhiyZholonko/MoviesApp,MoviesApp,"SwiftUI, MVVM, API, Alamofire, Coredata ",,1,0,1,0,Swift,2023-04-12T11:49:04Z,2024-01-11T17:12:27Z,https://github.com/SerhiyZholonko/MoviesApp
MVVM,repo_search,MVVM,826009986,WajihBenabdessalem/MVVM-C_SwiftUI_Combine,MVVM-C_SwiftUI_Combine,MVVM-C_SwiftUI_Combine example,,1,0,1,0,Swift,2024-07-09T00:06:44Z,2024-09-05T11:47:16Z,https://github.com/WajihBenabdessalem/MVVM-C_SwiftUI_Combine
MVVM,repo_search,MVVM,455496117,nehdiyoussef17/WeatherSwift,WeatherSwift,MVVM architecture + openWeatherMap API + SwiftUI,,1,0,1,0,Swift,2022-02-04T09:54:46Z,2022-02-18T08:11:30Z,https://github.com/nehdiyoussef17/WeatherSwift
MVVM,repo_search,MVVM,348230257,misaellandero/ContactsDemo,ContactsDemo,SwiftUI Demo App with MVVM ,,1,0,1,0,Swift,2021-03-16T05:53:42Z,2022-05-07T20:33:56Z,https://github.com/misaellandero/ContactsDemo
MVVM,repo_search,MVVM,774079820,udeysri/TMDBMovies-SwiftUI,TMDBMovies-SwiftUI,TMDBMovies Sample implementation using Swift UI : MVVM ,,1,0,1,0,Swift,2024-03-18T22:55:16Z,2024-03-22T14:19:20Z,https://github.com/udeysri/TMDBMovies-SwiftUI
MVVM,repo_search,MVVM,501003821,MCTOK1903/NewsApp,NewsApp,StateFull MVVM + Combine in SwiftUI,,1,0,1,0,Swift,2022-06-07T21:05:54Z,2023-08-01T17:02:00Z,https://github.com/MCTOK1903/NewsApp
MVVM,repo_search,MVVM,590427001,gmekv/Explore-Georgia-MapKit,Explore-Georgia-MapKit,"Used MapKit, SwiftUI and MVVM",,1,0,1,0,Swift,2023-01-18T11:48:21Z,2023-04-20T08:45:37Z,https://github.com/gmekv/Explore-Georgia-MapKit
MVVM,repo_search,MVVM,256593976,byJeevan/JDA-MoviePlus,JDA-MoviePlus,SwiftUI+MVVM with Clean Swift ,,1,0,1,0,Swift,2020-04-17T19:40:35Z,2024-03-09T04:04:34Z,https://github.com/byJeevan/JDA-MoviePlus
MVVM,repo_search,MVVM,353658498,pedrovalentini/motor,motor,Motor SwiftUI MVVM UnitTest Sample,,1,0,1,0,Swift,2021-04-01T10:16:16Z,2021-08-19T10:11:02Z,https://github.com/pedrovalentini/motor
MVVM,repo_search,MVVM,800733670,iruleonu/IRShowcaseMVP,IRShowcaseMVP,SwiftUI+Combine MVP/MVVM/VIP,,1,0,1,0,Swift,2024-05-14T22:29:33Z,2026-02-23T16:07:33Z,https://github.com/iruleonu/IRShowcaseMVP
MVVM,repo_search,MVVM,1033784604,AnujAroshA/CoverageXUser,CoverageXUser,SwiftUI project with MVVM architecture,,1,0,1,0,Swift,2025-08-07T10:41:31Z,2025-08-12T17:56:35Z,https://github.com/AnujAroshA/CoverageXUser
MVVM,repo_search,MVVM,553813187,joelzarco/anime-quotes-example,anime-quotes-example,SwiftUI learning project using MVVM,,1,0,1,0,Swift,2022-10-18T20:13:45Z,2024-01-22T05:53:22Z,https://github.com/joelzarco/anime-quotes-example
MVVM,repo_search,MVVM,655611690,SabbirHossain07/DemoInstagram,DemoInstagram,Instagram SwiftUI | MVVM | Cloud FIrestore ,,1,0,1,0,Swift,2023-06-19T08:47:00Z,2023-06-19T09:25:21Z,https://github.com/SabbirHossain07/DemoInstagram
MVVM,repo_search,MVVM,701431918,myuqa22/recipe,recipe,SwiftUI Rezepte App mit MVVM,"async-await,concurrency,dependency-injection,mvvm-architecture,pagination,recipe-app,rest-api,swiftui",1,0,1,0,Swift,2023-10-06T16:07:06Z,2023-10-23T19:32:37Z,https://github.com/myuqa22/recipe
MVVM,repo_search,MVVM,287932928,malavsoni/SwiftUI-MVVM-by-Malav,SwiftUI-MVVM-by-Malav,,,1,0,1,0,Swift,2020-08-16T11:45:48Z,2024-12-13T05:35:45Z,https://github.com/malavsoni/SwiftUI-MVVM-by-Malav
MVVM,repo_search,MVVM,1143985983,CSR-Rath/SwiftUI-MVVM-Project-Structure,SwiftUI-MVVM-Project-Structure,,,1,0,1,0,Swift,2026-01-28T06:44:36Z,2026-03-27T08:43:12Z,https://github.com/CSR-Rath/SwiftUI-MVVM-Project-Structure
MVVM,repo_search,MVVM,766655008,IgnacioGalliano/ios-MVVM-SwiftUI-Marvel,ios-MVVM-SwiftUI-Marvel,,,1,0,1,0,Swift,2024-03-03T21:04:25Z,2024-03-19T13:55:30Z,https://github.com/IgnacioGalliano/ios-MVVM-SwiftUI-Marvel
MVVM,repo_search,MVVM,512149161,mattiaa95/Country_List_MVVM_SwiftUI,Country_List_MVVM_SwiftUI,"Country List in SwiftUI with MVVM architecture. no pods, no Swift Package","ios,mvvm,swift,swift5,swiftui",1,1,1,0,Swift,2022-07-09T09:47:59Z,2022-07-12T09:14:28Z,https://github.com/mattiaa95/Country_List_MVVM_SwiftUI
MVVM,repo_search,MVVM,529506192,devckrishna/TodoAPP-SwiftUI-MVVM,TodoAPP-SwiftUI-MVVM,,,1,0,1,0,Swift,2022-08-27T06:46:03Z,2024-02-23T18:26:19Z,https://github.com/devckrishna/TodoAPP-SwiftUI-MVVM
MVVM,repo_search,MVVM,521743967,SerhiiTsybulia/Apple-Calculator,Apple-Calculator,Using SwiftUI and MVVM pattern,,1,0,1,0,Swift,2022-08-05T18:45:17Z,2022-08-05T18:47:23Z,https://github.com/SerhiiTsybulia/Apple-Calculator
MVVM,repo_search,MVVM,192805752,MarioMatheus/Project-Soletrando,Project-Soletrando,"SwiftUI, Combine, MVVM and Lyrics :)",,1,1,1,0,Swift,2019-06-19T21:18:41Z,2022-11-24T23:53:17Z,https://github.com/MarioMatheus/Project-Soletrando
MVVM,repo_search,MVVM,527859661,crane-hiromu/SwiftUI-MVVM-HostingController,SwiftUI-MVVM-HostingController,It's a sample code for SwiftUI with UIHostingController,,1,0,1,0,Swift,2022-08-23T06:23:37Z,2024-03-08T18:10:22Z,https://github.com/crane-hiromu/SwiftUI-MVVM-HostingController
MVVM,repo_search,MVVM,304558897,Bui-Ly/SwiftUI-Todo-List-MVVM,SwiftUI-Todo-List-MVVM,,,1,0,1,0,Swift,2020-10-16T07:57:09Z,2021-03-29T23:48:38Z,https://github.com/Bui-Ly/SwiftUI-Todo-List-MVVM
MVVM,repo_search,MVVM,449908741,g-enius/KMM-SwiftUI-Combine-MVVMC,KMM-SwiftUI-Combine-MVVMC,A takeaway demo for Kotlin Multiplatform with SwiftUI and Combine in MVVMC architecture ,,1,0,1,0,Swift,2022-01-20T01:08:20Z,2023-03-13T23:04:19Z,https://github.com/g-enius/KMM-SwiftUI-Combine-MVVMC
MVVM,repo_search,MVVM,812873030,DixPatel009/SwiftUI-MVVM-ListView,SwiftUI-MVVM-ListView,,,1,0,1,0,Swift,2024-06-10T04:13:56Z,2024-06-13T09:45:19Z,https://github.com/DixPatel009/SwiftUI-MVVM-ListView
MVVM,repo_search,MVVM,535770994,AbrWin/SessionUser_SwiftUi_MVVM,SessionUser_SwiftUi_MVVM,Project created with MVVM as software architecture. Sign up and getting users from an Api.,,1,0,1,0,Swift,2022-09-12T17:10:36Z,2023-03-17T03:00:11Z,https://github.com/AbrWin/SessionUser_SwiftUi_MVVM
MVVM,repo_search,MVVM,778639477,karlosDev416/SwiftUI-MapApp-MVVM,SwiftUI-MapApp-MVVM,"Beginner-friendly SwiftUI project that displays real-world locations like the Colosseum and Eiffel Tower on a map with an elegant UI. Aims to deepen understanding of MVVM architecture and enhance skills in SwiftUI frames, alignments, animations, and transitions.",,1,0,1,0,Swift,2024-03-28T05:22:08Z,2024-04-17T02:32:59Z,https://github.com/karlosDev416/SwiftUI-MapApp-MVVM
MVVM,repo_search,MVVM;Model View ViewModel;Model-View-ViewModel,752729284,arjundamodaran1992/SwiftUI-MVVM-ListView,SwiftUI-MVVM-ListView,creation of a Simple ListView and Detail View using SwiftUI and the Model-View-ViewModel (MVVM) architecture,,1,0,1,0,Swift,2024-02-04T16:41:18Z,2024-02-10T16:01:35Z,https://github.com/arjundamodaran1992/SwiftUI-MVVM-ListView
MVVM,repo_search,MVVM,439988905,Drogonov/LaunchAppMVVM-SwiftUI,LaunchAppMVVM-SwiftUI,Launch App builded in standart SwiftUI workflow,,1,0,1,0,Swift,2021-12-19T23:16:12Z,2024-10-18T17:08:37Z,https://github.com/Drogonov/LaunchAppMVVM-SwiftUI
MVVM,repo_search,MVVM,981579793,abdulmanum/Mvvm-Crud-with-SwiftUI,Mvvm-Crud-with-SwiftUI,Here we do the CRUD with Swift UI using MVVM Pattern with the Apis,,1,0,1,0,Swift,2025-05-11T12:37:52Z,2026-05-05T22:35:04Z,https://github.com/abdulmanum/Mvvm-Crud-with-SwiftUI
MVVM,repo_search,MVVM,710866562,Techwood00/TodoApp-SwiftUI-MVVM,TodoApp-SwiftUI-MVVM,,,1,0,1,0,Swift,2023-10-27T15:50:29Z,2024-02-23T18:26:30Z,https://github.com/Techwood00/TodoApp-SwiftUI-MVVM
MVVM,repo_search,MVVM,1162551431,niteshparihariOS/ios-swiftui-mvvm-task-manager,ios-swiftui-mvvm-task-manager,"A simple Task Manager iOS application built using SwiftUI that demonstrates modern iOS development practices such as MVVM architecture, async/await networking, pull‑to‑refresh, and sheet‑based editing.",,1,0,1,0,Swift,2026-02-20T12:01:00Z,2026-03-06T08:32:26Z,https://github.com/niteshparihariOS/ios-swiftui-mvvm-task-manager
MVVM,repo_search,MVVM,901746197,alin19xx/SwiftUI-MVVM-Clean-Architecture,SwiftUI-MVVM-Clean-Architecture,Application built with SwiftUI and following MVVM architecture combined with Clean Architecture principles.,"clean-architecture,mvvm,swiftui,testing",1,0,1,0,Swift,2024-12-11T08:36:15Z,2024-12-15T17:34:24Z,https://github.com/alin19xx/SwiftUI-MVVM-Clean-Architecture
MVVM,repo_search,MVVM,533059382,AbrWin/NoteApp_SwiftUi_MVVM,NoteApp_SwiftUi_MVVM,"NoteApp created with SwiftUi, MVVM, CoreData","coredata-swift,mvvm-architecture,swift,swiftui",1,0,1,0,Swift,2022-09-05T21:03:19Z,2023-03-17T03:00:12Z,https://github.com/AbrWin/NoteApp_SwiftUi_MVVM
MVVM,repo_search,MVVM,1047246387,RogiDarlie/ShoppingApp-SwiftUI-MVVM,ShoppingApp-SwiftUI-MVVM,,,1,0,1,0,Swift,2025-08-30T02:21:49Z,2025-09-04T00:06:21Z,https://github.com/RogiDarlie/ShoppingApp-SwiftUI-MVVM
MVVM,repo_search,MVVM,515415102,alvesluc/Starting-with-SwiftUI-MVVM,Starting-with-SwiftUI-MVVM,,,1,0,1,0,Swift,2022-07-19T03:01:40Z,2023-10-06T12:08:00Z,https://github.com/alvesluc/Starting-with-SwiftUI-MVVM
MVVM,repo_search,MVVM,554147610,beriresen/News-MVVM-Alamofire-SwiftUI,News-MVVM-Alamofire-SwiftUI,,,1,0,1,0,Swift,2022-10-19T10:27:21Z,2023-07-07T13:29:57Z,https://github.com/beriresen/News-MVVM-Alamofire-SwiftUI
MVVM,repo_search,MVVM,699042668,bedirhnturhn/NewsApp_SwiftUI_MVVM,NewsApp_SwiftUI_MVVM,,,1,0,1,0,Swift,2023-10-01T18:44:32Z,2024-03-28T12:38:32Z,https://github.com/bedirhnturhn/NewsApp_SwiftUI_MVVM
MVVM,repo_search,MVVM,392992785,mohamed-habib-jaberi/SwiftUI_MVVM_TestProject,SwiftUI_MVVM_TestProject,,,1,0,1,0,Swift,2021-08-05T10:02:27Z,2022-09-26T18:10:34Z,https://github.com/mohamed-habib-jaberi/SwiftUI_MVVM_TestProject
MVVM,repo_search,MVVM,1132396088,mohamedmaiz/swiftui-mvvm-clean_architecture-di,swiftui-mvvm-clean_architecture-di,,,1,0,1,0,Swift,2026-01-11T22:01:50Z,2026-01-14T15:44:03Z,https://github.com/mohamedmaiz/swiftui-mvvm-clean_architecture-di
MVVM,repo_search,MVVM,470718494,mikel-lab/SwiftUI_MVVM_API_Marvel,SwiftUI_MVVM_API_Marvel,,,1,0,1,0,Swift,2022-03-16T19:08:43Z,2024-03-31T16:41:12Z,https://github.com/mikel-lab/SwiftUI_MVVM_API_Marvel
MVVM,repo_search,MVVM,320695653,egudino484/SimpleMVVMRestSwiftUI,SimpleMVVMRestSwiftUI,Ejemplo Simple de MVVM con SwiftUI,,1,0,1,0,Swift,2020-12-11T22:15:22Z,2022-04-13T19:37:05Z,https://github.com/egudino484/SimpleMVVMRestSwiftUI
MVVM,repo_search,MVVM,699298925,pnrlpr/MoviesApp_SwiftUI,MoviesApp_SwiftUI,MVVM pattern and Omdb API has used,,1,0,1,0,Swift,2023-10-02T11:04:32Z,2024-10-25T17:57:42Z,https://github.com/pnrlpr/MoviesApp_SwiftUI
MVVM,repo_search,MVVM,614169058,arthurshes/SwiftMvvm,SwiftMvvm,My swiftui app on mvvm architecture using CoreData,,1,0,1,0,Swift,2023-03-15T03:06:18Z,2023-04-10T14:47:21Z,https://github.com/arthurshes/SwiftMvvm
MVVM,repo_search,MVVM,395814963,TGRAcademy/SwiftUI-CoreLocation,SwiftUI-CoreLocation,SwiftUI with core location and MVVM Pattern,,1,0,1,0,Swift,2021-08-13T22:28:22Z,2023-03-29T02:50:27Z,https://github.com/TGRAcademy/SwiftUI-CoreLocation
MVVM,repo_search,MVVM,1122887797,harsh1523/SwiftUINotesApp,SwiftUINotesApp,Secure Notes iOS app built with SwiftUI & MVVM,,1,0,1,0,Swift,2025-12-25T18:34:53Z,2026-01-26T09:50:15Z,https://github.com/harsh1523/SwiftUINotesApp
MVVM,repo_search,MVVM,715105781,evenstaian/iOS-ContactsViewer-MVVMC-SwiftUI,iOS-ContactsViewer-MVVMC-SwiftUI,iOS - ContactsViewer - MVVMC - SwiftUI,,1,0,1,0,Swift,2023-11-06T13:44:52Z,2025-02-20T19:14:14Z,https://github.com/evenstaian/iOS-ContactsViewer-MVVMC-SwiftUI
MVVM,repo_search,MVVM,527943423,safarsafarov/Tinder-SwiftUI,Tinder-SwiftUI,"Tinder - SwiftUI MVVM clone of Tinder, popular dating App.",,1,0,1,0,Swift,2022-08-23T10:40:36Z,2024-04-25T15:02:49Z,https://github.com/safarsafarov/Tinder-SwiftUI
MVVM,repo_search,MVVM,535414165,dbgarcia/mvvm-clean-architecture-swiftui-tv-shows,mvvm-clean-architecture-swiftui-tv-shows,Demo MVVM + Clean Architecture with SwiftUI,"clean-architecture,mvvm-architecture,swiftui",1,0,1,0,Swift,2022-09-11T20:12:05Z,2022-11-30T15:00:11Z,https://github.com/dbgarcia/mvvm-clean-architecture-swiftui-tv-shows
MVVM,repo_search,MVVM,882859239,Elcieren/RandomJokeApp_SwiftUI_MVVM,RandomJokeApp_SwiftUI_MVVM,,,1,0,1,0,Swift,2024-11-03T23:36:04Z,2024-11-08T22:02:33Z,https://github.com/Elcieren/RandomJokeApp_SwiftUI_MVVM
MVVM,repo_search,MVVM,1092654111,enzoenrico/Starter_MVVMC,Starter_MVVMC,Start repo for working with MVVM + Coordinators with SwiftUI,,2,0,2,0,Swift,2025-11-09T03:15:18Z,2026-04-09T22:41:19Z,https://github.com/enzoenrico/Starter_MVVMC
MVVM,repo_search,MVVM,677689364,pradeepkas/iTunesSearchAPIDemo-SwiftUI,iTunesSearchAPIDemo-SwiftUI,iTunesSearchAPIDemo-SwiftUI,"combine-framework,mvvm,swiftui",1,0,1,0,Swift,2023-08-12T09:57:40Z,2023-08-19T04:08:39Z,https://github.com/pradeepkas/iTunesSearchAPIDemo-SwiftUI
MVVM,repo_search,MVVM,640933171,tmasat/MVVM-SwiftUI-ToDoList,MVVM-SwiftUI-ToDoList,ToDoList application with MVVM pattern with SwiftUI,,1,0,1,0,Swift,2023-05-15T12:34:05Z,2023-05-28T20:47:22Z,https://github.com/tmasat/MVVM-SwiftUI-ToDoList
MVVM,repo_search,MVVM,713754804,Ashish-Langhe/SwiftUI_With_Combine_and_MVVM,SwiftUI_With_Combine_and_MVVM,"""Elevating SwiftUI and Combine 🚀: A Pristine MVVM Showcase for Consuming RESTful APIs, Decoding Data, and Presenting Excellence""","combine,combine-framework,mvvm,mvvm-architecture,swiftui,swiftui-example",1,1,1,0,Swift,2023-11-03T07:06:38Z,2024-02-05T12:15:46Z,https://github.com/Ashish-Langhe/SwiftUI_With_Combine_and_MVVM
MVVM,repo_search,MVVM,514161175,MityaKimchanskii/MVVM_OpenWeatherAPI_SwiftUI,MVVM_OpenWeatherAPI_SwiftUI,,,1,0,1,0,Swift,2022-07-15T06:33:31Z,2022-12-27T07:18:12Z,https://github.com/MityaKimchanskii/MVVM_OpenWeatherAPI_SwiftUI
MVVM,repo_search,MVVM,785614877,LarryBrian/SwiftUI_MVVM_Cash_Register_App,SwiftUI_MVVM_Cash_Register_App,"Small App created from past coding challenge. Includes MVVM, SwiftUI, and Unit Tests (>95% coverage)",,1,0,1,0,Swift,2024-04-12T08:49:25Z,2024-04-12T22:13:52Z,https://github.com/LarryBrian/SwiftUI_MVVM_Cash_Register_App
MVVM,repo_search,MVVM,514519769,MityaKimchanskii/CoffeOrdersL_MVVM_SwiftUI,CoffeOrdersL_MVVM_SwiftUI,,,1,0,1,0,Swift,2022-07-16T08:18:26Z,2022-12-27T07:18:10Z,https://github.com/MityaKimchanskii/CoffeOrdersL_MVVM_SwiftUI
MVVM,repo_search,MVVM,636894972,wellitonaraujo/ToDoList-SwiftUI-MVVM,ToDoList-SwiftUI-MVVM,,,1,0,1,0,Swift,2023-05-05T23:03:48Z,2023-05-22T11:59:44Z,https://github.com/wellitonaraujo/ToDoList-SwiftUI-MVVM
MVVM,repo_search,MVVM,1033919587,Ajaykumar1d/SwiftUI-Chart-App-MVVM-Sample,SwiftUI-Chart-App-MVVM-Sample,A chart-based SwiftUI dashboard built with Clean MVVM and Combine. All charts rendered using native SwiftUI (no external libraries).,,1,0,1,0,Swift,2025-08-07T14:50:51Z,2025-09-03T00:26:18Z,https://github.com/Ajaykumar1d/SwiftUI-Chart-App-MVVM-Sample
MVVM,repo_search,MVVM,447700061,vishalbhogal/swiftui-mvvm-RxSwift-room-Service,swiftui-mvvm-RxSwift-room-Service,Mr.Room Service SwiftUI App designed in MVVM Architecture with RxSwift framework to fetch JSON data to keep track of items sent into the rooms on room guest's request.,"json-api,mvvm,mvvm-architecture,mvvm-pattern,rxswift,swift,swiftui",1,1,1,1,Swift,2022-01-13T17:58:18Z,2024-08-13T11:59:39Z,https://github.com/vishalbhogal/swiftui-mvvm-RxSwift-room-Service
MVVM,repo_search,MVVM,757709760,sajib-ghosh-iOS/Demo_Clean_MVVM_Combine_SwiftUI,Demo_Clean_MVVM_Combine_SwiftUI,An iOS app which fetches product list from public api. This project is built using Clean architecture with MVVM. SwiftUI and Combine framework have been used.,,1,0,1,0,Swift,2024-02-14T20:19:05Z,2024-12-15T19:37:21Z,https://github.com/sajib-ghosh-iOS/Demo_Clean_MVVM_Combine_SwiftUI
MVVM,repo_search,MVVM,1120466333,OSTAPMARCHENKO/ios-swiftui-clean-MVVM-C-boilerplate,ios-swiftui-clean-MVVM-C-boilerplate,"A standardized iOS project foundation designed to separate business logic from UI, enabling high testability and modularity",,1,0,1,0,Swift,2025-12-21T09:24:02Z,2026-03-05T16:59:03Z,https://github.com/OSTAPMARCHENKO/ios-swiftui-clean-MVVM-C-boilerplate
MVVM,repo_search,MVVM,530787915,pnalvarez/PokeAPI-SwiftUI-Combine-MVVM,PokeAPI-SwiftUI-Combine-MVVM,,,1,0,1,0,Swift,2022-08-30T18:48:38Z,2023-02-27T22:42:19Z,https://github.com/pnalvarez/PokeAPI-SwiftUI-Combine-MVVM
MVVM,repo_search,MVVM,544332187,Berkay-Kuzu/JokesApp-SwiftUI-Alamofire-MVVM,JokesApp-SwiftUI-Alamofire-MVVM,,,1,0,1,0,Swift,2022-10-02T07:51:30Z,2023-06-20T13:48:10Z,https://github.com/Berkay-Kuzu/JokesApp-SwiftUI-Alamofire-MVVM
MVVM,repo_search,MVVM,1154718703,codewithsanthoshofficial/NewAPI_SwiftUI_APICall_MVVM,NewAPI_SwiftUI_APICall_MVVM,,,1,0,1,0,Swift,2026-02-10T17:46:37Z,2026-03-09T11:20:50Z,https://github.com/codewithsanthoshofficial/NewAPI_SwiftUI_APICall_MVVM
MVVM,repo_search,MVVM,365547135,raghavendramikkilineni/iOS-SwiftUI-MVVM-Architecture,iOS-SwiftUI-MVVM-Architecture,,,1,0,1,0,Swift,2021-05-08T15:22:20Z,2021-05-14T15:03:35Z,https://github.com/raghavendramikkilineni/iOS-SwiftUI-MVVM-Architecture
MVVM,repo_search,MVVM,654300228,adriancro8888/WordsTrainer-SwiftUI-MVVM-Realm,WordsTrainer-SwiftUI-MVVM-Realm,,,1,0,1,0,Swift,2023-06-15T20:30:13Z,2023-06-15T21:13:09Z,https://github.com/adriancro8888/WordsTrainer-SwiftUI-MVVM-Realm
MVVM,repo_search,MVVM,544390312,Berkay-Kuzu/Network-Interchangeable-Project-SwiftUI-MVVM,Network-Interchangeable-Project-SwiftUI-MVVM,,,1,0,1,0,Swift,2022-10-02T11:04:17Z,2023-06-20T13:48:07Z,https://github.com/Berkay-Kuzu/Network-Interchangeable-Project-SwiftUI-MVVM
MVVM,repo_search,MVVM,436163651,iosdeveloper480/TheMovieApp-SwiftUI-MVVM,TheMovieApp-SwiftUI-MVVM,,,1,0,1,0,Swift,2021-12-08T08:00:39Z,2022-06-02T13:46:08Z,https://github.com/iosdeveloper480/TheMovieApp-SwiftUI-MVVM
MVVM,repo_search,MVVM,378094446,nerimenebt/WhatsApp-Animation-MVVM-SwiftUI,WhatsApp-Animation-MVVM-SwiftUI,,,1,0,1,0,Swift,2021-06-18T09:06:42Z,2022-11-22T13:43:31Z,https://github.com/nerimenebt/WhatsApp-Animation-MVVM-SwiftUI
MVVM,repo_search,MVVM,893307916,toainguyenkotu/MockupInterview,MockupInterview,iOS-Clean-Architecture-MVVM-SwiftUI-Concurrence,"clean-architecture,concurrency,ios,mvvm,protocol-oriented-programming,sdwebimage,swift,swiftformat,swiftgen,swiftlint,swiftui,unit-testing",1,0,1,0,Swift,2024-11-24T04:43:17Z,2025-04-16T08:25:00Z,https://github.com/toainguyenkotu/MockupInterview
MVVM,repo_search,MVVM,943913951,dongorias/uphf-store-app-mobile,uphf-store-app-mobile,"SwiftUI, MVVM, Firebase, Stripe, Apple ID",,1,1,1,0,Swift,2025-03-06T13:27:47Z,2025-05-14T09:15:37Z,https://github.com/dongorias/uphf-store-app-mobile
MVVM,repo_search,MVVM,582245021,paulmaxgithub/STTwitterDEMO,STTwitterDEMO,Combine with MVVM for UIKit / SwiftUI,"combine,mvvm,swiftui,uikit",1,1,1,0,Swift,2022-12-26T07:47:44Z,2024-08-05T00:08:24Z,https://github.com/paulmaxgithub/STTwitterDEMO
MVVM,repo_search,MVVM,626983051,Dogukaim/epple-Frameworks,epple-Frameworks,Apple FrameWorks( Refactor MVVM) SwiftUI & WebKit,"mvvm,swiftui",1,0,1,0,Swift,2023-04-12T14:46:05Z,2024-05-02T01:19:04Z,https://github.com/Dogukaim/epple-Frameworks
MVVM,repo_search,MVVM,1102976710,zerlik/MuseumGidOnline,MuseumGidOnline,Examlple:L SwiftUI + UIkit (MVVM + Router) ,,1,0,1,0,Swift,2025-11-24T09:22:59Z,2025-12-11T10:18:20Z,https://github.com/zerlik/MuseumGidOnline
MVVM,repo_search,MVVM,315959585,romeoflute/buildnetflixclone,buildnetflixclone,SwiftUI and MVVM clone of Netflix,,1,0,1,0,Swift,2020-11-25T14:13:29Z,2020-12-19T07:48:04Z,https://github.com/romeoflute/buildnetflixclone
MVVM,repo_search,MVVM,483061150,AliAghamirbabaei/RInstagram,RInstagram,Redesigned instagram with SwiftUI in MVVM,,1,0,1,0,Swift,2022-04-19T02:02:29Z,2022-04-22T11:16:32Z,https://github.com/AliAghamirbabaei/RInstagram
MVVM,repo_search,MVVM,769249200,marco906/SwiftUISample,SwiftUISample,This is an example project for a basic MVVM SwiftUI app.,"navigationstack,swiftui",1,0,1,0,Swift,2024-03-08T16:44:53Z,2024-03-26T07:45:49Z,https://github.com/marco906/SwiftUISample
MVVM,repo_search,MVVM,600707155,nasneyland/memmo_iOS,memmo_iOS,[사람 메모 앱] swiftUI + MVVM + Realm,,1,0,1,0,Swift,2023-02-12T10:42:08Z,2023-03-21T21:18:42Z,https://github.com/nasneyland/memmo_iOS
MVVM,repo_search,MVVM,614987218,tonyh2021/swiftful-todo,swiftful-todo,Todo List in SwiftUI and MVVM.,,1,0,1,0,Swift,2023-03-16T18:06:50Z,2024-11-08T21:14:12Z,https://github.com/tonyh2021/swiftful-todo
MVVM,repo_search,MVVM,914101762,GabrielLopes001/ToDo-List,ToDo-List,To Do List SwiftUI and mvvm,,1,0,1,0,Swift,2025-01-09T00:33:04Z,2025-03-10T06:36:34Z,https://github.com/GabrielLopes001/ToDo-List
MVVM,repo_search,MVVM,362725089,YamamotoDesu/HelloMVVM,HelloMVVM,MVVMデザインパターン学習,"mvvm,swiftui",1,1,1,0,Swift,2021-04-29T07:16:49Z,2024-07-06T01:42:19Z,https://github.com/YamamotoDesu/HelloMVVM
MVVM,repo_search,MVVM,755827266,mzunohkaru/SwiftUI-Sample-TikTok,SwiftUI-Sample-TikTok,Tiktok Clone in SwiftUI with MVVM and Firebase,,1,0,1,0,Swift,2024-02-11T07:23:44Z,2024-02-22T11:36:11Z,https://github.com/mzunohkaru/SwiftUI-Sample-TikTok
MVVM,repo_search,MVVM,1045322790,armanulmomin/CRUD-Example-SwiftUI,CRUD-Example-SwiftUI,This is a simple CRUD SwiftUI application in MVVM,,1,0,1,0,Swift,2025-08-27T01:42:45Z,2026-05-05T21:13:52Z,https://github.com/armanulmomin/CRUD-Example-SwiftUI
MVVM,repo_search,MVVM,893177713,JPGuptaJee/SwiftUINavigation,SwiftUINavigation,"This repo will provide detailed explaination and implementation to manage the navigation system in whole SwiftUI app along with any architectures e.g. MVVM, MVC, MVVM-C, Viper",,1,0,1,0,Swift,2024-11-23T18:29:26Z,2024-11-26T07:05:47Z,https://github.com/JPGuptaJee/SwiftUINavigation
MVVM,repo_search,MVVM,265776518,wanharaderta/Todolist-mvvm,Todolist-mvvm,"A Simple Todo app developed using SwiftUI, MVVM and Core Data","coredata,mvvm,swift,swifui",1,0,1,1,Swift,2020-05-21T06:51:36Z,2020-07-01T10:04:43Z,https://github.com/wanharaderta/Todolist-mvvm
MVVM,repo_search,MVVM,778632407,tashagrc/SwiftUI-frameworkList,SwiftUI-frameworkList,"Exercise about making a grid, MVVM, detail, connect to Safari",,1,0,1,0,Swift,2024-03-28T04:55:51Z,2024-04-01T15:10:13Z,https://github.com/tashagrc/SwiftUI-frameworkList
MVVM,repo_search,MVVM,769472074,beakyangsu/iOS_ShoppingApp_SwiftUI_MVVM,iOS_ShoppingApp_SwiftUI_MVVM,,,1,0,1,1,Swift,2024-03-09T07:01:47Z,2024-03-20T17:30:23Z,https://github.com/beakyangsu/iOS_ShoppingApp_SwiftUI_MVVM
MVVM,repo_search,MVVM,1154745370,codewithsanthoshofficial/News_SwiftUI_Combine_ApiCall_MVVM,News_SwiftUI_Combine_ApiCall_MVVM,,,1,0,1,0,Swift,2026-02-10T18:22:10Z,2026-03-09T11:20:59Z,https://github.com/codewithsanthoshofficial/News_SwiftUI_Combine_ApiCall_MVVM
MVVM,repo_search,MVVM,518162262,emrahkar/Raccoongram-SwiftUI-MVVM-Firebase-Git-Github-,Raccoongram-SwiftUI-MVVM-Firebase-Git-Github-,,,1,0,1,0,Swift,2022-07-26T17:47:39Z,2022-07-27T17:42:32Z,https://github.com/emrahkar/Raccoongram-SwiftUI-MVVM-Firebase-Git-Github-
MVVM,repo_search,MVVM,446050941,iYezan/SwiftUI-TodoList,SwiftUI-TodoList,This project uses MVVM architecture and UserDefaults to persist data.,,1,0,1,0,Swift,2022-01-09T10:01:25Z,2023-09-16T00:11:41Z,https://github.com/iYezan/SwiftUI-TodoList
MVVM,repo_search,MVVM,903459317,mushthak/TDDSwiftDataMVVM,TDDSwiftDataMVVM,TDD approach for utilizing SwiftData with MVVM pattern in SwiftUI,"clean-architecture,mvvm,solid-principles,swiftdata,swiftui,tdd",1,0,1,0,Swift,2024-12-14T16:57:40Z,2026-03-13T10:17:02Z,https://github.com/mushthak/TDDSwiftDataMVVM
MVVM,repo_search,MVVM,743531246,antila3567/Crypto-Profiler-Il-SwiftUI,Crypto-Profiler-Il-SwiftUI,MVVM + CORE DATA + API + animations (supporting from ios 14),,1,0,1,0,Swift,2024-01-15T12:42:52Z,2024-01-18T10:11:18Z,https://github.com/antila3567/Crypto-Profiler-Il-SwiftUI
MVVM,repo_search,MVVM,349432547,maximmacari/Contacts_Swiftui,Contacts_Swiftui,"ScrollView with sticky top searchbar, json local file read, filter, ImageURL loader, MVVM",,1,0,1,0,Swift,2021-03-19T13:28:41Z,2021-08-26T02:29:23Z,https://github.com/maximmacari/Contacts_Swiftui
MVVM,repo_search,MVVM,883138650,KsArt-IT/CoinView-SwiftUI-iOS,CoinView-SwiftUI-iOS,"iOS, Swift, SwiftUI, Clean Architecture, Clen Code, MVVM",,1,0,1,0,Swift,2024-11-04T12:52:58Z,2024-11-25T14:04:23Z,https://github.com/KsArt-IT/CoinView-SwiftUI-iOS
MVVM,repo_search,MVVM,724138226,TushariOS/SwiftUIMap,SwiftUIMap,"Learning SwiftUI, MAP Kit, MVVM, , List, TabView with UIImage, and custom UI development.","animation,annotations,bindings,combine,mapkit,mkmapviews,observer-pattern,swiftui,swiftui-example,tabview,viewbuilder,viewmodifier",1,0,1,0,Swift,2023-11-27T13:28:21Z,2023-12-02T06:40:04Z,https://github.com/TushariOS/SwiftUIMap
MVVM,repo_search,MVVM,935422275,tunaarikaya/Goal-Tracker-swiftUI-Realm-Database-MVVM,Goal-Tracker-swiftUI-Realm-Database-MVVM,"a useful goal tracker,habit tracker ,to-do tracker app using realm for database and develop with MVVM architecture",,1,0,1,0,Swift,2025-02-19T12:21:41Z,2025-08-28T10:51:44Z,https://github.com/tunaarikaya/Goal-Tracker-swiftUI-Realm-Database-MVVM
MVVM,repo_search,MVVM,391324276,mkemalgokce/SwiftUI-MVVM-LoginPage-wFirebase,SwiftUI-MVVM-LoginPage-wFirebase,,,1,0,1,0,Swift,2021-07-31T10:30:20Z,2023-02-03T00:23:55Z,https://github.com/mkemalgokce/SwiftUI-MVVM-LoginPage-wFirebase
MVVM,repo_search,MVVM,1158350114,abhikar-12/ToDo-List-App-SwiftUI-MVVM,ToDo-List-App-SwiftUI-MVVM,"A To-Do List app built using SwiftUI and MVVM architecture. Features include adding tasks via sheet, deleting with swipe gesture, navigation to detail view, and state management using @StateObject, @ObservedObject, and @Published.","ios,ios-development,mvvm-architecture,swift,swiftui,todo-app",1,0,1,0,Swift,2026-02-15T08:00:17Z,2026-02-18T15:36:59Z,https://github.com/abhikar-12/ToDo-List-App-SwiftUI-MVVM
MVVM,repo_search,MVVM,646520427,jackj044/FoodFest_SwiftUI,FoodFest_SwiftUI,FoodFest_SwiftUI : This is POC is demonstrating SwiftUI with MVVM Architecture.,"ios,ios-swift,swift,swiftui",1,0,1,0,Swift,2023-05-28T16:57:38Z,2023-11-18T12:56:02Z,https://github.com/jackj044/FoodFest_SwiftUI
MVVM,repo_search,MVVM,745816927,PrajwalUnaik/AppleMusic_Clone,AppleMusic_Clone,AppleMusic_Clone made with Swiftui and MVVM,,1,0,1,0,Swift,2024-01-20T08:22:05Z,2025-06-18T14:13:27Z,https://github.com/PrajwalUnaik/AppleMusic_Clone
MVVM,repo_search,MVVM,921305010,angelosstampoulisgithub/SwiftUIMVVM,SwiftUIMVVM,I made this simple iOS app in SwiftUI as an example of MVVM Pattern,,1,0,1,0,Swift,2025-01-23T17:57:30Z,2025-01-23T18:01:51Z,https://github.com/angelosstampoulisgithub/SwiftUIMVVM
MVVM,repo_search,MVVM,607637622,piyushsingh9862/Map-App-iOS-,Map-App-iOS-,A swiftUI Map App on MVVM architecture,,1,0,1,0,Swift,2023-02-28T11:33:53Z,2023-09-01T10:12:47Z,https://github.com/piyushsingh9862/Map-App-iOS-
MVVM,repo_search,MVVM,821354776,rabieHs/Food-Ordering,Food-Ordering,a food ordering application using swiftui mvvm,,1,0,1,0,Swift,2024-06-28T10:58:42Z,2024-12-11T06:13:43Z,https://github.com/rabieHs/Food-Ordering
MVVM,repo_search,MVVM,251668010,iPonCode/myHeroes,myHeroes,SwiftUI List App implemented with a MVVM,,1,0,1,0,Swift,2020-03-31T16:44:27Z,2023-10-16T18:19:45Z,https://github.com/iPonCode/myHeroes
MVVM,repo_search,MVVM,397027163,jasjeev4/CardFlip-Game,CardFlip-Game, SwiftUI MVVM designed memory game of cards.,,1,1,1,0,Swift,2021-08-17T00:26:06Z,2026-03-07T18:03:01Z,https://github.com/jasjeev4/CardFlip-Game
MVVM,repo_search,MVVM,808253062,ivandzz/EmotionTrack,EmotionTrack,"Swift Student Challenge 2024 application (SwiftUI, MVVM)",,1,0,1,0,Swift,2024-05-30T17:29:04Z,2024-11-11T11:15:28Z,https://github.com/ivandzz/EmotionTrack
MVVM,repo_search,MVVM,921328708,PollyVern/PetApp,PetApp,[In progress]: iOS App SwiftUI + MVVM + Combine + ...,,1,0,1,0,Swift,2025-01-23T18:50:33Z,2025-01-29T19:25:39Z,https://github.com/PollyVern/PetApp
MVVM,repo_search,MVVM,198894040,mustafaozhan/HackerNews,HackerNews,MVVM HackerNews app with SwiftUI and Combine,,1,0,1,0,Swift,2019-07-25T20:01:48Z,2022-11-20T10:59:33Z,https://github.com/mustafaozhan/HackerNews
MVVM,repo_search,MVVM,853735542,shuklansh/Inspination-iOS,Inspination-iOS,Wallpaper app for iOS using swiftUi MVVM,"ios,ios17,swiftui,urlsession,wkweb",1,0,1,0,Swift,2024-09-07T11:46:02Z,2025-01-02T18:32:52Z,https://github.com/shuklansh/Inspination-iOS
MVVM,repo_search,MVVM,348201583,mitsuse/prism,prism,An ObservableObject provider for MVVM in SwiftUI.,,1,0,1,0,Swift,2021-03-16T03:28:52Z,2022-12-29T11:29:39Z,https://github.com/mitsuse/prism
MVVM,repo_search,MVVM,666880983,mhouston8/ChatApp,ChatApp,Chat application written in SwiftUI using MVVM.,,1,0,1,0,Swift,2023-07-15T22:37:42Z,2023-10-06T11:54:31Z,https://github.com/mhouston8/ChatApp
MVVM,repo_search,MVVM,191895756,konroj/Combine-MVVM-Sample,Combine-MVVM-Sample,This is a sample project using new Combine and SwiftUI frameworks.,,1,1,1,0,Swift,2019-06-14T07:22:23Z,2023-11-21T04:36:02Z,https://github.com/konroj/Combine-MVVM-Sample
MVVM,repo_search,MVVM,632446064,mrPronin/ios-geofencing-demo,ios-geofencing-demo,SwiftUI geofencing iOS app demo with MVVM,,1,0,1,0,Swift,2023-04-25T12:27:56Z,2024-04-23T15:06:13Z,https://github.com/mrPronin/ios-geofencing-demo
MVVM,repo_search,MVVM,985834507,5akda/BuggyCoinsSwiftUI,BuggyCoinsSwiftUI,BuggyCoins is a stupid SwiftUI + MVVM app,,1,0,1,0,Swift,2025-05-18T16:13:45Z,2025-05-26T16:04:39Z,https://github.com/5akda/BuggyCoinsSwiftUI
MVVM,repo_search,MVVM,457660638,konopat/CanDoIt,CanDoIt,"SwiftUI ToDo (drag and drop, CoreData, MVVM)","coredata,drag-and-drop,mvvm,swiftui,todo,todolist",1,0,1,0,Swift,2022-02-10T06:39:27Z,2022-02-15T09:24:58Z,https://github.com/konopat/CanDoIt
MVVM,repo_search,MVVM,320005210,Sullivan677/List-Firestore-SwiftUI,List-Firestore-SwiftUI,A simple list fetching data from Firestore using SwiftUI MVVM pattern. ,"firebase,firestore,swiftui",1,0,1,0,Swift,2020-12-09T15:52:03Z,2021-10-01T07:36:18Z,https://github.com/Sullivan677/List-Firestore-SwiftUI
MVVM,repo_search,MVVM,409869255,NilaakashSingh/MovieDatabase,MovieDatabase,"Demo Repo made in SwiftUI, SwiftAsync, MVVM",,1,0,1,0,Swift,2021-09-24T07:14:52Z,2021-11-21T15:20:20Z,https://github.com/NilaakashSingh/MovieDatabase
MVVM,repo_search,MVVM,283848028,Standwerth/Standwerth-SwiftUI-Core-Data-Relationships-with-MVVM,Standwerth-SwiftUI-Core-Data-Relationships-with-MVVM,,,1,0,1,0,Swift,2020-07-30T18:24:03Z,2020-11-26T08:54:16Z,https://github.com/Standwerth/Standwerth-SwiftUI-Core-Data-Relationships-with-MVVM
MVVM,repo_search,MVVM,543655353,leovido/mvvm-pokedex-async,mvvm-pokedex-async,Pokedex in MVVM and Swift 5.7 using SwiftUI and async/await,,1,0,1,0,Swift,2022-09-30T15:02:18Z,2023-01-31T20:30:42Z,https://github.com/leovido/mvvm-pokedex-async
MVVM,repo_search,MVVM,1161499090,Sheikh-Zonish/ios-weather-dashboard-swiftui,ios-weather-dashboard-swiftui,"Native iOS Weather App built with SwiftUI, MVVM, async/await, SwiftData & MapKit.",,1,0,1,0,Swift,2026-02-19T07:12:19Z,2026-03-07T09:53:11Z,https://github.com/Sheikh-Zonish/ios-weather-dashboard-swiftui
MVVM,repo_search,MVVM,929494709,malkovks/ToDo_SwiftUI,ToDo_SwiftUI,"📋✅🖥️ Basic example of SwiftUI app using MVVM, Swift data.",,1,0,1,0,Swift,2025-02-08T17:19:48Z,2025-04-15T09:37:06Z,https://github.com/malkovks/ToDo_SwiftUI
MVVM,repo_search,MVVM;Model View ViewModel;Model-View-ViewModel,754431090,amarasagekar/OnlineGroceriesShop_SwiftUI,OnlineGroceriesShop_SwiftUI,App natively for iOS using the MVVM (Model-View-ViewModel) architecture,,1,0,1,0,Swift,2024-02-08T03:06:55Z,2024-02-10T15:51:19Z,https://github.com/amarasagekar/OnlineGroceriesShop_SwiftUI
MVVM,repo_search,MVVM,283674023,deepak945516/InstagramSwiftUI,InstagramSwiftUI,Best SwiftUI demo project for the learning. #iOS #swift #SwiftUI #Xcode #MVVM,,1,0,1,0,Swift,2020-07-30T05:01:35Z,2021-03-10T12:38:15Z,https://github.com/deepak945516/InstagramSwiftUI
MVVM,repo_search,MVVM,742486162,PedroHenrique-42/vollmed-swiftui,vollmed-swiftui,"Aplicativo desenvolvido em SwiftUI durante a formação da ""Evolua Apps em SwiftUI: CRUD, MVVM e Autenticação"".",,1,0,1,0,Swift,2024-01-12T15:32:02Z,2024-08-17T18:56:55Z,https://github.com/PedroHenrique-42/vollmed-swiftui
MVVM,repo_search,MVVM,1051291485,pepecode1/todo-swiftui,todo-swiftui,"A simple todo list app built with SwiftUI, featuring clean architecture, MVVM, services and unit testing.",,1,0,1,0,Swift,2025-09-05T18:35:09Z,2025-10-13T17:36:57Z,https://github.com/pepecode1/todo-swiftui
MVVM,repo_search,MVVM,621442018,Colstin/swiftui-m4,swiftui-m4,"Recipe List App, that uses a tabview to switch between a featured list menu and then a full list of available recipes that calculate the serving size. ","json,mvvm,swiftui,xcode",1,0,1,0,Swift,2023-03-30T17:07:32Z,2023-04-26T00:49:06Z,https://github.com/Colstin/swiftui-m4
MVVM,repo_search,MVVM,910934121,Ahmed-Amin-Hassan-Ismail/GetFix_SwiftUI,GetFix_SwiftUI,"This app is created from scratch using SwiftUI, MVVM, Combine, and Asyc/Await",,1,0,1,0,Swift,2025-01-01T20:43:49Z,2025-10-07T08:52:29Z,https://github.com/Ahmed-Amin-Hassan-Ismail/GetFix_SwiftUI
MVVM,repo_search,MVVM,766247893,laanayabdrzak/EmailSwiftUI,EmailSwiftUI,make an email from within a SwiftUI app,"mvvm,swiftui",1,0,1,0,Swift,2024-03-02T18:30:55Z,2024-04-03T14:16:24Z,https://github.com/laanayabdrzak/EmailSwiftUI
MVVM,repo_search,MVVM,655244697,pradeepgian/SwiftUI-Popular-Movies-App,SwiftUI-Popular-Movies-App,"Sample SwiftUI App with MVVM architecture, Combine framework, and Clean Architecture principles",,1,1,1,0,Swift,2023-06-18T10:25:29Z,2023-07-12T10:25:49Z,https://github.com/pradeepgian/SwiftUI-Popular-Movies-App
MVVM,repo_search,MVVM,456588087,radhimighri/TwitterApp-SwiftUI,TwitterApp-SwiftUI,Twitter clone App made with SwiftUI 3.0 & FireBase & MVVM & Combine & Dependency Injection...,,1,0,1,0,Swift,2022-02-07T16:33:33Z,2024-05-27T22:08:43Z,https://github.com/radhimighri/TwitterApp-SwiftUI
MVVM,repo_search,MVVM,888927344,KsArt-IT/News-SwiftUI-iOS,News-SwiftUI-iOS,"iOS, Swift, SwiftUI, Clean Architecture, Clen Code, MVVM, Swinject, The News API",,1,0,1,0,Swift,2024-11-15T09:19:15Z,2024-12-14T01:25:08Z,https://github.com/KsArt-IT/News-SwiftUI-iOS
MVVM,repo_search,MVVM,756958071,thiagosprestes/sneakers-app-swift,sneakers-app-swift,Um app simples pra praticar SwiftUi e MVVM,,1,0,1,0,Swift,2024-02-13T16:28:31Z,2024-02-13T18:21:24Z,https://github.com/thiagosprestes/sneakers-app-swift
MVVM,repo_search,MVVM,752234241,Rohit-Kothawale/SpaceX-Mission,SpaceX-Mission,SpaceX mission iOS application using SwiftUI and MVVM.,,1,0,1,0,Swift,2024-02-03T12:37:15Z,2024-02-03T21:35:22Z,https://github.com/Rohit-Kothawale/SpaceX-Mission
MVVM,repo_search,MVVM,197257865,mustafaozhan/GitHubSearch,GitHubSearch,GitHub Search API with SwiftUI Combine and MVVM,,1,0,1,0,Swift,2019-07-16T19:48:40Z,2022-11-20T10:59:28Z,https://github.com/mustafaozhan/GitHubSearch
MVVM,repo_search,MVVM,529244763,PawelSobaszek/CubicCalculatoriOS,CubicCalculatoriOS,App for calculating cubics - SwiftUI/CoreData/MVVM/Protocols,,1,0,1,0,Swift,2022-08-26T12:15:12Z,2023-10-22T18:29:06Z,https://github.com/PawelSobaszek/CubicCalculatoriOS
MVVM,repo_search,MVVM,856603451,vhenriquebm/WhatsApp,WhatsApp,Messaging app built with SwiftUI and MVVM 💬,,1,0,1,0,Swift,2024-09-12T21:36:33Z,2025-04-12T15:22:16Z,https://github.com/vhenriquebm/WhatsApp
MVVM,repo_search,MVVM,924066766,algoscienceacademy/Food-Delivery-app,Food-Delivery-app,Food Delivery SwiftUI App using Modern MVVM Pattern  .,"food,food-app,food-delivery,food-delivery-application,swift,swiftui",1,0,1,0,Swift,2025-01-29T11:02:35Z,2025-02-04T13:29:44Z,https://github.com/algoscienceacademy/Food-Delivery-app
MVVM,repo_search,MVVM,265224665,GireshD/AppleStockSwiftUI,AppleStockSwiftUI,Apple stocks demo app in SwiftUI with MVVM,,1,0,1,0,Swift,2020-05-19T11:10:23Z,2023-08-11T10:29:37Z,https://github.com/GireshD/AppleStockSwiftUI
MVVM,repo_search,MVVM,574567795,Kaaveh/NewYearWelcome,NewYearWelcome,An iOS app with MVVM arc and SwiftUI,"ios,mvvm,swiftui",1,0,1,0,Swift,2022-12-05T15:40:36Z,2023-10-07T09:55:58Z,https://github.com/Kaaveh/NewYearWelcome
MVVM,repo_search,MVVM,968875132,afsalkp007/InstagramFeedCloneApp,InstagramFeedCloneApp,Sample Instagram Feed Clone using SwiftUI + MVVM architecture,,1,0,1,0,Swift,2025-04-18T22:36:13Z,2025-05-17T17:12:59Z,https://github.com/afsalkp007/InstagramFeedCloneApp
MVVM,repo_search,MVVM,785171281,capitan112/CityWeather,CityWeather,Small project with SwiftUI and Combine using MVVM,,1,0,1,0,Swift,2024-04-11T10:45:02Z,2024-07-06T15:34:14Z,https://github.com/capitan112/CityWeather
MVVM,repo_search,MVVM,749211614,ymnberkay/RickAndMorty,RickAndMorty,Rick and morty app using swiftUI and MVVM ,,1,0,1,0,Swift,2024-01-27T22:23:02Z,2026-02-08T15:20:54Z,https://github.com/ymnberkay/RickAndMorty
MVVM,repo_search,MVVM,622522919,alkincakiralar1996/OpenAI-Translator,OpenAI-Translator,Example translator app using openAI with SwiftUI+MVVM,,1,0,1,0,Swift,2023-04-02T11:22:57Z,2023-12-25T06:15:16Z,https://github.com/alkincakiralar1996/OpenAI-Translator
MVVM,repo_search,MVVM,536552240,barisozgenn/CryptoTrackSwiftUI,CryptoTrackSwiftUI,Crypto & Portfolio Track app SwiftUI iOS 16 MVVM,,1,0,1,0,Swift,2022-09-14T11:45:37Z,2022-12-30T18:27:46Z,https://github.com/barisozgenn/CryptoTrackSwiftUI
MVVM,repo_search,MVVM,354845359,London-p/SideMenuStarbucks,SideMenuStarbucks,Custom side menu view using MVVM and SwiftUI.,,1,0,1,0,Swift,2021-04-05T13:32:44Z,2021-05-03T03:57:31Z,https://github.com/London-p/SideMenuStarbucks
MVVM,repo_search,MVVM,1037544449,AndreiRech/APIChallange,APIChallange,💻 Introduction to API and MVVM in SwiftUI,"mvvm,swift,swiftui",1,0,1,0,Swift,2025-08-13T18:26:59Z,2025-08-28T20:20:34Z,https://github.com/AndreiRech/APIChallange
MVVM,repo_search,MVVM,895782832,acs027/MyMovieApp,MyMovieApp,A movie discovery app built with SwiftUI(MVVM),"alamofire,coredata,ios,mvvm,swiftui",1,0,1,0,Swift,2024-11-28T22:33:53Z,2026-01-28T04:20:51Z,https://github.com/acs027/MyMovieApp
MVVM,repo_search,MVVM,809090251,andrediasgustavo/cryptoSwiftUIApp,cryptoSwiftUIApp,A SwiftUI with combine in MVVM architecture pattern ,,1,0,1,0,Swift,2024-06-01T16:52:27Z,2024-06-29T17:42:14Z,https://github.com/andrediasgustavo/cryptoSwiftUIApp
MVVM,repo_search,MVVM,1012980388,zeynep-yildiz/ModernistCase,ModernistCase,iOS User List App with Favorites - SwiftUI MVVM,,1,0,1,0,Swift,2025-07-03T07:17:49Z,2025-08-28T07:19:54Z,https://github.com/zeynep-yildiz/ModernistCase
MVVM,repo_search,MVVM,676070516,oructarverdiyev/twitter-swiftui,twitter-swiftui,,"firebase,mvvm,swift,swiftui,twitter",1,0,1,0,Swift,2023-08-08T11:16:06Z,2023-08-08T13:09:02Z,https://github.com/oructarverdiyev/twitter-swiftui
MVVM,repo_search,MVVM,666997186,ngalinos95/SuperHero_SwiftUI,SuperHero_SwiftUI,An iOS project on Swift UI  and MVVM design pattern using the SuperHero API,"ios-app,mvvm-architecture,snapshot-testing,swiftui,unit-testing",1,0,1,0,Swift,2023-07-16T09:46:45Z,2024-11-12T17:45:31Z,https://github.com/ngalinos95/SuperHero_SwiftUI
MVVM,repo_search,MVVM,853660824,rafiulhasanarb/GroceriesAppSwiftUI,GroceriesAppSwiftUI,Grocery App building with SwiftUI and MVVM Architecture,,1,0,1,0,Swift,2024-09-07T07:00:47Z,2024-09-08T16:38:50Z,https://github.com/rafiulhasanarb/GroceriesAppSwiftUI
MVVM,repo_search,MVVM,468785136,back-87/NimbleCRUD,NimbleCRUD,An intuitive CRUD solution written in MVVM SwiftUI,,1,0,1,0,Swift,2022-03-11T14:37:06Z,2022-06-01T09:51:48Z,https://github.com/back-87/NimbleCRUD
MVVM,repo_search,MVVM,1020767555,dan-tt/swift-clean-architecture-mvvm,swift-clean-architecture-mvvm,"A modern iOS application built with SwiftUI and Swift Package Manager, featuring Clean Architecture principles with a feature-based presentation layer, tabbed interface, and comprehensive examples of SwiftUI capabilities.",,1,0,1,0,Swift,2025-07-16T11:12:17Z,2025-10-09T21:54:59Z,https://github.com/dan-tt/swift-clean-architecture-mvvm
MVVM,repo_search,MVVM,812133253,jjcode22/LuxeCab-iOS-SwiftUI-MVVM-MapKit,LuxeCab-iOS-SwiftUI-MVVM-MapKit,A cab booking app like Uber or Ola in SwiftUI using MapKit,,1,0,1,0,Swift,2024-06-08T03:44:52Z,2024-06-18T06:38:39Z,https://github.com/jjcode22/LuxeCab-iOS-SwiftUI-MVVM-MapKit
MVVM,repo_search,MVVM,890254275,SofianeKhedim/MovieApp---SwiftUI---MVVM---TheMovieDbApi,MovieApp---SwiftUI---MVVM---TheMovieDbApi,,,1,0,1,0,Swift,2024-11-18T09:01:47Z,2025-07-01T14:12:43Z,https://github.com/SofianeKhedim/MovieApp---SwiftUI---MVVM---TheMovieDbApi
MVVM,repo_search,MVVM,832159150,scotteg/RxSwift-SwiftUI,RxSwift-SwiftUI,An iOS app project that demonstrates using RxSwift with SwiftUI with the MVVM architecture.,,1,0,1,0,Swift,2024-07-22T13:07:00Z,2024-07-22T21:57:14Z,https://github.com/scotteg/RxSwift-SwiftUI
MVVM,repo_search,MVVM,387919436,MTevangelista/swiftui-taskmanager-app,swiftui-taskmanager-app,Task Manager App made for iOS 13+. This repo was created to practice SwiftUI with MVVM,"charts,combine,formurlencoded,interactors,json-decoder,localstorage,modifiers,mvvm-pattern,observableobject,observedobject,router,swift,swiftui,urlsession",1,0,1,0,Swift,2021-07-20T21:36:33Z,2021-12-08T00:00:50Z,https://github.com/MTevangelista/swiftui-taskmanager-app
MVVM,repo_search,MVVM,946547593,KsArt-IT/HabitCurrent-SwiftUI-iOS,HabitCurrent-SwiftUI-iOS,"iOS, Swift, SwiftUI, Clean Architecture, Clen Code, MVVM, DI, SwiftData, Habit Flow",,1,0,1,0,Swift,2025-03-11T10:06:58Z,2025-03-14T00:52:14Z,https://github.com/KsArt-IT/HabitCurrent-SwiftUI-iOS
MVVM,repo_search,MVVM,787511325,enesozmus/SwiftUI-Airbnb-Clone,SwiftUI-Airbnb-Clone,SwiftUI Airbnb Clone | iOS 17 | Xcode 15,"ios17,mapkit,mvvm,swift",1,0,1,0,Swift,2024-04-16T16:58:57Z,2024-04-26T13:56:30Z,https://github.com/enesozmus/SwiftUI-Airbnb-Clone
MVVM,repo_search,MVVM,766243978,laanayabdrzak/PhoneCallSwiftUIApp,PhoneCallSwiftUIApp,make a telephone call from within a SwiftUI App,"mvvm,swiftui",1,0,1,0,Swift,2024-03-02T18:17:52Z,2024-03-07T01:11:06Z,https://github.com/laanayabdrzak/PhoneCallSwiftUIApp
MVVM,repo_search,MVVM,1086197885,NandParikh/CombineMVVMSwiftUI,CombineMVVMSwiftUI,This project will show the use of Combine framework in SwiftUI with search Github user feature.,,1,0,1,0,Swift,2025-10-30T04:47:59Z,2025-10-30T13:29:52Z,https://github.com/NandParikh/CombineMVVMSwiftUI
MVVM,repo_search,MVVM,694526340,shawaf/SwiftUI-Instagram-Clone,SwiftUI-Instagram-Clone,A clone version of instagram app build by SwiftUI and Firebase Firestore and Uses MVVM Pattern,,1,1,1,0,Swift,2023-09-21T07:13:12Z,2023-09-25T23:09:37Z,https://github.com/shawaf/SwiftUI-Instagram-Clone
MVVM,repo_search,MVVM,337827716,ddddeano/SwiftUI-2.0-Core-Data-Connection---CRUD-Operations---MVVM-Pattern---SwiftUI-2.0-Tutorials,SwiftUI-2.0-Core-Data-Connection---CRUD-Operations---MVVM-Pattern---SwiftUI-2.0-Tutorials,Kavsoft SwiftUI 2.0 Core Data Connection - CRUD Operations - MVVM Pattern - SwiftUI 2.0 Tutorials,,1,1,1,0,Swift,2021-02-10T19:14:25Z,2022-03-27T14:49:40Z,https://github.com/ddddeano/SwiftUI-2.0-Core-Data-Connection---CRUD-Operations---MVVM-Pattern---SwiftUI-2.0-Tutorials
MVVM,repo_search,MVVM,969124680,rajani-dev7/Modular-E-Commerce-App-SwiftUI-Combine-MVVM-Clean-Architecture-,Modular-E-Commerce-App-SwiftUI-Combine-MVVM-Clean-Architecture-,,,1,0,1,0,Swift,2025-04-19T12:50:57Z,2025-04-24T19:15:13Z,https://github.com/rajani-dev7/Modular-E-Commerce-App-SwiftUI-Combine-MVVM-Clean-Architecture-
MVVM,repo_search,MVVM,390965741,hmahaddev93/CarfaxList,CarfaxList,"Car list built with Swift, SwiftUI, Combine and MVVM",,1,0,1,0,Swift,2021-07-30T07:02:38Z,2021-08-13T08:29:15Z,https://github.com/hmahaddev93/CarfaxList
MVVM,repo_search,MVVM,489648393,pedroboga/to-do-list-swiftui,to-do-list-swiftui,A simple to-do list created in SwiftUI with MVVM. Includes support for light and dark mode.,,1,0,1,0,Swift,2022-05-07T10:58:10Z,2024-12-01T11:16:45Z,https://github.com/pedroboga/to-do-list-swiftui
MVVM,repo_search,MVVM,535062582,sometimesIdev/iTunesAPISearchApp,iTunesAPISearchApp,Apple iTunes API search App showcasing SwiftUI & MVVM achitectures,,1,0,1,0,Swift,2022-09-10T16:59:38Z,2023-01-07T00:24:16Z,https://github.com/sometimesIdev/iTunesAPISearchApp
MVVM,repo_search,MVVM,790318287,zwedoublegg/TheMouve-iOS-MVP,TheMouve-iOS-MVP,The Mouve iOS MVP built in SwiftUI - Firebase - MVVM,,1,0,1,0,,2024-04-22T16:59:31Z,2024-04-22T16:59:46Z,https://github.com/zwedoublegg/TheMouve-iOS-MVP
MVVM,repo_search,MVVM,618742830,ejolsson/Marvel-SwiftUI-Project,Marvel-SwiftUI-Project,"Bootcamp project involving MVVM architecture, SwiftUI, Combine, API connections, and testing to multiple platforms (iOS, Mac, etc.)",,1,0,1,3,Swift,2023-03-25T08:04:57Z,2023-10-23T09:29:15Z,https://github.com/ejolsson/Marvel-SwiftUI-Project
MVVM,repo_search,MVVM,502897427,SabbirHossain07/FurnitureApp,FurnitureApp,SwiftUI Furniture App UI - Hero Animations - Complex UI - MVVM ,,1,0,1,0,Swift,2022-06-13T09:51:47Z,2022-08-23T21:47:00Z,https://github.com/SabbirHossain07/FurnitureApp
MVVM,repo_search,MVVM,673042905,ajithrnayak/WeMeet,WeMeet,Demonstrate the use of SwiftUI + MVVM + CoreData + Async/await,,1,0,1,0,Swift,2023-07-31T18:30:20Z,2025-01-06T03:34:40Z,https://github.com/ajithrnayak/WeMeet
MVVM,repo_search,MVVM,504917878,developerY/GoSwift,GoSwift,MVVM with clean Arch SwiftUI / Combine / Swift structured concurrency,,1,1,1,0,Swift,2022-06-18T18:12:45Z,2023-04-21T12:57:41Z,https://github.com/developerY/GoSwift
MVVM,repo_search,MVVM,573501028,Kaaveh/simple-list,simple-list,SImple List iOS app with MVVM arc and SwiftUI,"ios,mvvm,swiftui",1,0,1,0,Swift,2022-12-02T16:00:17Z,2023-10-07T09:54:53Z,https://github.com/Kaaveh/simple-list
MVVM,repo_search,MVVM,923000622,rabieHs/Discord-clone,Discord-clone,a discord clone iOS app using swiftui supabase mvvm,,1,0,1,0,Swift,2025-01-27T13:27:35Z,2025-02-06T02:35:54Z,https://github.com/rabieHs/Discord-clone
MVVM,repo_search,MVVM,294889495,tkgshn/nestedJSONParse,nestedJSONParse,How to parse nested JSON on SwiftUI MVVM model.,"swiftui,swiftui-example",1,1,1,0,Swift,2020-09-12T07:00:48Z,2020-09-25T12:36:32Z,https://github.com/tkgshn/nestedJSONParse
MVVM,repo_search,MVVM,477922826,mlpdleal/to-do-list-app,to-do-list-app,IOS Swift app using MVVM Architecture and SwiftUI Framework,,1,0,1,0,Swift,2022-04-05T00:38:55Z,2022-09-29T14:01:14Z,https://github.com/mlpdleal/to-do-list-app
MVVM,repo_search,MVVM,743108808,alin19xx/TodoApp,TodoApp,"Todo List App with SwiftUI + MVVM, Combine and Firebase",,1,0,1,0,Swift,2024-01-14T11:08:17Z,2025-02-12T09:57:48Z,https://github.com/alin19xx/TodoApp
MVVM,repo_search,MVVM,419368689,ratulchhibber/GithubSearch,GithubSearch,GitHub Search | SwiftUI | Combine | Dependency Injection | MVVM | Persistence | Pagination,,1,0,1,0,Swift,2021-10-20T14:39:47Z,2024-07-03T17:37:14Z,https://github.com/ratulchhibber/GithubSearch
MVVM,repo_search,MVVM,645512366,illescasDaniel/CabiShop,CabiShop,Shopping demo app in SwiftUI using MVVM clean architecture,"app,clean,ios,mvvm,swiftui",1,1,1,0,Swift,2023-05-25T20:30:53Z,2024-06-26T14:54:50Z,https://github.com/illescasDaniel/CabiShop
MVVM,repo_search,MVVM,754836620,prabhatVinsol/Movies,Movies,"This is demo app with SwiftUI, MVVM, Combine, Modularization",,1,0,1,0,Swift,2024-02-08T21:19:27Z,2024-02-10T15:51:35Z,https://github.com/prabhatVinsol/Movies
MVVM,repo_search,MVVM,1063393707,vovatesla/weather-app-swiftui-combine,weather-app-swiftui-combine,"iOS weather app using SwiftUI + Combine (MVVM), Core Data cache, OpenWeather API, geolocation and 5‑day forecast",,1,0,1,0,Swift,2025-09-24T15:06:42Z,2025-09-25T15:18:31Z,https://github.com/vovatesla/weather-app-swiftui-combine
MVVM,repo_search,MVVM,685273397,michaeldadzie/headlinr,headlinr,"SwiftUI news app using MVVM architecture, Combine and WebKit","combine,swift,swiftui,webkit",1,0,1,0,Swift,2023-08-30T21:55:15Z,2023-12-06T09:21:04Z,https://github.com/michaeldadzie/headlinr
MVVM,repo_search,MVVM,631197008,myildirim48/UberClone,UberClone,"This is a tutorial app. SwiftUI, MapKit, MVVM, Firebase",,1,1,1,0,Swift,2023-04-22T08:43:00Z,2023-10-01T19:47:12Z,https://github.com/myildirim48/UberClone
MVVM,repo_search,MVVM,663656656,iNoor72/GitHubReposFinder-SwiftUI,GitHubReposFinder-SwiftUI,"This is a project to browse GitHub repositories, built using SwiftUI, Combine, and MVVM.",,1,0,1,0,Swift,2023-07-07T20:05:01Z,2023-11-03T04:34:50Z,https://github.com/iNoor72/GitHubReposFinder-SwiftUI
MVVM,repo_search,MVVM,955802044,ghoshitvora/SwiftUI-Combine,SwiftUI-Combine,This project integrates SwiftUI with Combine for efficient asynchronous network requests using an API Manager and follows the MVVM architecture.,,1,0,1,0,Swift,2025-03-27T08:12:48Z,2025-09-12T13:23:36Z,https://github.com/ghoshitvora/SwiftUI-Combine
MVVM,repo_search,MVVM,344990235,luthfipun/SwiftUI-JWT-Authentication,SwiftUI-JWT-Authentication,,"ios-swift,jwt,jwt-authentication,mvvm,swiftui",1,0,1,0,Swift,2021-03-06T02:52:11Z,2021-09-29T21:10:10Z,https://github.com/luthfipun/SwiftUI-JWT-Authentication
MVVM,repo_search,MVVM,247541186,willyelns/OpenWeatherAPI-SwiftUI,OpenWeatherAPI-SwiftUI,An iOS Application using SwiftUI and MVVM to create a Base Architecture to create apps using SwiftUI,,1,0,1,0,Swift,2020-03-15T19:56:41Z,2021-03-28T02:27:13Z,https://github.com/willyelns/OpenWeatherAPI-SwiftUI
MVVM,repo_search,MVVM,708743296,Carlos-Morgado/rick-and-morty-swiftui,rick-and-morty-swiftui,This project is about to build a Rick and Morty themed iOS app using MVVM architecture and SwiftUI framework.,,1,0,1,0,Swift,2023-10-23T09:51:52Z,2023-11-20T12:15:21Z,https://github.com/Carlos-Morgado/rick-and-morty-swiftui
MVVM,repo_search,MVVM,889212086,WeirenZhang/SwiftUI_Movie,SwiftUI_Movie,一款基於 SwiftUI + MVVM + TCA (Combine) + Clean Architecture 的電影時刻表 App 完整項目。,,1,0,1,0,Swift,2024-11-15T20:38:18Z,2025-09-03T07:44:25Z,https://github.com/WeirenZhang/SwiftUI_Movie
MVVM,repo_search,MVVM,1198932575,EEEEERIKO/swiftui-repository-pattern-demo,swiftui-repository-pattern-demo,"SwiftUI iOS app demonstrating MVVM architecture and Repository Pattern, with JSON decoding, DTO-to-domain mapping, and unit testing.",,1,0,1,0,Swift,2026-04-01T22:44:57Z,2026-04-01T22:48:22Z,https://github.com/EEEEERIKO/swiftui-repository-pattern-demo
MVVM,repo_search,MVVM,522116371,sorawitt/iTax-Clone-SwiftUI,iTax-Clone-SwiftUI,📱 iTax clone built for practicing the SwiftUI framework and the main concepts of the MVVM architecture.,,1,0,1,0,Swift,2022-08-07T04:35:20Z,2024-08-15T13:43:39Z,https://github.com/sorawitt/iTax-Clone-SwiftUI
MVVM,repo_search,MVVM,476628577,seungyeub/awesome-swiftui-styling,awesome-swiftui-styling,"Awesome IOS Styling with SwiftUI, Animation, Effects, Gesture ⭐️","animation,gesture,ios,mvvm,swift,swiftui",1,0,1,0,Swift,2022-04-01T08:01:45Z,2022-04-05T05:35:21Z,https://github.com/seungyeub/awesome-swiftui-styling
MVVM,repo_search,MVVM,446805271,iYezan/AirBooking-SwiftUI,AirBooking-SwiftUI,An application for discovering most popular places.  The project uses MVVM architecture and a container view like LazyGrid and ScrollView.  ,,1,0,1,0,Swift,2022-01-11T12:07:48Z,2022-07-23T15:17:18Z,https://github.com/iYezan/AirBooking-SwiftUI
MVVM,repo_search,MVVM,903544973,malindu21/Tesla-Clone,Tesla-Clone,SwiftUI MVVM Tesla clone app showcasing sleek UI and features.,,1,0,1,0,Swift,2024-12-14T21:50:26Z,2024-12-16T02:17:04Z,https://github.com/malindu21/Tesla-Clone
MVVM,repo_search,MVVM,785185604,silencepeaceoff/SimpleCoins,SimpleCoins,"SwiftUI app, MVVM Architecture, Combine & CoreData, use free API CoinGecko",,1,0,1,0,Swift,2024-04-11T11:23:54Z,2024-04-11T11:44:24Z,https://github.com/silencepeaceoff/SimpleCoins
MVVM,repo_search,MVVM,562985668,noxo/IosSimpleMvvm,IosSimpleMvvm,Simple IOS MVVM exercise using latest buzzword tech,"combine,ios,mvvm,restful-api,swiftui",1,0,1,0,Swift,2022-11-07T17:07:16Z,2023-07-18T14:05:28Z,https://github.com/noxo/IosSimpleMvvm
MVVM,repo_search,MVVM,658681819,JeremyTremblay2/odin,odin,School grade simulator for iOS in SwiftUI and MVVM architecture,"master-detail,mvvm-architecture,separation-of-concerns,swift,swiftui",1,0,1,0,Swift,2023-06-26T09:28:09Z,2023-06-26T11:40:52Z,https://github.com/JeremyTremblay2/odin
MVVM,repo_search,MVVM,243556518,MeTazz1/iOS-Challenge,iOS-Challenge,"A SwiftUI project, including Alamofire and using the MVVM pattern ",,1,0,1,0,Swift,2020-02-27T16:00:35Z,2020-06-01T07:05:53Z,https://github.com/MeTazz1/iOS-Challenge
MVVM,repo_search,MVVM,902995480,Akila-Gamage/Guess-game-app,Guess-game-app,"Guessing the answer for math questions - swift, swiftUI, MVVM architecture ",,1,0,1,0,Swift,2024-12-13T17:47:01Z,2024-12-16T11:48:03Z,https://github.com/Akila-Gamage/Guess-game-app
MVVM,repo_search,MVVM,515848658,safarsafarov/Mappy-iOS,Mappy-iOS,Mappy - SwiftUI MVVM app that shows popular destinations in Europe,,1,0,1,0,Swift,2022-07-20T05:42:03Z,2025-04-09T17:50:00Z,https://github.com/safarsafarov/Mappy-iOS
MVVM,repo_search,MVVM,504628556,Harry-KNIGHT/Crypto4Fun-SwiftUI,Crypto4Fun-SwiftUI,Crypto project with Nyl Neuville,"async,coingecko-api,cryptocurrency,mvvm,swiftui",1,0,1,0,Swift,2022-06-17T18:01:06Z,2023-02-08T09:10:26Z,https://github.com/Harry-KNIGHT/Crypto4Fun-SwiftUI
MVVM,repo_search,MVVM,364041670,krupowies/MemoryGame,MemoryGame,Classic memory card game created in SwiftUI and MVVM architecture.,,1,0,1,0,Swift,2021-05-03T19:40:45Z,2021-05-28T11:00:41Z,https://github.com/krupowies/MemoryGame
MVVM,repo_search,MVVM,316881306,aaronforge/MovieSearch,MovieSearch,A Simple Movie Search App in SwiftUI with MVVM Pattern,,1,0,1,0,Swift,2020-11-29T05:15:48Z,2020-11-30T14:05:13Z,https://github.com/aaronforge/MovieSearch
MVVM,repo_search,MVVM,298539628,Iraniya/StockAppSwiftUI,StockAppSwiftUI,Apple Stock application clone using SwiftUI and MVVM design patten,,1,1,1,0,Swift,2020-09-25T10:20:56Z,2023-05-02T17:38:29Z,https://github.com/Iraniya/StockAppSwiftUI
MVVM,repo_search,MVVM,699744977,abraaoan/WeaterApp,WeaterApp,An ideia of Application using mvvm with tests and swiftUI,,1,0,1,0,Swift,2023-10-03T08:54:33Z,2023-11-03T11:44:45Z,https://github.com/abraaoan/WeaterApp
MVVM,repo_search,MVVM,493392596,SabbirHossain07/ParkingApp,ParkingApp,Replicating Parking App UI in SwiftUI with MVVM design pattern.,,1,0,1,0,Swift,2022-05-17T19:46:54Z,2022-05-20T21:22:49Z,https://github.com/SabbirHossain07/ParkingApp
MVVM,repo_search,MVVM,477423948,AliAghamirbabaei/MusicAppAnimationChallenge,MusicAppAnimationChallenge,Imagine Dragons music app animation challenge with SwiftUI in MVVM,,1,0,1,0,Swift,2022-04-03T18:04:05Z,2022-04-09T13:28:50Z,https://github.com/AliAghamirbabaei/MusicAppAnimationChallenge
MVVM,repo_search,MVVM,364653089,thaisrfernandes/MVVM_TodoList,MVVM_TodoList,iOS app basics using MVVM architecture,"animations,environment-variables,swift,swiftui,user-defaults",1,0,1,0,Swift,2021-05-05T17:16:49Z,2021-05-07T03:28:23Z,https://github.com/thaisrfernandes/MVVM_TodoList
MVVM,repo_search,MVVM,454767611,bullinnyc/GitHubRepositories,GitHubRepositories,"GitHub Repositories with token authentication, MVVM architecture and SwiftUI framework.",,1,0,1,0,Swift,2022-02-02T12:34:38Z,2024-10-17T04:39:46Z,https://github.com/bullinnyc/GitHubRepositories
MVVM,repo_search,MVVM,613653719,tonyh2021/SwiftfulCrypto,SwiftfulCrypto,"A Crypto App with SwiftUI, MVVM architecture, Combine and CoreData.","combine,crypto,ios,mvvm,swiftui",1,0,1,0,Swift,2023-03-14T02:02:23Z,2024-11-08T21:13:38Z,https://github.com/tonyh2021/SwiftfulCrypto
MVVM,repo_search,MVVM,716527648,inmiti/DragonBallSwiftUI,DragonBallSwiftUI,"App para IOS sobre DRAGONBALL usando swiftUI, combine  y MVVM",,1,0,1,0,Swift,2023-11-09T10:21:43Z,2023-11-14T17:52:33Z,https://github.com/inmiti/DragonBallSwiftUI
MVVM,repo_search,MVVM,624433986,QueenieeQ/ToDoList_Swift,ToDoList_Swift,Simple to do list app using swiftui and MVVM architecture,"clean-architecture,ios,mvvm,swift,xcode",1,0,1,0,Swift,2023-04-06T13:09:13Z,2023-04-12T04:38:03Z,https://github.com/QueenieeQ/ToDoList_Swift
MVVM,repo_search,MVVM,705280273,NilayYadav/Threads,Threads,Threads mobile iOS app clone written in SwiftUI ( MVVM Architecture ),,1,0,1,0,Swift,2023-10-15T15:20:10Z,2023-10-25T10:43:18Z,https://github.com/NilayYadav/Threads
MVVM,repo_search,MVVM,785009593,mohamedsaber00/Krypto,Krypto,"iOS crypto app built using SwiftUi, MVVM, Combine and Almofire",,1,0,1,0,Swift,2024-04-11T02:15:40Z,2024-04-11T02:16:12Z,https://github.com/mohamedsaber00/Krypto
MVVM,repo_search,MVVM,578835989,damianrydzewski/PortalPatient,PortalPatient,"Firebase, SwiftUI, MVVM, Swift Concurrency Async/Await, Swift Package Manager",,1,0,1,0,Swift,2022-12-16T01:51:10Z,2024-01-16T22:30:29Z,https://github.com/damianrydzewski/PortalPatient
MVVM,repo_search,MVVM,514820126,jason-dubon/Twitter,Twitter,Creating a Twitter Clone using SwiftUI with MVVM design pattern!,,1,0,1,0,Swift,2022-07-17T11:08:40Z,2022-07-19T15:54:01Z,https://github.com/jason-dubon/Twitter
MVVM,repo_search,MVVM,896845593,ajiedrx/gamv-swift,gamv-swift,"Simple Swift UI app implements SwiftUI, SwiftData, MVVM and Router.",,1,0,1,0,Swift,2024-12-01T12:56:15Z,2025-01-12T02:18:47Z,https://github.com/ajiedrx/gamv-swift
MVVM,repo_search,MVVM,198054739,mustafaozhan/BookSearch,BookSearch,A Simple Prject with SwiftUI and Combine written in MVVM,,1,0,1,0,Swift,2019-07-21T12:41:04Z,2022-11-20T10:59:30Z,https://github.com/mustafaozhan/BookSearch
MVVM,repo_search,MVVM,342776735,deepakiosdev/ECommerceApp,ECommerceApp,"e Commerce tab bar based SwiftUI POC app. In this  project used SwiftUI, Reactive Programming,  MVVM.",,1,0,1,0,Swift,2021-02-27T05:13:43Z,2023-08-18T23:52:48Z,https://github.com/deepakiosdev/ECommerceApp
MVVM,repo_search,MVVM,549503148,robbroadwell/CleanSwiftUI,CleanSwiftUI,Template for excessively robust architecture with SwiftUI and Combine.,"combine,mvvm,swiftui",1,1,1,0,Swift,2022-10-11T09:29:59Z,2023-03-09T20:36:11Z,https://github.com/robbroadwell/CleanSwiftUI
MVVM,repo_search,MVVM,1153290233,esekiels/cinelex-swiftui,cinelex-swiftui,"A movie discovery iOS app built with SwiftUI, featuring modular architecture, offline-first caching, runtime theme & language switching, and comprehensive test coverage.","cinelex,concurrency,esekiels,ios,mvvm,swift,swiftui,tmdb-api",1,0,1,0,Swift,2026-02-09T06:01:50Z,2026-03-15T13:27:53Z,https://github.com/esekiels/cinelex-swiftui
MVVM,repo_search,MVVM,1049290025,ayush01singh/LogoPuzzle-SwiftUI-iOS-App,LogoPuzzle-SwiftUI-iOS-App,A simple puzzle game where players guess logos by filling in letters.   Built with **SwiftUI + MVVM**,,1,0,1,0,Swift,2025-09-02T18:57:29Z,2025-10-02T13:15:41Z,https://github.com/ayush01singh/LogoPuzzle-SwiftUI-iOS-App
MVVM,repo_search,MVVM,1130463271,quangdung1905/ios-clean-architecture-swiftui-starter,ios-clean-architecture-swiftui-starter,"A production-ready iOS starter project showcasing Clean Architecture with MVVM, SwiftUI, async/await, scalable navigation, and deep link support.",,1,0,1,0,Swift,2026-01-08T14:42:47Z,2026-01-08T16:34:01Z,https://github.com/quangdung1905/ios-clean-architecture-swiftui-starter
MVVM,repo_search,MVVM,899320507,ihebdebbech/SwiftUI_template_project,SwiftUI_template_project,"this is a swiftui template to help in creating ios projects .it uses mvvm architecture , navigation tabView and a networkmanager with alamofire package ",,1,0,1,0,Swift,2024-12-06T03:06:04Z,2024-12-06T03:19:58Z,https://github.com/ihebdebbech/SwiftUI_template_project
MVVM,repo_search,MVVM,778716025,romeoflute/Guidomia-SwiftUI,Guidomia-SwiftUI,"SwiftUI app for a test exam. I made use of MVVM, protocol oriented programming, CoreData, parsing of json data from file, unit tests and other techniques",,1,0,1,0,Swift,2024-03-28T09:03:21Z,2024-03-29T12:00:13Z,https://github.com/romeoflute/Guidomia-SwiftUI
MVVM,repo_search,MVVM,262211259,MarcosiOSdev/weather-swiftUI,weather-swiftUI,"Weather API with Tutor RayWenderlich ... Combine + SwiftUI + MVVM .. I loved work with Combine , Its like Rx but super native and with autocomplete ... Thanks Apple , I love U.",,1,0,1,0,Swift,2020-05-08T02:48:56Z,2020-06-10T17:42:46Z,https://github.com/MarcosiOSdev/weather-swiftUI
MVVM,repo_search,MVVM,871177910,furkanerkorkmaz/addmile-by-headway-test-task,addmile-by-headway-test-task,"AddMile by Headway Test Task. Book Listener. Using SwiftUI, MVVM, TDD",,1,0,1,0,,2024-10-11T12:29:22Z,2025-02-23T19:32:31Z,https://github.com/furkanerkorkmaz/addmile-by-headway-test-task
MVVM,repo_search,MVVM,730327720,raveintospace/CustomAirbnb,CustomAirbnb,"SwiftUI Custom Airbnb App - MVVM, Core Data, Combine and Api Requests",,1,0,1,0,Swift,2023-12-11T17:23:45Z,2024-12-27T17:16:58Z,https://github.com/raveintospace/CustomAirbnb
MVVM,repo_search,MVVM,580716533,Abdalah98/Crypto,Crypto,"Crypto SwiftUI App with MVVM, Core Data, Combine, and API requests ",,1,0,1,0,Swift,2022-12-21T09:10:59Z,2024-05-21T08:32:56Z,https://github.com/Abdalah98/Crypto
MVVM,repo_search,MVVM,1224544192,staticpen/SplitSmart-iOS,SplitSmart-iOS,iOS app for splitting group expenses with fairness tracking | SwiftUI + MVVM,,1,1,1,0,Swift,2026-04-29T11:41:17Z,2026-04-30T23:59:00Z,https://github.com/staticpen/SplitSmart-iOS
MVVM,repo_search,MVVM,760217711,DenisEfremov71/CurrencyConverter,CurrencyConverter,SwiftUI MVVM app utilizing FreeCurrencyAPI and local storage for offline usage,,1,0,1,0,Swift,2024-02-20T02:10:40Z,2024-02-21T03:35:18Z,https://github.com/DenisEfremov71/CurrencyConverter
MVVM,repo_search,MVVM,438652958,hmahaddev93/MyCharacters,MyCharacters,"Star Wars characters from API built with Swift, SwiftUI and MVVM",,1,0,1,0,Swift,2021-12-15T14:09:33Z,2021-12-21T13:40:56Z,https://github.com/hmahaddev93/MyCharacters
MVVM,repo_search,MVVM,708536065,markhorix/SwiftUI-WeatherApp,SwiftUI-WeatherApp,"SwiftUI Weather App: A clean and intuitive iOS weather app, designed using the MVVM architecture in Swift UI, providing real-time weather updates and forecasts.","ios,ios-weather-app,json,mvvm,mvvm-architecture,swiftui,swiftui-mvvm-api,swiftuiexamp,swiftuimvvm,weather,weather-app,weatherapp",1,1,1,0,Swift,2023-10-22T20:51:34Z,2024-05-07T00:20:55Z,https://github.com/markhorix/SwiftUI-WeatherApp
MVVM,repo_search,MVVM,709608050,MohamedAdel02/Shopy,Shopy,"An ECommerce app written in Swift using SwiftUI, Combine, and MVVM","combine,firebase,ios,mvvm,swift,swiftui",1,0,1,0,Swift,2023-10-25T03:07:39Z,2025-10-23T14:16:15Z,https://github.com/MohamedAdel02/Shopy
MVVM,repo_search,MVVM,250846055,iPonCode/combineSignUp,combineSignUp,A reactive SignUp validation Form using Combine and SwiftUI in MVVM,,1,0,1,0,Swift,2020-03-28T16:47:40Z,2024-06-29T04:17:43Z,https://github.com/iPonCode/combineSignUp
MVVM,repo_search,MVVM,503546277,mlpdleal/my-training-app,my-training-app,IOS Swift app using MVVM Architecture and SwiftUI Framework + File Manager,,1,0,1,1,Swift,2022-06-14T23:05:10Z,2022-09-29T00:57:50Z,https://github.com/mlpdleal/my-training-app
MVVM,repo_search,MVVM,729869773,DanilaG/-SBER-ExchangeRates,-SBER-ExchangeRates,"Пример работы с SwiftUI, MVVM, Coordinators, SPM, R.swift, SwiftyMocky, Nimble",,1,0,1,0,Swift,2023-12-10T15:58:02Z,2024-11-21T21:51:29Z,https://github.com/DanilaG/-SBER-ExchangeRates
MVVM,repo_search,MVVM,487936419,igorlopatka/AlarmClock,AlarmClock,"Alarm clock app created with SwiftUI, UserNotifications and MVVM architectural pattern","mvvm,swiftui,usernotifications",1,0,1,0,Swift,2022-05-02T17:43:50Z,2023-10-19T02:32:14Z,https://github.com/igorlopatka/AlarmClock
MVVM,repo_search,MVVM,327338166,rapiddeveloper/CurrencyCalculator,CurrencyCalculator,"A Currency Calculator developed with SwiftUI, UIkit using the MVVM architecture",,1,0,1,0,Swift,2021-01-06T14:35:17Z,2021-02-03T17:01:20Z,https://github.com/rapiddeveloper/CurrencyCalculator
MVVM,repo_search,MVVM,1046440597,s1lent-warrior/news-reader-ios,news-reader-ios,A simple News Reader App for iOS using SwiftUI + Combine + MVVM,,1,0,1,0,Swift,2025-08-28T17:33:56Z,2026-05-06T23:56:04Z,https://github.com/s1lent-warrior/news-reader-ios
MVVM,repo_search,MVVM,1150595375,10x-oss/ios-boilerplate,ios-boilerplate,"Production-ready iOS boilerplate with MVVM, SwiftData, and modern SwiftUI patterns",,1,0,1,1,Swift,2026-02-05T13:17:09Z,2026-05-04T08:05:11Z,https://github.com/10x-oss/ios-boilerplate
MVVM,repo_search,MVVM,749823997,biiigpanda/PokedexKanto,PokedexKanto,This project has been developed in SwiftUI with the MVVM architecture,,1,0,1,0,Swift,2024-01-29T13:24:03Z,2024-02-10T15:59:44Z,https://github.com/biiigpanda/PokedexKanto
MVVM,repo_search,MVVM,312667222,naijab/github-repo-ios-app,github-repo-ios-app,"Github Find Repo with RxSwift, MVVM Design Pattern, SwiftUI : iOS App","ios-app,mvvm-pattern,rxswift,swift,swiftui",1,1,1,0,Swift,2020-11-13T19:37:11Z,2023-05-29T07:04:35Z,https://github.com/naijab/github-repo-ios-app
MVVM,repo_search,MVVM,279692850,ktan17/RxCatFact,RxCatFact,An experimental comparison of traditional MVVM vs. SwiftUI for iOS apps,,1,1,1,0,Swift,2020-07-14T21:05:16Z,2020-09-04T15:30:24Z,https://github.com/ktan17/RxCatFact
MVVM,readme_search,MVVM;Model View ViewModel,492642806,israman30/SwiftUI-Repo,SwiftUI-Repo,,,0,0,0,0,,,,https://github.com/israman30/SwiftUI-Repo
MVVM,readme_search,MVVM,857830015,iAmVishal16/Newsium,Newsium,A app to fetch new Articles by following MVVM architecture and latest iOS treands,,0,0,0,0,,,,https://github.com/iAmVishal16/Newsium
MVVM,readme_search,MVVM,897394829,zeinrezky/Scalable_Platform_SwiftUI,Scalable_Platform_SwiftUI,,,0,0,0,0,,,,https://github.com/zeinrezky/Scalable_Platform_SwiftUI
MVVM,repo_search,Model View ViewModel,614602740,0xOpenBytes/ViewModelExamples,ViewModelExamples,Example SwiftUI implementations of various ViewModels.,"examples,ios,macos,swift,swiftui,tvos,viewmodel,watchos",4,0,4,0,Swift,2023-03-15T23:40:39Z,2023-05-21T02:38:30Z,https://github.com/0xOpenBytes/ViewModelExamples
MVVM,repo_search,Model View ViewModel,773281144,sunildhiman90/KMPAppSharedViewModel,KMPAppSharedViewModel,KMPAppSharedViewModel: How to Share All Logic and ViewModel Between Android Jetpack Compose and iOS SwiftUI Apps Using Kotlin Multiplatform,,4,0,4,0,Swift,2024-03-17T08:31:05Z,2024-12-12T03:50:01Z,https://github.com/sunildhiman90/KMPAppSharedViewModel
MVVM,repo_search,Model View ViewModel,244894717,genedelisa/SwiftUI-SwiftUI-View-ViewModel.xctemplate,SwiftUI-SwiftUI-View-ViewModel.xctemplate,A simple Xcode template for generating a SwiftUI view and viewmodel,xcode-templates,1,0,1,0,Swift,2020-03-04T12:29:04Z,2024-07-26T23:32:18Z,https://github.com/genedelisa/SwiftUI-SwiftUI-View-ViewModel.xctemplate
MVVM,repo_search,Model View ViewModel;Model-View-ViewModel,471099484,DevSecDaniel/toDoListApps,toDoListApps,Proyecto creado con Arquitectura Model-View-ViewModel en SwiftUI,,1,0,1,0,Swift,2022-03-17T18:32:39Z,2022-03-17T18:33:36Z,https://github.com/DevSecDaniel/toDoListApps
MVVM,repo_search,Model View ViewModel,680568753,edonv/AVCaptureViewModel,AVCaptureViewModel,An ObservableObject view model for capturing photo/video on iOS for SwiftUI and UIKit.,"avfoundation,camera,capture,ios,movie,observableobject,observedobject,photo,stateobject,swift,swiftui,uikit,video,viewmodel",1,0,1,0,Swift,2023-08-19T17:05:44Z,2024-06-18T07:59:35Z,https://github.com/edonv/AVCaptureViewModel
MVVM,repo_search,Model View ViewModel;Model-View-ViewModel,1038669489,niyazovdaulet/GYMBRO,GYMBRO,GYMBRO is a fitness app built with SwiftUI using the MVVM (Model-View-ViewModel) architecture pattern.,,1,0,1,0,Swift,2025-08-15T16:06:08Z,2025-08-28T10:21:46Z,https://github.com/niyazovdaulet/GYMBRO
MVVM,repo_search,Model View ViewModel;Model-View-ViewModel,695233752,salvatop/AboutTheWeather,AboutTheWeather," A single-screen weather app written in Swift/SwiftUI that follows a Model-View-ViewModel (MVVM) architecture, which helps maintain separation of concerns and ensures a clean and scalable codebase.","ios,mvvm-architecture,swift,swiftui",1,1,1,2,Swift,2023-09-22T16:42:51Z,2023-11-25T01:16:45Z,https://github.com/salvatop/AboutTheWeather
MVVM,repo_search,Model View ViewModel;Model-View-ViewModel,785543870,MemoryMhou/WeChatApp,WeChatApp,"iOS app with two implementations of a product listing app, one using the Model-View-ViewModel (MVVM) pattern with SwiftUI and Alamofire, and the other utilizing the Model-View-Controller (MVC) pattern with UIKit and Alamofire. The app presents a list of shopping products and allows users to view products fetched from a REST API.",,1,0,1,0,Swift,2024-04-12T05:14:06Z,2024-04-12T17:30:23Z,https://github.com/MemoryMhou/WeChatApp
MVVM,repo_search,Model View ViewModel,883525570,Nandhuselvan17/swiftUi_ViewModel,swiftUi_ViewModel,,,0,0,0,0,Swift,2024-11-05T05:46:34Z,2024-11-05T06:30:09Z,https://github.com/Nandhuselvan17/swiftUi_ViewModel
MVVM,repo_search,Model View ViewModel,535271568,birtandeveloper/SwiftUI_ViewModel,SwiftUI_ViewModel,With this code sample you could learn how we pass data through the pages with the power of ViewModel Structure,,0,0,0,0,Swift,2022-09-11T11:06:26Z,2022-09-11T11:08:29Z,https://github.com/birtandeveloper/SwiftUI_ViewModel
MVVM,repo_search,Model View ViewModel,791275654,alin19xx/Loadable-View-ViewModel,Loadable-View-ViewModel,This component simplifies the handling of loading states and errors in SwiftUI applications,"alert,error-handling,loader,mvvm-architecture,swiftui,swiftui-components",0,0,0,1,Swift,2024-04-24T12:25:35Z,2024-12-15T17:31:02Z,https://github.com/alin19xx/Loadable-View-ViewModel
MVVM,repo_search,Model View ViewModel,504252167,katafuchix/UIKit-SwiftUI-Delegate-ViewModel-Sample,UIKit-SwiftUI-Delegate-ViewModel-Sample,Delegate for SwiftUI View from Hosting View Controller with ViewModel Example,,0,0,0,0,Swift,2022-06-16T17:47:22Z,2022-06-16T17:48:02Z,https://github.com/katafuchix/UIKit-SwiftUI-Delegate-ViewModel-Sample
MVVM,repo_search,Model View ViewModel,800041282,raddevus/ModelView,ModelView,SwiftUI to study MVVM & ViewModel explicity in a simple project.,,0,0,0,0,Swift,2024-05-13T15:32:57Z,2024-05-13T15:33:26Z,https://github.com/raddevus/ModelView
MVVM,repo_search,Model View ViewModel;Model-View-ViewModel,301561723,jcapponi/CollectionView-SwiftUI,CollectionView-SwiftUI,CollectionView en SwiftUI con patrón Model View ViewModel,,0,0,0,0,Swift,2020-10-05T23:12:38Z,2020-10-09T10:18:24Z,https://github.com/jcapponi/CollectionView-SwiftUI
MVVM,repo_search,Model View ViewModel,676655875,adpaladines/SwiftUI-Clean-Architecture-Test-cases-for-ViewModel-Repository-and-NetworkManager,SwiftUI-Clean-Architecture-Test-cases-for-ViewModel-Repository-and-NetworkManager,"Clean Architecture, SOLID Principles, Final Project ideas",,0,0,0,0,Swift,2023-08-09T17:42:41Z,2023-09-01T13:11:14Z,https://github.com/adpaladines/SwiftUI-Clean-Architecture-Test-cases-for-ViewModel-Repository-and-NetworkManager
MVVM,repo_search,Model View ViewModel;Model-View-ViewModel,743697857,juyan/swiftui-mvvmi,swiftui-mvvmi,Model-View-ViewModel-Interactor Architecture designed for SwiftUI. Scale your SwiftUI app into the next level,,0,0,0,0,Swift,2024-01-15T19:43:38Z,2024-01-15T19:44:54Z,https://github.com/juyan/swiftui-mvvmi
MVVM,repo_search,Model View ViewModel;Model-View-ViewModel,740246450,gemanepa/swiftui-statemanagement-samples,swiftui-statemanagement-samples,Examples of different state management approaches on iOS SwiftUI in the MVVM (Model-View-ViewModel) architecture,,0,0,0,0,Swift,2024-01-07T23:42:59Z,2025-03-10T19:25:01Z,https://github.com/gemanepa/swiftui-statemanagement-samples
MVVM,repo_search,Model View ViewModel;Model-View-ViewModel,844149124,javid-guluzada/todo-app-swiftui,todo-app-swiftui,A simple to-do list app built using SwiftUI and the MVVM (Model-View-ViewModel) architecture.,,0,0,0,0,Swift,2024-08-18T14:33:00Z,2024-08-18T16:40:23Z,https://github.com/javid-guluzada/todo-app-swiftui
MVVM,repo_search,Model View ViewModel;Model-View-ViewModel,506368146,Neftali-Samarey/Menu-SwiftUI-MVVM,Menu-SwiftUI-MVVM,This sample project uses SwiftUI and addresses the use of the Model View-ViewModel architecture with Combine.,,0,0,0,0,Swift,2022-06-22T18:46:53Z,2022-06-22T18:47:18Z,https://github.com/Neftali-Samarey/Menu-SwiftUI-MVVM
MVVM,repo_search,Model View ViewModel;Model-View-ViewModel,763914145,NirmalsinhRathod/SwiftUIFirebaseAuth,SwiftUIFirebaseAuth,SwiftUIFirebaseAuth App is a SwiftUI-based iOS application that implements Firebase Authentication using the MVVM (Model-View-ViewModel) architecture.,,0,0,0,0,Swift,2024-02-27T06:23:19Z,2025-11-10T09:35:10Z,https://github.com/NirmalsinhRathod/SwiftUIFirebaseAuth
MVVM,repo_search,Model View ViewModel;Model-View-ViewModel,1158654025,abhisekprusty977/MVVM-Products-App-SwiftUI,MVVM-Products-App-SwiftUI,A simple iOS application built using SwiftUI that demonstrates the MVVM (Model–View–ViewModel) architecture pattern with API integration.,,0,0,0,0,Swift,2026-02-15T18:05:27Z,2026-02-15T18:23:42Z,https://github.com/abhisekprusty977/MVVM-Products-App-SwiftUI
MVVM,repo_search,Model View ViewModel;Model-View-ViewModel,904034591,0xnalou/SwiftUI-MVVMC-Core,SwiftUI-MVVMC-Core,SwiftUI-MVVMC-Core is a module designed to support building SwiftUI applications using the MVVM-C (Model-View-ViewModel-Coordinator) architecture,"combine,design-architecture,design-patterns,mvvm-c,mvvmc,swiftui",0,0,0,0,Swift,2024-12-16T06:03:58Z,2026-02-13T21:12:27Z,https://github.com/0xnalou/SwiftUI-MVVMC-Core
MVVM,repo_search,Model View ViewModel;Model-View-ViewModel,817397133,ivansaul/SwiftUI-Map-Tour,SwiftUI-Map-Tour,A minimalistic MapTour app built with SwiftUI using MapKit. This project follows Model View ViewModel(MVVM) architecture principles for a modular and maintainable codebase.,"app,apple,combine,ios,map,mapkit,mvvm,swift,swiftui,xcode",0,0,0,0,Swift,2024-06-19T16:05:24Z,2025-06-19T05:42:08Z,https://github.com/ivansaul/SwiftUI-Map-Tour
MVVM,repo_search,Model View ViewModel,1091149096,RameshGopanwarIos/IncrementerMVVM_SwiftUI,IncrementerMVVM_SwiftUI,SwiftUi based application for displaying incremented count and a premium label for factor of 3. Contains the flow of MVVM with model and viewModel communication and view communicating with VM.,,0,0,0,0,Swift,2025-11-06T16:12:02Z,2025-11-06T16:15:12Z,https://github.com/RameshGopanwarIos/IncrementerMVVM_SwiftUI
MVVM,repo_search,Model View ViewModel;Model-View-ViewModel,909802158,ganesh-mywork19/LTC-assignment,LTC-assignment,"This is a simple iOS application built with SwiftUI, designed to demonstrate the Model-View-ViewModel (MVVM) architecture. ",,0,0,0,0,Swift,2024-12-29T20:18:04Z,2024-12-29T21:23:50Z,https://github.com/ganesh-mywork19/LTC-assignment
MVVM,repo_search,Model View ViewModel;Model-View-ViewModel,918634964,Hasan-codeislife/cryptox,cryptox,"An interactive cryptocurrency application showcasing the latest trends in MVVM (Model-View-ViewModel) architecture, SwiftUI, and advanced API handling.",,0,0,0,0,Swift,2025-01-18T13:08:36Z,2026-05-04T11:49:14Z,https://github.com/Hasan-codeislife/cryptox
MVVM,repo_search,Model View ViewModel,1031456734,dhruvappstack/SwiftUIToDoApp,SwiftUIToDoApp,"ToDoApp is a simple SwiftUI task manager built with the MVVM design pattern. Add, edit, complete, and delete tasks with a clean UI. The project demonstrates best practices for organizing SwiftUI apps using Models, Views, and ViewModels.",,0,0,0,0,Swift,2025-08-03T19:24:14Z,2025-08-03T19:31:44Z,https://github.com/dhruvappstack/SwiftUIToDoApp
MVVM,repo_search,Model View ViewModel;Model-View-ViewModel,1081810614,rinshamol/QuotesApp---SwiftUI,QuotesApp---SwiftUI,"The Quotes App is a simple SwiftUI application built using the MVVM (Model-View-ViewModel) architecture. It displays inspirational quotes and allows users to mark their favorite ones. Users can view a random quote, see the author’s name, and tap the heart icon to toggle their favorites.",,0,0,0,0,Swift,2025-10-23T10:17:58Z,2025-10-23T10:21:56Z,https://github.com/rinshamol/QuotesApp---SwiftUI
MVVM,repo_search,Model View ViewModel;Model-View-ViewModel,244240905,JuanKun/MemberID,MemberID,A simple awards gallery application built by using SwiftUI as the UI-Framework and applying Model View ViewModel as the design architecture.,,0,0,0,0,Swift,2020-03-01T23:34:17Z,2020-03-11T02:24:11Z,https://github.com/JuanKun/MemberID
MVVM,repo_search,Model View ViewModel;Model-View-ViewModel,399526374,JohanLN/ios-mvvm-GitHub-MobileApp,ios-mvvm-GitHub-MobileApp,iOS project: Cloning the GitHub web tool to mobile format.  Design pattern -> MVVM (Model View ViewModel)  Language -> Swift 5  UI Framework -> SwiftUI,,0,0,0,0,Swift,2021-08-24T16:01:10Z,2021-08-31T13:35:56Z,https://github.com/JohanLN/ios-mvvm-GitHub-MobileApp
MVVM,repo_search,Model View ViewModel;Model-View-ViewModel,1088154637,Sagarkumar2707/SwiftUIFirebase,SwiftUIFirebase,"SwiftUIFirebaseAuth App is a SwiftUI-based iOS application that implements Firebase Authentication using the MVVM (Model-View-ViewModel) architecture. It provides features such as Google signup, password reset functionality, custom text input, and seamless login experience where the user does not need to login again after closing the application.",,0,0,0,0,Swift,2025-11-02T12:29:23Z,2025-11-02T12:33:00Z,https://github.com/Sagarkumar2707/SwiftUIFirebase
MVVM,repo_search,Model View ViewModel;Model-View-ViewModel,884610592,SakethReddy-Pundru/Cocktail,Cocktail,Sample SwiftUI Application with Static Data - The application follows the MVVM (Model-View-ViewModel) architecture combined with the Coordinator pattern to manage navigation.,,0,0,0,0,Swift,2024-11-07T04:10:11Z,2024-11-11T09:58:54Z,https://github.com/SakethReddy-Pundru/Cocktail
MVVM,repo_search,Model View ViewModel;Model-View-ViewModel,667134103,matheusarmando199/ToDoList-SwiftUI-MVVM-UserDefault,ToDoList-SwiftUI-MVVM-UserDefault,"ToDoList is an intuitive and powerful app developed in SwiftUI, using the MVVM (Model-View-ViewModel) architecture along with data persistence through UserDefaults. With this combination, we offer a seamless user experience and reliable storage for your tasks.",,0,0,0,0,Swift,2023-07-16T18:46:10Z,2023-07-16T18:47:38Z,https://github.com/matheusarmando199/ToDoList-SwiftUI-MVVM-UserDefault
MVVM,repo_search,Model View ViewModel;Model-View-ViewModel,833655699,vorapulkit/SwiftUI-News-App,SwiftUI-News-App,This is a SwiftUI application that demonstrates the MVVM (Model-View-ViewModel) architecture with dependency injection managed via Swift Package Manager. The app fetches news articles using a freeware news API and presents them in a user-friendly interface. Built using Xcode 15 with a deployment target of iOS 15.,"api-integration,dependency-injection,git,ios,ios-15,mvvm,swift,swift-package-manager,swiftui,ui-testing,unit-testing,xcode-15",0,0,0,0,Swift,2024-07-25T13:36:11Z,2024-07-25T13:49:02Z,https://github.com/vorapulkit/SwiftUI-News-App
MVVM,repo_search,Model View ViewModel;Model-View-ViewModel,1141931355,Heitoorr/Calculator,Calculator,"Este projeto é uma calculadora funcional para iOS, desenvolvida para consolidar conceitos fundamentais de SwiftUI e a aplicação do padrão de arquitetura MVVM (Model-View-ViewModel).",,0,0,0,0,Swift,2026-01-25T17:17:54Z,2026-01-25T17:20:10Z,https://github.com/Heitoorr/Calculator
MVVM,repo_search,Model View ViewModel;Model-View-ViewModel,452717933,developer-academy-unina/Session-Design-Patterns-in-App-Development,Session-Design-Patterns-in-App-Development,Model-View-ViewModel (MVVM) is a good Architectural Design Pattern to guarantee high cohesion and low coupling between SwiftUI's domain entities. Here is an activity you can start from to learn how to integrate it,"architettural-design-patterns,mvvm,swift,swiftui,workshop",0,0,0,0,Swift,2022-01-27T14:37:10Z,2022-12-29T11:31:54Z,https://github.com/developer-academy-unina/Session-Design-Patterns-in-App-Development
MVVM,repo_search,Model View ViewModel;Model-View-ViewModel,1032790648,Myselfneha/MusicPlayerService,MusicPlayerService,"A simple music player app built with SwiftUI using the MVVM architecture. It displays a list of songs with title and artist using mock data. Organized into Models, Views, ViewModels, and Services folders for clean structure. Ideal for beginners exploring SwiftUI and MVVM.          ",,0,0,0,0,Swift,2025-08-05T20:40:13Z,2025-08-05T21:11:32Z,https://github.com/Myselfneha/MusicPlayerService
MVVM,repo_search,Model View ViewModel;Model-View-ViewModel,1158419566,abhisekprusty977/News-Application,News-Application,"A news reader iOS application built with SwiftUI using the MVVM (Model-View-ViewModel) architectural pattern. The app fetches top headlines from an external news API and displays them in a clean, user-friendly interface.",,0,0,0,0,Swift,2026-02-15T10:44:43Z,2026-02-15T12:37:10Z,https://github.com/abhisekprusty977/News-Application
MVVM,repo_search,Model View ViewModel;Model-View-ViewModel,717087875,oliver0828-dev/Apple-Framework-Final---Edited-Version-,Apple-Framework-Final---Edited-Version-,"Sean Allen initially designed this App in his course SwiftUI Fundamentals. I had a chance to learn about MVVM (Model View ViewModel) and other techniques. I had experience programming with SwiftUI, while Sean integrated with UIKit to directly link the users to Safari. I used SwiftUI’s “Link” to move the tabs to Safari.",,0,0,0,0,Swift,2023-11-10T14:30:11Z,2023-11-10T14:48:42Z,https://github.com/oliver0828-dev/Apple-Framework-Final---Edited-Version-
MVVM,repo_search,Model View ViewModel;Model-View-ViewModel,717087108,oliver0828-dev/Apple-Framework-Final-,Apple-Framework-Final-,"Sean Allen initially designed this App in his course SwiftUI Fundamentals. I had a chance to learn about MVVM (Model View ViewModel) and other techniques. I had experience programming with SwiftUI, while Sean integrated with UIKit to directly link the users to Safari. I used SwiftUI’s “Link” to move the tabs to Safari. T",,0,0,0,0,Swift,2023-11-10T14:28:01Z,2023-11-10T14:28:07Z,https://github.com/oliver0828-dev/Apple-Framework-Final-
MVVM,repo_search,Model View ViewModel;Model-View-ViewModel,810355528,Rakibrz/WeatherApp,WeatherApp,"The WeatherApp is a SwiftUI-based mobile application designed to provide users with real-time weather information for any specified city. The app is built using the Model-View-ViewModel (MVVM) architecture, ensuring a clean separation of concerns and a robust, maintainable codebase.","ios,ios-swift,mvvm,mvvm-ios,swiftui,weather,weather-app",0,0,0,0,Swift,2024-06-04T14:30:55Z,2024-06-05T11:00:34Z,https://github.com/Rakibrz/WeatherApp
MVVM,repo_search,Model View ViewModel,1125179324,Furqanali30/MoviesHub-MVVM-C,MoviesHub-MVVM-C,"A modern iOS Movies & TV Shows app built with SwiftUI using MVVM-C . The app leverages async/await for efficient concurrency, protocol-based dependency injection, and modular layers (Model, View and ViewModel) to ensure scalability, testability, and clean separation of concerns.",,0,0,0,0,Swift,2025-12-30T09:21:04Z,2025-12-30T10:17:07Z,https://github.com/Furqanali30/MoviesHub-MVVM-C
MVVM,repo_search,Model View ViewModel;Model-View-ViewModel,1170752377,shehanish/Stanford_CS193p,Stanford_CS193p,A modern iOS application developed as part of Stanford's CS193p (Developing Applications for iOS) course. This project demonstrates best practices in building reactive user interfaces with SwiftUI and managing data flow using the MVVM (Model-View-ViewModel) architectural pattern.,,0,0,0,0,Swift,2026-03-02T13:32:53Z,2026-03-31T15:18:32Z,https://github.com/shehanish/Stanford_CS193p
MVVM,repo_search,Model View ViewModel;Model-View-ViewModel,1235649971,aleem219/LoginWithCombine,LoginWithCombine,"This repository provides a reference implementation for performing REST API calls — including GET and POST methods — within a SwiftUI application. It demonstrates the use of Apple's Combine framework for reactive data handling, structured according to clean Model-View-ViewModel (MVVM) architectural principles.",,0,0,0,0,Swift,2026-05-11T14:22:10Z,2026-05-11T14:27:19Z,https://github.com/aleem219/LoginWithCombine
MVVM,repo_search,Model View ViewModel;Model-View-ViewModel,1193753426,55kt/DoctorApp,DoctorApp,"A SwiftUI practice project — UI implementation of a doctor appointment app based on a Figma design. Built following the MVVM architecture pattern with a clean project structure (Models, Views, ViewModels). This is a learning project focused on layout, structure, and architecture — no backend involved.",,0,0,0,0,Swift,2026-03-27T14:47:11Z,2026-04-02T17:27:29Z,https://github.com/55kt/DoctorApp
MVVM,repo_search,Model View ViewModel,1023563459,cansuozdizlekli/MobvenYoungTalentSwiftUI2025,MobvenYoungTalentSwiftUI2025,"mobvenyoungtalentswiftui2025 is a SwiftUI demo app built exclusively with the MVVM pattern. It fetches a single TODO item from https://jsonplaceholder.typicode.com/todos/1. Tap “Fetch Data” to see how the Model, View, and ViewModel layers collaborate to request, decode, and display the task.",,0,0,0,0,Swift,2025-07-21T10:53:39Z,2025-07-21T10:54:36Z,https://github.com/cansuozdizlekli/MobvenYoungTalentSwiftUI2025
MVVM,repo_search,Model View ViewModel;Model-View-ViewModel,957427720,keshavsaini2218/ToDoList,ToDoList,"This is a simple yet efficient To-Do List iOS application built using Swift and SwiftUI, following the MVVM (Model-View-ViewModel) architecture. The app allows users to add, edit, delete, and mark tasks as completed, ensuring a smooth and user-friendly task management experience.",,0,0,0,0,Swift,2025-03-30T10:53:59Z,2025-03-30T11:00:59Z,https://github.com/keshavsaini2218/ToDoList
MVVM,repo_search,Model View ViewModel;Model-View-ViewModel,745926711,Jaime-A-Perez/iOSAppTimetonic,iOSAppTimetonic,"📱This is a native iOS application developed in SwiftUI, employing the Model-View-ViewModel (MVVM) architecture. It's designed to provide a seamless and intuitive user experience, adhering to Apple's Human Interface Guidelines. This application allows users to log in using Timetonic's public API and view a list of books associated with their accoun",,0,0,0,0,Swift,2024-01-20T15:15:23Z,2024-02-11T00:54:18Z,https://github.com/Jaime-A-Perez/iOSAppTimetonic
MVVM,repo_search,Model View ViewModel;Model-View-ViewModel,859262036,Rahul-1993/WeatherAppExercise,WeatherAppExercise,"A simple weather forecasting app built using SwiftUI, following the MVVM-C (Model-View-ViewModel-Coordinator) architecture pattern. The app fetches weather data from the OpenWeatherMap API and displays it in a user-friendly interface. Users can search for weather details by city or fetch weather information using their current location.",,0,0,0,0,Swift,2024-09-18T11:16:33Z,2024-10-21T16:28:21Z,https://github.com/Rahul-1993/WeatherAppExercise
MVVM,repo_search,Model View ViewModel;Model-View-ViewModel,987513303,davenkarim/ADAKantin,ADAKantin,"ADA Kantin is a fully offline iOS app developed using Swift and SwiftUI, now refactored with a Model-View-ViewModel (MVVM) architecture. It helps learners at the Apple Developer Academy @ BINUS Tangerang (GOP 9) quickly discover and decide which meals to eat — enhanced with Siri and Shortcuts integration for hands-free experience.",,1,0,1,0,Swift,2025-05-21T07:26:10Z,2026-04-12T23:56:49Z,https://github.com/davenkarim/ADAKantin
MVVM,repo_search,Model View ViewModel;Model-View-ViewModel,732929477,onincodes/ToDoListFeature,ToDoListFeature,"This project showcases a sleek To-Do list app concept with a focus on drag-and-drop functionality. Built using SwiftUI and CoreData and following the MVVM (Model-View-ViewModel) architecture, this app is designed to demonstrate my proficiency in creating intuitive user interfaces and leveraging the CoreData framework for local data storage.",,0,0,0,0,Swift,2023-12-18T07:23:33Z,2023-12-18T09:20:58Z,https://github.com/onincodes/ToDoListFeature
MVVM,repo_search,Model View ViewModel;Model-View-ViewModel,710399639,Elaidzha1940/TodoListApp,TodoListApp,Build  a To-Do List from scratch using SwiftUI with a MVVM architecture pattern.  I also incorporate UserDefaults into the application to save and persist data between sessions.   Implemented MVVM architecture into an app and have a 100% complete app that could be submitted to the App Store!  MVVM stands for Model-View-ViewModel. ,,0,0,0,0,Swift,2023-10-26T16:02:22Z,2023-10-26T16:02:44Z,https://github.com/Elaidzha1940/TodoListApp
MVVM,readme_search,Model View ViewModel,223523965,rakesthedon/Github-SwifUI,Github-SwifUI,,,0,0,0,0,,,,https://github.com/rakesthedon/Github-SwifUI
MVVM,readme_search,Model View ViewModel,1014137894,blebrun001/Integrated-Photogrammetry-Assistant,Integrated-Photogrammetry-Assistant,Integrated Photogrammetry Assistant,,0,0,0,0,,,,https://github.com/blebrun001/Integrated-Photogrammetry-Assistant
MVVM,readme_search,Model View ViewModel,572872339,hamed8080/Talk,Talk,A sample application to show the best practice of Chat and Async SDKs.,,0,0,0,0,,,,https://github.com/hamed8080/Talk
MVVM,readme_search,Model View ViewModel,1124597358,sorty-organizer/Sorty,Sorty,Sorty: The FOSS AI File Organiser ,,0,0,0,0,,,,https://github.com/sorty-organizer/Sorty
MVVM,readme_search,Model View ViewModel,602476120,davidmansourian/CodingTestHedvig,CodingTestHedvig,,,0,0,0,0,,,,https://github.com/davidmansourian/CodingTestHedvig
MVVM,readme_search,Model View ViewModel,1183548800,zerolabsco/hutch,hutch,an ios client for sourcehut,,0,0,0,0,,,,https://github.com/zerolabsco/hutch
MVVM,readme_search,Model View ViewModel,1169458167,chrn11/legado-ios,legado-ios,Legado iOS project with GitHub Actions CI,,0,0,0,0,,,,https://github.com/chrn11/legado-ios
MVVM,readme_search,Model View ViewModel,953065829,DSWU-UMC-8th/UMC-8th-Jade,UMC-8th-Jade,,,0,0,0,0,,,,https://github.com/DSWU-UMC-8th/UMC-8th-Jade
MVVM,readme_search,Model View ViewModel,410333649,SebastianDanson/Saylo,Saylo,,,0,0,0,0,,,,https://github.com/SebastianDanson/Saylo
MVVM,readme_search,Model View ViewModel,827250984,UMC-README/front-ios,front-ios,,,0,0,0,0,,,,https://github.com/UMC-README/front-ios
MVVM,readme_search,Model View ViewModel,538028026,mui-z/GithubRepoSearcher-FlowRouter,GithubRepoSearcher-FlowRouter,SwiftUI FlowRouter ,,0,0,0,0,,,,https://github.com/mui-z/GithubRepoSearcher-FlowRouter
MVVM,readme_search,Model View ViewModel,1124576211,emiliersrd/HyroxApp,HyroxApp,,,0,0,0,0,,,,https://github.com/emiliersrd/HyroxApp
MVVM,readme_search,Model View ViewModel,1179832865,rachmatjackly/codex-thread-management,codex-thread-management,,,0,0,0,0,,,,https://github.com/rachmatjackly/codex-thread-management
MVVM,readme_search,Model View ViewModel,1046554536,jedisct1/ipcrypt-swift,ipcrypt-swift,Swift implementation of IP address encryption methods (ipcrypt),,0,0,0,0,,,,https://github.com/jedisct1/ipcrypt-swift
MVVM,readme_search,Model View ViewModel,965506711,zxcvbnmzsedr/devhaven,devhaven,,,0,0,0,0,,,,https://github.com/zxcvbnmzsedr/devhaven
MVVM,repo_search,Model-View-ViewModel,686072706,amanbind007/Cloud-synced-Todo-App-iOS,Cloud-synced-Todo-App-iOS,"It is a todo list app created using SwiftUI user Interface for iOS. It uses firebase firestore, firebase storage and firebase auth for storing notes, saving profile file picture and authenticating users.","dependency-injection,firebase,firebase-auth,firebase-firestore-database,firebase-realtime-database,firebase-storage,ios-app-development,learning,model-view-viewmodel,mvvm-architecture,singleton-pattern,swift,swift5,swiftui",4,1,4,0,Swift,2023-09-01T17:13:25Z,2024-08-22T03:09:01Z,https://github.com/amanbind007/Cloud-synced-Todo-App-iOS
